id,title,price,stock,category
1,Xiaomi Mobile 431,36493.36,467,Electronics
2,boAt Mobile 487,66756.93,41,Electronics
3,Xiaomi Mobile 962,19260.16,42,Electronics
4,Milton Fan 963,1374.12,486,Home
5,Cosco Dumbbell Set 150,386.16,382,Fitness
6,Nivia Dumbbell Set 633,3411.23,285,Fitness
7,Cosco Dumbbell Set 568,1054.69,369,Fitness
8,Logitech USB Cable 660,1056.56,ten,Accessories
9,Philips Fan 526,-7182.62,10,Home
10,Logitech Charger 427,514.45,132,Accessories
11,Milton Fan 801,2694.31,51,Home
12,Prestige Lamp 541,2613.87,201,Home
13,boAt Mobile 209,13540.11,73,Electronics
14,Nivia Yoga Mat 396,247.25,153,Fitness
15,Prestige Water Bottle 732,2344.61,296,Home
16,Nivia Gym Bag 372,4145.73,271,Fitness
17,Bajaj Lamp 780,5771.55,129,Home
18,Realme Laptop 438,68622.98,497,Electronics
19,Havells Iron 821,2031.48,107,Home
20,Samsung Tablet 180,44506.64,360,Electronics
21,Lenovo Tablet 633,37231.67,403,Electronics
22,Decathlon Yoga Mat 509,3880.27,117,Fitness
23,Logitech Earbuds 693,1678.86,201,Accessories
24,Realme Speaker 998,38645.17,189,Electronics
25,Anker USB Cable 340,2799.59,2,Accessories
26,Logitech Keyboard 749,876.38,77,Accessories
27,Bajaj Iron 897,3975.12,52,Home
28,Logitech Mouse 554,728.71,197,Accessories
29,Nivia Yoga Mat 113,2225.99,464,Fitness
30,boAt Tablet 154,28425.16,239,Electronics
31,Zebronics Charger 569,163.60,255,Accessories
32,Decathlon Dumbbell Set 227,3886.97,312,Fitness
33,Portronics Charger 810,1763.46,73,Accessories
34,Boldfit Dumbbell Set 879,1997.85,218,Fitness
35,Boldfit Dumbbell Set 706,2324.93,415,Fitness
36,Zebronics Keyboard 702,378.38,330,Accessories
37,Philips Fan 873,4267.61,415,Home
38,Nivia Yoga Mat 784,2618.72,99,Fitness
39,Zebronics Earbuds 347,3758.58,275,Accessories
40,Adidas Yoga Mat 542,4324.71,75,Fitness
41,Zebronics Earbuds 903,2843.22,52,Accessories
42,Decathlon Skipping Rope 501,3338.76,115,Fitness
43,Samsung Speaker 809,66255.35,237,Electronics
44,Ambrane Charger 247,2131.37,267,Accessories
45,Logitech Power Bank 864,2299.93,55,Accessories
46,Adidas Yoga Mat 795,4103.31,403,Fitness
47,Prestige Iron 717,5777.84,410,Home
48,Boldfit Yoga Mat 767,2231.14,416,Fitness
49,Bajaj Fan 687,,407,Home
50,Philips Fan 231,6494.98,369,Home
51,Portronics Keyboard 723,924.33,79,Accessories
52,Ambrane Earbuds 318,895.34,158,Accessories
53,Philips Lamp 152,6807.47,233,Home
54,Havells Fan 802,2134.31,139,Home
55,Ambrane Mouse 247,2264.48,431,Accessories
56,Xiaomi Tablet 666,53044.22,148,Electronics
57,Lenovo Smartwatch 250,60103.94,431,Electronics
58,Bajaj Kettle 513,3295.89,485,Home
59,Anker USB Cable 165,1315.97,34,Accessories
60,Havells Iron 115,3097.63,491,Home
61,Xiaomi Mobile 122,54121.62,454,Electronics
62,Samsung Monitor 853,86355.12,419,Electronics
63,Portronics Charger 509,3579.06,100,Accessories
64,Decathlon Yoga Mat 440,1827.16,0,Fitness
65,Havells Lamp 801,6715.64,26,Home
66,Philips Lamp 356,652.87,308,Home
67,Xiaomi Laptop 369,38217.03,454,Electronics
68,Decathlon Skipping Rope 759,2489.48,80,Fitness
69,Zebronics Power Bank 140,3410.38,380,Accessories
70,boAt Speaker 808,21910.72,62,Electronics
71,Havells Lamp 806,1877.55,6,Home
72,Realme Tablet 756,87152.46,261,Electronics
73,Adidas Yoga Mat 795,3249.05,252,Fitness
74,Anker USB Cable 753,2694.10,273,Accessories
75,Philips Lamp 840,6772.33,474,Home
76,Bajaj Mixer Grinder 942,1834.24,369,Home
77,Logitech Charger 891,3161.24,362,Accessories
78,Anker Mouse 226,3914.44,217,Accessories
79,Cosco Gym Bag 487,1162.24,496,Fitness
80,Havells Mixer Grinder 224,4653.91,380,Home
81,Philips Fan 846,3448.28,331,Home
82,Xiaomi Mobile 824,39465.73,78,Electronics
83,Adidas Yoga Mat 312,1844.72,N/A,Fitness
84,Samsung Mobile 938,39891.78,68,Electronics
85,Nivia Gym Bag 810,2257.61,50,Fitness
86,Anker Mouse 562,2219.51,22,Accessories
87,Philips Mixer Grinder 167,7926.28,84,Home
88,Nivia Dumbbell Set 490,2594.07,5,Fitness
89,boAt Mobile 176,68782.21,140,Electronics
90,Zebronics Mouse 840,3438.12,52,Accessories
91,Lenovo Laptop 914,83655.63,211,Electronics
92,Decathlon Gym Bag 558,2586.53,317,Fitness
93,Philips Kettle 370,2731.79,450,Home
94,Ambrane Earbuds 641,1566.83,83,Accessories
95,Nivia Skipping Rope 800,3773.08,181,Fitness
96,Philips Iron 162,7020.94,0,Home
97,Realme Speaker 887,40084.03,493,Electronics
98,Decathlon Dumbbell Set 323,1597.19,412,Fitness
99,Bajaj Iron 828,6791.67,378,Home
100,Decathlon Resistance Band 192,3033.51,129,Fitness
101,Realme Smartwatch 559,30828.47,218,Electronics
102,Havells Water Bottle 742,2304.62,137,Home
103,Samsung Laptop 842,37996.22,285,Electronics
104,Ambrane Power Bank 804,2883.46,135,Accessories
105,Lenovo Mobile 942,62998.52,121,Electronics
106,Decathlon Yoga Mat 390,2866.62,156,Fitness
107,Milton Lamp 918,4272.87,265,Home
108,Lenovo Monitor 642,45251.73,327,Electronics
109,Realme Monitor 720,60973.54,359,Electronics
110,Ambrane Mouse 978,1075.86,311,Accessories
111,Portronics Keyboard 591,3900.53,379,Accessories
112,Ambrane Earbuds 828,1766.29,144,Accessories
113,Milton Lamp 120,1698.54,4,Home
114,Philips Iron 167,1505.29,26,Home
115,Boldfit Yoga Mat 436,4513.83,385,Fitness
116,Philips Iron 803,6642.57,308,Home
117,Samsung Tablet 283,86008.36,59,Electronics
118,Prestige Iron 491,6937.06,344,Home
119,Boldfit Gym Bag 640,713.19,255,Fitness
120,Decathlon Yoga Mat 451,3817.78,260,Fitness
121,boAt Tablet 766,10985.17,108,Electronics
122,Lenovo Smartwatch 828,59247.34,244,Electronics
123,Cosco Yoga Mat 681,582.70,143,Fitness
124,Bajaj Lamp 533,2730.30,300,Home
125,Prestige Water Bottle 979,480.14,280,Home
126,Boldfit Skipping Rope 776,755.93,59,Fitness
127,Realme Monitor 461,69566.93,84,Electronics
128,Milton Iron 849,735.93,382,Home
129,Portronics Mouse 724,3396.47,218,Accessories
130,Decathlon Skipping Rope 963,1052.35,188,Fitness
131,Anker Mouse 117,3799.95,95,Accessories
132,Havells Mixer Grinder 365,2983.92,324,Home
133,Samsung Monitor 681,34624.28,287,Electronics
134,Lenovo Speaker 754,53281.17,489,Electronics
135,Xiaomi Monitor 494,12705.36,98,Electronics
136,Bajaj Kettle 558,5235.06,176,Home
137,Logitech Power Bank 813,2840.69,317,Accessories
138,Ambrane Keyboard 666,1168.19,80,Accessories
139,Havells Water Bottle 815,2888.15,384,Home
140,Samsung Smartwatch 643,6578.94,421,Electronics
141,Milton Lamp 208,397.42,222,Home
142,Zebronics USB Cable 796,3785.01,51,Accessories
143,Decathlon Yoga Mat 841,2992.40,371,Fitness
144,Xiaomi Tablet 999,8291.58,146,Electronics
145,Portronics Charger 194,2084.63,149,Accessories
146,boAt Speaker 583,9650.78,143,Electronics
147,Nivia Dumbbell Set 320,578.01,414,Fitness
148,Zebronics Power Bank 223,1880.83,275,Accessories
149,Decathlon Resistance Band 393,3241.75,346,Fitness
150,Bajaj Lamp 437,7348.25,346,Home
151,Samsung Mobile 149,26333.14,485,Electronics
152,Portronics Keyboard 935,2624.84,347,Accessories
153,Philips Water Bottle 312,2784.63,479,Home
154,Milton Kettle 852,4643.74,468,Home
155,Xiaomi Mobile 112,30598.95,363,Electronics
156,Xiaomi Monitor 653,27440.12,0,Electronics
157,Ambrane USB Cable 520,787.59,55,Accessories
158,Portronics Charger 767,559.63,3,Accessories
159,Havells Water Bottle 392,6196.59,137,Home
160,Nivia Resistance Band 904,4806.88,360,Fitness
161,Portronics Keyboard 972,270.55,47,Accessories
162,Samsung Speaker 785,19904.92,456,Electronics
163,Logitech Keyboard 309,770.16,325,Accessories
164,Lenovo Laptop 799,31579.62,300,Electronics
165,Portronics Earbuds 270,2279.58,167,Accessories
166,Portronics Keyboard 580,3817.80,13,Accessories
167,Boldfit Dumbbell Set 159,3074.41,366,Fitness
168,Adidas Dumbbell Set 688,3812.30,149,Fitness
169,Samsung Smartwatch 711,88148.55,330,Electronics
170,Zebronics USB Cable 363,2034.65,226,Accessories
171,Lenovo Speaker 936,21679.84,482,Electronics
172,Realme Smartwatch 964,77431.94,209,Electronics
173,Cosco Resistance Band 233,4448.41,336,Fitness
174,boAt Speaker 416,13672.00,441,Electronics
175,Boldfit Gym Bag 470,3360.76,245,Fitness
176,Ambrane Charger 663,3904.09,365,Accessories
177,Anker Mouse 482,2348.69,225,Accessories
178,Havells Lamp 633,-5552.58,9,Home
179,Zebronics Keyboard 808,2012.52,302,Accessories
180,Cosco Yoga Mat 847,4217.55,220,Fitness
181,Xiaomi Speaker 801,41315.83,455,Electronics
182,Anker Power Bank 269,3235.74,236,Accessories
183,Adidas Dumbbell Set 315,4818.39,190,Fitness
184,Decathlon Gym Bag 701,2035.38,361,Fitness
185,Cosco Skipping Rope 428,3161.31,32,Fitness
186,Logitech Earbuds 763,1786.79,77,Accessories
187,Boldfit Resistance Band 268,2491.60,28,Fitness
188,Logitech Mouse 224,1908.04,357,Accessories
189,Portronics Power Bank 824,2487.78,27,Accessories
190,Nivia Yoga Mat 350,4185.95,362,Fitness
191,Portronics Mouse 311,2354.15,400,Accessories
192,Milton Lamp 224,6716.72,269,Home
193,Realme Mobile 607,74405.61,19,Electronics
194,Cosco Gym Bag 226,1698.42,466,Fitness
195,Bajaj Lamp 771,5962.21,380,Home
196,boAt Tablet 185,68836.39,267,Electronics
197,Adidas Gym Bag 237,2395.46,494,Fitness
198,Zebronics USB Cable 632,1191.65,54,Accessories
199,Nivia Resistance Band 510,2935.62,338,Fitness
200,Lenovo Monitor 686,60260.94,362,Electronics
201,Ambrane Power Bank 141,2980.06,220,Accessories
202,Ambrane Power Bank 489,3621.02,79,Accessories
203,Bajaj Mixer Grinder 241,2886.03,78,Home
204,Xiaomi Smartwatch 870,75597.58,115,Electronics
205,boAt Monitor 823,44063.67,157,Electronics
206,Logitech Power Bank 963,2091.39,391,Accessories
207,Philips Water Bottle 758,687.70,194,Home
208,Nivia Dumbbell Set 787,3467.64,260,Fitness
209,Anker Earbuds 541,3942.98,0,Accessories
210,Realme Laptop 363,27930.75,201,Electronics
211,Nivia Dumbbell Set 207,997.43,63,Fitness
212,Prestige Mixer Grinder 414,5752.82,209,Home
213,Philips Iron 548,3271.70,198,Home
214,Cosco Dumbbell Set 857,4057.23,486,Fitness
215,Milton Lamp 260,6168.09,444,Home
216,Decathlon Gym Bag 241,4838.09,447,Fitness
217,Havells Water Bottle 427,320.24,84,Home
218,Nivia Resistance Band 720,3993.49,270,Fitness
219,Cosco Dumbbell Set 666,1043.89,143,Fitness
220,Realme Monitor 224,72086.81,203,Electronics
221,Realme Laptop 759,5338.99,306,Electronics
222,Xiaomi Smartwatch 202,46259.73,182,Electronics
223,Portronics Mouse 896,1140.14,247,Accessories
224,Xiaomi Speaker 349,13136.89,109,Electronics
225,Decathlon Yoga Mat 689,2799.18,0,Fitness
226,Realme Tablet 170,36483.15,419,Electronics
227,Adidas Skipping Rope 610,3806.28,266,Fitness
228,Cosco Resistance Band 486,584.08,86,Fitness
229,Nivia Gym Bag 330,2547.13,416,Fitness
230,Prestige Fan 925,6365.78,475,Home
231,Nivia Dumbbell Set 311,3151.63,35,Fitness
232,Nivia Resistance Band 233,2586.24,289,Fitness
233,Lenovo Monitor 598,47922.50,343,Electronics
234,Samsung Mobile 407,9198.13,75,Electronics
235,Zebronics Charger 648,2290.86,143,Accessories
236,Milton Mixer Grinder 732,5301.02,363,Home
237,Lenovo Laptop 377,59759.04,157,Electronics
238,Philips Kettle 479,3232.86,341,Home
239,Philips Iron 115,-899.49,438,Home
240,Prestige Kettle 816,5694.52,462,Home
241,Decathlon Resistance Band 579,892.71,302,Fitness
242,Anker USB Cable 443,432.98,173,Accessories
243,Logitech Mouse 752,1215.40,321,Accessories
244,Zebronics Earbuds 502,474.94,449,Accessories
245,boAt Laptop 168,57747.66,180,Electronics
246,Ambrane USB Cable 921,634.20,25,Accessories
247,Logitech Keyboard 147,3343.53,264,Accessories
248,Decathlon Skipping Rope 418,4155.03,152,Fitness
249,Portronics USB Cable 642,3493.09,312,Accessories
250,Decathlon Yoga Mat 297,4081.58,94,Fitness
251,Boldfit Resistance Band 828,3026.29,254,Fitness
252,Ambrane Power Bank 829,536.41,228,Accessories
253,Nivia Skipping Rope 730,4194.31,13,Fitness
254,Xiaomi Monitor 650,79489.07,203,Electronics
255,Lenovo Monitor 152,79007.70,44,Electronics
256,Philips Iron 820,4895.80,150,Home
257,Ambrane Power Bank 379,2552.56,386,Accessories
258,Portronics Mouse 103,3328.62,236,Accessories
259,Adidas Skipping Rope 248,630.34,275,Fitness
260,Adidas Skipping Rope 491,315.47,132,Fitness
261,Philips Lamp 546,4032.11,187,Home
262,Samsung Smartwatch 323,58252.14,374,Electronics
263,Nivia Resistance Band 525,2838.24,8,Fitness
264,Milton Water Bottle 552,5777.38,251,Home
265,Milton Lamp 240,5006.87,162,Home
266,Cosco Yoga Mat 980,244.58,217,Fitness
267,Lenovo Tablet 377,31602.64,368,Electronics
268,Logitech USB Cable 370,866.93,286,Accessories
269,Adidas Skipping Rope 447,4743.70,44,Fitness
270,Zebronics USB Cable 916,0,261,Accessories
271,Zebronics Power Bank 165,1605.32,97,Accessories
272,boAt Smartwatch 369,62669.28,450,Electronics
273,Realme Monitor 510,0,6,Electronics
274,Portronics Charger 838,3920.20,139,Accessories
275,Boldfit Dumbbell Set 399,2988.96,328,Fitness
276,Havells Mixer Grinder 275,4777.71,378,Home
277,boAt Tablet 425,74934.06,120,Electronics
278,Anker Mouse 361,2078.79,230,Accessories
279,Lenovo Speaker 136,59362.16,253,Electronics
280,Adidas Yoga Mat 497,3752.06,5,Fitness
281,Havells Mixer Grinder 670,4801.05,65,Home
282,Adidas Skipping Rope 271,519.20,484,Fitness
283,Xiaomi Speaker 391,45484.32,253,Electronics
284,Adidas Gym Bag 798,310.90,20,Fitness
285,Nivia Yoga Mat 912,3989.81,117,Fitness
286,boAt Speaker 863,47904.93,336,Electronics
287,Anker Keyboard 794,1484.21,349,Accessories
288,Xiaomi Mobile 384,80007.01,471,Electronics
289,Decathlon Skipping Rope 227,3657.75,285,Fitness
290,Boldfit Skipping Rope 477,-2382.83,321,Fitness
291,Cosco Gym Bag 143,3084.01,357,Fitness
292,Boldfit Resistance Band 916,4575.65,479,Fitness
293,Decathlon Resistance Band 736,2370.10,135,Fitness
294,Logitech Keyboard 810,3087.80,45,Accessories
295,Anker Earbuds 876,2510.65,256,Accessories
296,Prestige Iron 153,1698.26,342,Home
297,Xiaomi Mobile 443,10547.62,112,Electronics
298,Decathlon Gym Bag 421,206.09,162,Fitness
299,Philips Lamp 121,6266.13,191,Home
300,Decathlon Resistance Band 584,4112.29,16,Fitness
301,Milton Lamp 863,1551.63,474,Home
302,Bajaj Fan 701,1288.18,94,Home
303,Adidas Gym Bag 852,2318.61,222,Fitness
304,Ambrane Charger 808,3572.51,268,Accessories
305,Decathlon Skipping Rope 980,3201.67,5,Fitness
306,Philips Lamp 674,6303.50,372,Home
307,Logitech Earbuds 195,2651.46,150,Accessories
308,Logitech Mouse 556,-2703.18,32,Accessories
309,Prestige Iron 495,408.80,63,Home
310,Lenovo Smartwatch 336,18187.74,41,Electronics
311,Portronics Earbuds 887,774.18,365,Accessories
312,Ambrane Keyboard 256,3186.34,170,Accessories
313,Lenovo Speaker 860,59382.84,377,Electronics
314,Logitech Power Bank 485,533.76,150,Accessories
315,Prestige Mixer Grinder 418,2177.28,317,Home
316,Boldfit Yoga Mat 121,3319.56,256,Fitness
317,Decathlon Gym Bag 455,3079.75,120,Fitness
318,Adidas Dumbbell Set 591,1537.00,499,Fitness
319,Samsung Smartwatch 702,72378.89,249,Electronics
320,Bajaj Fan 568,5068.25,299,Home
321,Prestige Water Bottle 298,3423.34,411,Home
322,boAt Smartwatch 874,61460.14,302,Electronics
323,Anker Mouse 429,2491.04,94,Accessories
324,boAt Speaker 991,26310.22,265,Electronics
325,boAt Laptop 282,81020.44,220,Electronics
326,Philips Iron 900,5677.14,324,Home
327,boAt Smartwatch 681,32154.39,175,Electronics
328,Cosco Skipping Rope 297,1887.28,18,Fitness
329,Boldfit Dumbbell Set 747,1815.59,406,Fitness
330,Nivia Dumbbell Set 588,4248.05,30,Fitness
331,Ambrane Mouse 760,2640.95,347,Accessories
332,Milton Mixer Grinder 126,5987.44,146,Home
333,Havells Lamp 307,6048.47,353,Home
334,Nivia Yoga Mat 876,4795.11,200,Fitness
335,Realme Speaker 619,78864.60,312,Electronics
336,boAt Tablet 973,31024.34,100,Electronics
337,Prestige Kettle 520,5136.14,86,Home
338,boAt Speaker 719,29132.12,0,Electronics
339,Nivia Skipping Rope 583,4306.51,127,Fitness
340,Nivia Resistance Band 761,3261.90,235,Fitness
341,Decathlon Gym Bag 298,2592.55,194,Fitness
342,Ambrane Power Bank 657,2096.12,486,Accessories
343,Bajaj Iron 587,5340.84,380,Home
344,Milton Fan 834,7190.83,61,Home
345,Anker USB Cable 613,2838.84,386,Accessories
346,Havells Kettle 813,371.38,235,Home
347,Philips Mixer Grinder 371,4117.45,404,Home
348,Logitech Charger 337,1222.45,455,Accessories
349,boAt Monitor 870,79486.73,61,Electronics
350,Samsung Speaker 872,87496.41,184,Electronics
351,boAt Mobile 661,71548.69,388,Electronics
352,Boldfit Yoga Mat 683,1066.93,233,Fitness
353,Decathlon Skipping Rope 347,3430.29,130,Fitness
354,Cosco Dumbbell Set 884,3177.64,312,Fitness
355,Lenovo Mobile 614,30635.72,185,Electronics
356,Prestige Lamp 647,7011.44,10,Home
357,Anker Mouse 918,152.21,251,Accessories
358,Ambrane Charger 840,1914.38,451,Accessories
359,Zebronics Power Bank 518,1551.01,397,Accessories
360,Prestige Fan 228,7492.46,76,Home
361,boAt Monitor 830,40690.38,224,Electronics
362,Ambrane USB Cable 978,2176.13,44,Accessories
363,Realme Speaker 951,52087.60,383,Electronics
364,Logitech Power Bank 552,1357.55,394,Accessories
365,Adidas Dumbbell Set 706,1952.07,280,Fitness
366,Realme Mobile 665,-36088.84,160,Electronics
367,Adidas Gym Bag 691,3408.11,453,Fitness
368,Anker Keyboard 147,951.41,11,Accessories
369,Nivia Gym Bag 160,4059.13,294,Fitness
370,Anker Charger 589,3747.08,355,Accessories
371,Decathlon Yoga Mat 363,2316.91,100,Fitness
372,Nivia Dumbbell Set 909,421.94,250,Fitness
373,Lenovo Laptop 939,66879.27,317,Electronics
374,Prestige Fan 854,7691.64,495,Home
375,Adidas Yoga Mat 455,2701.13,184,Fitness
376,Bajaj Kettle 124,7973.17,103,Home
377,Cosco Skipping Rope 891,3374.09,375,Fitness
378,Logitech Mouse 458,2513.89,269,Accessories
379,Lenovo Speaker 334,25199.26,171,Electronics
380,Portronics Charger 554,3686.36,385,Accessories
381,Adidas Dumbbell Set 301,423.02,180,Fitness
382,Decathlon Skipping Rope 677,238.25,402,Fitness
383,Philips Lamp 495,5275.51,58,Home
384,Realme Tablet 289,-28225.45,43,Electronics
385,Decathlon Gym Bag 230,4852.76,203,Fitness
386,Xiaomi Speaker 355,81307.52,342,Electronics
387,Havells Lamp 297,904.12,498,Home
388,Nivia Resistance Band 928,748.31,443,Fitness
389,Prestige Water Bottle 866,N/A,23,Home
390,boAt Tablet 454,,236,Electronics
391,boAt Speaker 943,4129.72,216,Electronics
392,Lenovo Laptop 525,66235.18,431,Electronics
393,Samsung Mobile 649,48599.07,59,Electronics
394,Nivia Yoga Mat 676,2631.30,172,Fitness
395,boAt Laptop 394,21506.01,225,Electronics
396,Zebronics USB Cable 788,2256.14,9,Accessories
397,Xiaomi Smartwatch 957,82537.76,91,Electronics
398,Realme Smartwatch 402,34227.69,160,Electronics
399,boAt Smartwatch 143,59479.37,465,Electronics
400,Ambrane USB Cable 895,3772.69,163,Accessories
401,Cosco Dumbbell Set 972,3617.69,199,Fitness
402,Xiaomi Speaker 728,28040.60,355,Electronics
403,Bajaj Mixer Grinder 153,862.53,171,Home
404,Samsung Speaker 691,16502.20,430,Electronics
405,Portronics Earbuds 743,2534.69,372,Accessories
406,Milton Fan 411,1022.01,177,Home
407,boAt Monitor 373,69570.48,311,Electronics
408,Ambrane Power Bank 225,2112.73,179,Accessories
409,Bajaj Iron 950,5952.31,295,Home
410,Decathlon Yoga Mat 612,3826.92,382,Fitness
411,Decathlon Yoga Mat 819,2461.88,0,Fitness
412,Portronics Earbuds 634,3792.65,370,Accessories
413,Milton Mixer Grinder 206,2874.07,380,Home
414,Prestige Mixer Grinder 305,6876.65,364,Home
415,Logitech Power Bank 958,3863.67,225,Accessories
416,Logitech Keyboard 390,2743.51,101,Accessories
417,Realme Laptop 689,50846.89,459,Electronics
418,Logitech Keyboard 612,1058.76,478,Accessories
419,Lenovo Tablet 602,69275.08,436,Electronics
420,Samsung Tablet 172,23688.99,264,Electronics
421,Havells Lamp 985,1602.39,134,Home
422,Portronics Earbuds 177,2738.04,136,Accessories
423,Boldfit Yoga Mat 645,2022.52,66,Fitness
424,Adidas Skipping Rope 292,400.48,93,Fitness
425,Anker Earbuds 117,1999.35,400,Accessories
426,Nivia Skipping Rope 301,4824.96,235,Fitness
427,Lenovo Smartwatch 459,23276.67,120,Electronics
428,boAt Speaker 495,32353.40,146,Electronics
429,Ambrane USB Cable 223,240.50,107,Accessories
430,Zebronics USB Cable 552,1094.39,291,Accessories
431,Xiaomi Speaker 872,54263.30,108,Electronics
432,Samsung Speaker 911,7330.81,212,Electronics
433,Portronics Mouse 212,912.38,231,Accessories
434,Ambrane Keyboard 307,2211.35,412,Accessories
435,Milton Mixer Grinder 295,7597.83,347,Home
436,Xiaomi Monitor 410,81928.12,32,Electronics
437,Milton Iron 936,5869.26,2,Home
438,Lenovo Tablet 419,46886.71,0,Electronics
439,Anker Keyboard 571,3066.27,460,Accessories
440,Nivia Skipping Rope 297,700.84,211,Fitness
441,Milton Water Bottle 401,5860.01,167,Home
442,Realme Speaker 924,17240.92,170,Electronics
443,Havells Lamp 325,5282.84,467,Home
444,Xiaomi Tablet 786,64982.57,384,Electronics
445,Portronics USB Cable 930,3913.01,276,Accessories
446,Nivia Skipping Rope 466,2118.25,263,Fitness
447,Philips Fan 522,2053.92,446,Home
448,Lenovo Speaker 909,83780.82,256,Electronics
449,Realme Tablet 839,79635.19,454,Electronics
450,Milton Iron 141,2325.97,140,Home
451,Lenovo Smartwatch 780,15779.84,242,Electronics
452,Zebronics Power Bank 589,260.55,295,Accessories
453,Boldfit Gym Bag 826,1309.61,51,Fitness
454,Cosco Dumbbell Set 642,1914.78,257,Fitness
455,Bajaj Iron 460,3576.38,360,Home
456,Boldfit Dumbbell Set 228,3644.11,0,Fitness
457,Nivia Resistance Band 411,4487.43,182,Fitness
458,Boldfit Resistance Band 385,3201.69,281,Fitness
459,Boldfit Resistance Band 301,592.62,382,Fitness
460,Realme Mobile 113,10895.64,108,Electronics
461,Bajaj Fan 392,4931.97,112,Home
462,Xiaomi Monitor 973,11626.48,354,Electronics
463,Boldfit Yoga Mat 631,1580.11,309,Fitness
464,Nivia Resistance Band 593,1761.76,253,Fitness
465,Bajaj Lamp 989,4774.21,133,Home
466,Xiaomi Speaker 860,80298.67,309,Electronics
467,Nivia Gym Bag 765,2318.62,184,Fitness
468,Cosco Skipping Rope 339,1312.40,22,Fitness
469,Xiaomi Speaker 136,5759.92,452,Electronics
470,Anker Power Bank 237,3459.76,162,Accessories
471,Boldfit Gym Bag 697,548.82,209,Fitness
472,Philips Iron 323,998.83,240,Home
473,Havells Kettle 750,6813.69,490,Home
474,Philips Lamp 541,7242.61,229,Home
475,Ambrane Charger 554,468.87,327,Accessories
476,Logitech USB Cable 537,1497.18,282,Accessories
477,Havells Water Bottle 539,6428.01,240,Home
478,Havells Kettle 715,2633.22,305,Home
479,Ambrane Earbuds 586,717.31,313,Accessories
480,Lenovo Laptop 686,41461.00,208,Electronics
481,Samsung Laptop 797,16905.42,82,Electronics
482,Lenovo Monitor 963,8346.47,335,Electronics
483,Xiaomi Mobile 430,69871.03,169,Electronics
484,Nivia Yoga Mat 368,2715.12,317,Fitness
485,Prestige Mixer Grinder 867,337.51,398,Home
486,Nivia Dumbbell Set 689,1919.50,335,Fitness
487,Decathlon Yoga Mat 335,455.47,94,Fitness
488,Samsung Monitor 744,43560.05,357,Electronics
489,Prestige Water Bottle 128,892.27,ten,Home
490,Realme Mobile 999,34898.05,107,Electronics
491,Philips Fan 287,4786.39,249,Home
492,Cosco Skipping Rope 437,,425,Fitness
493,Anker USB Cable 223,1790.91,500,Accessories
494,Philips Mixer Grinder 157,5522.26,107,Home
495,Milton Water Bottle 219,488.64,456,Home
496,Realme Laptop 683,31215.48,29,Electronics
497,Ambrane Power Bank 836,2120.13,209,Accessories
498,Xiaomi Mobile 939,-73131.46,446,Electronics
499,Realme Mobile 863,11104.98,360,Electronics
500,Decathlon Gym Bag 463,4672.63,445,Fitness
501,Milton Mixer Grinder 915,1697.82,110,Home
502,boAt Speaker 406,58332.78,92,Electronics
503,Adidas Skipping Rope 376,4553.53,326,Fitness
504,Philips Kettle 518,2475.41,298,Home
505,Lenovo Monitor 347,23534.78,231,Electronics
506,Realme Mobile 184,86289.47,458,Electronics
507,Boldfit Dumbbell Set 630,2483.73,101,Fitness
508,Havells Mixer Grinder 211,1674.97,306,Home
509,Ambrane Mouse 301,232.19,209,Accessories
510,Zebronics Charger 214,701.95,351,Accessories
511,Realme Speaker 850,40995.09,116,Electronics
512,Zebronics Charger 156,0,294,Accessories
513,Decathlon Skipping Rope 428,3833.23,70,Fitness
514,Havells Mixer Grinder 609,7588.08,377,Home
515,Adidas Resistance Band 292,1506.24,165,Fitness
516,Milton Kettle 512,712.23,344,Home
517,Milton Fan 422,6038.67,491,Home
518,Realme Mobile 297,17621.39,311,Electronics
519,Nivia Skipping Rope 110,N/A,106,Fitness
520,Logitech Charger 696,,364,Accessories
521,Lenovo Mobile 985,57939.05,61,Electronics
522,Prestige Mixer Grinder 738,7392.72,280,Home
523,Lenovo Mobile 245,23682.24,142,Electronics
524,Milton Fan 592,1276.18,280,Home
525,Lenovo Smartwatch 705,48498.53,237,Electronics
526,Adidas Resistance Band 270,3807.83,258,Fitness
527,Bajaj Mixer Grinder 872,6032.75,370,Home
528,Boldfit Dumbbell Set 180,4470.26,181,Fitness
529,Portronics Keyboard 680,1300.21,324,Accessories
530,Xiaomi Smartwatch 140,18106.27,204,Electronics
531,Adidas Gym Bag 158,free,61,Fitness
532,Prestige Fan 418,1029.79,283,Home
533,Nivia Resistance Band 326,4320.50,65,Fitness
534,Boldfit Yoga Mat 986,2326.77,189,Fitness
535,Adidas Skipping Rope 581,3769.08,211,Fitness
536,Philips Kettle 665,3773.22,303,Home
537,Lenovo Tablet 331,26643.45,429,Electronics
538,boAt Speaker 334,83387.66,465,Electronics
539,Havells Kettle 270,2602.96,3,Home
540,Lenovo Smartwatch 290,89756.78,480,Electronics
541,Ambrane Charger 658,1231.15,159,Accessories
542,Cosco Skipping Rope 139,395.08,76,Fitness
543,Portronics Power Bank 923,1390.32,459,Accessories
544,Havells Fan 920,2191.76,191,Home
545,Portronics Charger 756,2269.82,262,Accessories
546,Boldfit Skipping Rope 543,4331.44,388,Fitness
547,Bajaj Fan 861,3675.38,437,Home
548,Lenovo Speaker 270,70299.41,400,Electronics
549,Adidas Yoga Mat 483,2359.87,72,Fitness
550,Boldfit Dumbbell Set 632,2127.02,262,Fitness
551,Zebronics Keyboard 143,3241.63,88,Accessories
552,Cosco Dumbbell Set 511,3697.40,408,Fitness
553,Samsung Mobile 906,58908.73,425,Electronics
554,Decathlon Resistance Band 477,4461.17,424,Fitness
555,Nivia Yoga Mat 643,4587.11,242,Fitness
556,boAt Mobile 252,77933.91,184,Electronics
557,Lenovo Monitor 487,71389.67,177,Electronics
558,Anker Power Bank 569,3236.81,488,Accessories
559,Decathlon Resistance Band 824,3650.07,459,Fitness
560,Bajaj Water Bottle 192,1330.89,204,Home
561,boAt Laptop 429,33217.85,168,Electronics
562,Nivia Resistance Band 832,1248.26,133,Fitness
563,Cosco Dumbbell Set 321,3460.52,156,Fitness
564,Prestige Fan 838,6936.13,371,Home
565,Boldfit Yoga Mat 385,free,433,Fitness
566,Boldfit Resistance Band 421,581.91,169,Fitness
567,Bajaj Lamp 943,1287.17,9,Home
568,Prestige Fan 828,6660.75,0,Home
569,Adidas Gym Bag 322,4535.48,0,Fitness
570,Ambrane Keyboard 481,2759.22,12,Accessories
571,Portronics Mouse 668,2002.03,74,Accessories
572,Cosco Skipping Rope 879,3049.83,486,Fitness
573,Prestige Lamp 382,1886.27,318,Home
574,Anker Power Bank 127,3490.41,292,Accessories
575,Portronics Mouse 940,492.50,460,Accessories
576,Zebronics Mouse 635,3914.90,353,Accessories
577,Havells Fan 896,707.06,128,Home
578,Milton Water Bottle 305,1811.33,491,Home
579,Cosco Dumbbell Set 138,4406.14,282,Fitness
580,Samsung Laptop 354,69656.34,395,Electronics
581,Ambrane Charger 531,3429.43,446,Accessories
582,Samsung Smartwatch 546,79164.07,482,Electronics
583,Havells Iron 110,5097.41,many,Home
584,Havells Fan 235,5048.90,270,Home
585,Nivia Gym Bag 318,4682.66,497,Fitness
586,Realme Speaker 818,76851.12,165,Electronics
587,Lenovo Tablet 968,82837.44,356,Electronics
588,Adidas Yoga Mat 208,1126.51,449,Fitness
589,Zebronics Charger 596,1811.71,495,Accessories
590,Zebronics USB Cable 232,2820.07,53,Accessories
591,Havells Lamp 573,4299.22,108,Home
592,Logitech Keyboard 763,2900.61,421,Accessories
593,boAt Monitor 225,68046.31,130,Electronics
594,Adidas Yoga Mat 139,1034.10,190,Fitness
595,Boldfit Dumbbell Set 401,3713.61,97,Fitness
596,Decathlon Skipping Rope 857,4995.87,11,Fitness
597,Realme Speaker 335,52325.18,210,Electronics
598,Zebronics USB Cable 469,3551.08,151,Accessories
599,Nivia Yoga Mat 953,4824.66,198,Fitness
600,Philips Fan 888,2334.36,308,Home
601,Portronics USB Cable 525,178.64,48,Accessories
602,Cosco Gym Bag 477,525.10,87,Fitness
603,Decathlon Gym Bag 103,4184.65,301,Fitness
604,Portronics Charger 657,2827.30,127,Accessories
605,Realme Monitor 995,19661.43,382,Electronics
606,Prestige Mixer Grinder 706,2285.33,429,Home
607,Prestige Iron 341,7519.47,250,Home
608,Cosco Gym Bag 368,3721.57,31,Fitness
609,Prestige Iron 385,3226.87,264,Home
610,Zebronics USB Cable 557,1869.55,394,Accessories
611,Decathlon Skipping Rope 664,444.25,456,Fitness
612,boAt Monitor 961,31491.55,47,Electronics
613,Philips Fan 480,2188.95,191,Home
614,Philips Kettle 608,7769.53,370,Home
615,Anker Power Bank 337,1424.31,409,Accessories
616,Philips Fan 380,731.03,79,Home
617,Prestige Kettle 680,3388.97,449,Home
618,Samsung Laptop 394,46062.51,171,Electronics
619,Ambrane Power Bank 671,162.31,313,Accessories
620,Realme Monitor 414,69202.16,108,Electronics
621,Anker USB Cable 765,2188.42,143,Accessories
622,Zebronics Keyboard 914,1691.77,403,Accessories
623,Zebronics Charger 516,2761.10,107,Accessories
624,Logitech USB Cable 773,2267.37,81,Accessories
625,Logitech Power Bank 848,425.11,276,Accessories
626,Decathlon Yoga Mat 390,1348.19,126,Fitness
627,Milton Iron 688,6384.06,171,Home
628,Samsung Smartwatch 772,27150.70,431,Electronics
629,Milton Fan 297,6502.55,11,Home
630,Logitech Charger 749,3690.62,55,Accessories
631,Prestige Fan 686,1280.58,201,Home
632,boAt Speaker 452,35080.23,352,Electronics
633,Anker Charger 847,3370.51,33,Accessories
634,boAt Monitor 281,44812.72,393,Electronics
635,Philips Mixer Grinder 983,3200.86,414,Home
636,Decathlon Dumbbell Set 127,3042.27,203,Fitness
637,Lenovo Monitor 103,76647.90,62,Electronics
638,Decathlon Dumbbell Set 114,819.73,3,Fitness
639,Logitech Power Bank 509,1592.70,383,Accessories
640,Prestige Lamp 999,6748.76,215,Home
641,boAt Speaker 305,73283.05,59,Electronics
642,Anker Charger 790,2396.59,289,Accessories
643,Prestige Kettle 937,2467.11,338,Home
644,Ambrane Charger 646,813.71,425,Accessories
645,Ambrane Earbuds 230,0,27,Accessories
646,Realme Monitor 650,49652.09,30,Electronics
647,Cosco Yoga Mat 371,2876.35,447,Fitness
648,Portronics Mouse 862,2419.47,4,Accessories
649,Adidas Gym Bag 620,2371.13,465,Fitness
650,boAt Monitor 394,25475.38,39,Electronics
651,Philips Mixer Grinder 940,2012.28,0,Home
652,Decathlon Gym Bag 217,4615.41,316,Fitness
653,Havells Lamp 218,5179.95,271,Home
654,Havells Lamp 911,6592.72,247,Home
655,Nivia Resistance Band 575,4335.54,ten,Fitness
656,Cosco Skipping Rope 542,3352.69,129,Fitness
657,Cosco Yoga Mat 961,1498.16,23,Fitness
658,Nivia Dumbbell Set 189,1767.94,30,Fitness
659,Philips Kettle 468,7473.92,451,Home
660,Ambrane Power Bank 327,1203.54,194,Accessories
661,Samsung Tablet 763,63724.36,439,Electronics
662,Milton Kettle 946,5928.77,157,Home
663,Portronics Power Bank 729,3032.14,487,Accessories
664,Philips Kettle 236,7749.65,100,Home
665,Nivia Dumbbell Set 327,3273.01,260,Fitness
666,Lenovo Laptop 370,70642.56,441,Electronics
667,Anker Mouse 685,3170.69,458,Accessories
668,Havells Lamp 523,6595.74,426,Home
669,Boldfit Skipping Rope 134,1734.03,184,Fitness
670,Portronics Keyboard 354,360.84,406,Accessories
671,Prestige Kettle 336,1921.69,377,Home
672,Cosco Yoga Mat 373,2335.39,60,Fitness
673,Logitech USB Cable 460,1241.18,274,Accessories
674,Nivia Gym Bag 216,2838.69,138,Fitness
675,Anker USB Cable 319,1631.20,369,Accessories
676,Prestige Water Bottle 197,3830.13,259,Home
677,Xiaomi Smartwatch 373,23598.85,469,Electronics
678,Bajaj Mixer Grinder 699,1955.11,47,Home
679,Anker Mouse 149,1996.45,291,Accessories
680,Samsung Mobile 223,24729.59,161,Electronics
681,Bajaj Kettle 242,5673.78,350,Home
682,Havells Kettle 385,5102.24,394,Home
683,Bajaj Water Bottle 555,4080.67,405,Home
684,Realme Monitor 756,9066.90,358,Electronics
685,Prestige Fan 856,4593.92,432,Home
686,Portronics Mouse 633,2697.80,230,Accessories
687,Boldfit Resistance Band 256,2425.39,73,Fitness
688,Adidas Yoga Mat 664,1107.86,67,Fitness
689,Philips Fan 370,4213.95,0,Home
690,Ambrane Keyboard 701,3136.74,39,Accessories
691,Xiaomi Laptop 768,63229.78,114,Electronics
692,Havells Fan 397,1384.25,251,Home
693,Logitech Earbuds 401,3199.13,many,Accessories
694,Logitech USB Cable 779,1044.59,290,Accessories
695,Realme Tablet 976,52997.33,67,Electronics
696,Portronics Power Bank 776,3862.81,317,Accessories
697,Decathlon Resistance Band 679,4211.85,413,Fitness
698,Lenovo Mobile 492,45933.99,264,Electronics
699,Adidas Resistance Band 262,4168.28,198,Fitness
700,Portronics Earbuds 444,364.10,426,Accessories
701,Xiaomi Speaker 812,81970.36,369,Electronics
702,Adidas Gym Bag 576,1820.14,262,Fitness
703,Samsung Speaker 714,23010.07,57,Electronics
704,Adidas Yoga Mat 458,293.04,115,Fitness
705,Portronics Power Bank 710,2660.52,400,Accessories
706,Lenovo Tablet 881,89411.24,280,Electronics
707,Portronics Power Bank 521,3650.52,479,Accessories
708,Decathlon Skipping Rope 697,4006.65,263,Fitness
709,Samsung Speaker 712,21081.29,469,Electronics
710,Samsung Smartwatch 848,39514.46,276,Electronics
711,Milton Water Bottle 299,6087.93,162,Home
712,Havells Water Bottle 309,7469.14,209,Home
713,Portronics Earbuds 882,-2648.44,283,Accessories
714,Adidas Gym Bag 202,697.64,325,Fitness
715,Decathlon Gym Bag 226,4461.91,50,Fitness
716,Philips Mixer Grinder 155,7503.29,50,Home
717,Cosco Dumbbell Set 721,4197.63,411,Fitness
718,Boldfit Yoga Mat 290,2252.09,253,Fitness
719,Boldfit Gym Bag 756,4066.44,386,Fitness
720,Milton Lamp 721,6434.52,224,Home
721,Nivia Gym Bag 453,4935.74,245,Fitness
722,Logitech Earbuds 315,1601.46,414,Accessories
723,Portronics Power Bank 184,1390.74,473,Accessories
724,Cosco Skipping Rope 533,861.57,333,Fitness
725,Anker Earbuds 206,2682.47,493,Accessories
726,Ambrane Earbuds 363,1662.55,16,Accessories
727,Decathlon Gym Bag 961,4370.28,426,Fitness
728,Philips Kettle 983,933.42,16,Home
729,Boldfit Resistance Band 721,2636.28,106,Fitness
730,Zebronics Earbuds 410,1623.14,319,Accessories
731,Prestige Iron 679,761.06,169,Home
732,Xiaomi Tablet 886,43513.86,118,Electronics
733,Samsung Tablet 239,63530.11,57,Electronics
734,Zebronics Keyboard 822,3470.96,461,Accessories
735,Havells Fan 562,2717.52,22,Home
736,Milton Fan 508,5503.50,334,Home
737,Philips Water Bottle 976,5709.02,458,Home
738,Bajaj Fan 214,3305.64,304,Home
739,Philips Water Bottle 854,7246.61,271,Home
740,boAt Mobile 145,23642.78,440,Electronics
741,Milton Iron 667,701.78,479,Home
742,Adidas Dumbbell Set 589,4937.55,432,Fitness
743,boAt Speaker 473,60321.09,N/A,Electronics
744,Adidas Skipping Rope 617,4313.35,342,Fitness
745,Boldfit Resistance Band 403,2132.65,21,Fitness
746,Prestige Mixer Grinder 180,1501.17,347,Home
747,Xiaomi Smartwatch 850,86736.47,14,Electronics
748,Realme Tablet 595,14079.81,315,Electronics
749,Xiaomi Laptop 213,12340.26,293,Electronics
750,Havells Iron 456,7832.68,480,Home
751,boAt Laptop 729,49840.67,234,Electronics
752,Bajaj Iron 567,5996.98,500,Home
753,Adidas Resistance Band 254,335.17,382,Fitness
754,Anker Power Bank 176,1095.82,150,Accessories
755,Prestige Water Bottle 165,3229.45,369,Home
756,Milton Fan 959,2762.20,363,Home
757,Anker Charger 194,2889.82,32,Accessories
758,Prestige Kettle 316,5778.29,72,Home
759,Xiaomi Monitor 651,43083.09,110,Electronics
760,Zebronics Keyboard 501,2032.68,161,Accessories
761,Logitech Charger 380,3180.52,218,Accessories
762,Cosco Skipping Rope 472,498.20,308,Fitness
763,Prestige Mixer Grinder 151,1855.73,72,Home
764,Milton Water Bottle 615,351.04,327,Home
765,Ambrane Keyboard 628,3482.89,483,Accessories
766,Bajaj Fan 742,3145.87,200,Home
767,Nivia Yoga Mat 100,3983.85,109,Fitness
768,Prestige Mixer Grinder 508,3719.20,163,Home
769,Boldfit Dumbbell Set 128,2582.49,317,Fitness
770,Zebronics Keyboard 640,2759.53,297,Accessories
771,boAt Tablet 925,6218.02,167,Electronics
772,Havells Mixer Grinder 198,5270.92,354,Home
773,boAt Mobile 579,35951.62,277,Electronics
774,Adidas Dumbbell Set 847,4518.33,53,Fitness
775,Prestige Lamp 335,3000.24,195,Home
776,Anker Earbuds 529,1832.25,0,Accessories
777,Adidas Gym Bag 189,239.17,489,Fitness
778,Milton Lamp 292,957.03,262,Home
779,Nivia Dumbbell Set 891,518.40,329,Fitness
780,Prestige Water Bottle 279,7957.85,273,Home
781,Adidas Dumbbell Set 118,-1721.57,466,Fitness
782,Havells Fan 604,3199.61,33,Home
783,Portronics Charger 977,243.08,134,Accessories
784,Prestige Lamp 826,5243.67,252,Home
785,Prestige Mixer Grinder 504,5078.58,331,Home
786,Samsung Tablet 781,45740.06,39,Electronics
787,Bajaj Mixer Grinder 915,5286.21,221,Home
788,Prestige Water Bottle 725,6248.96,350,Home
789,boAt Laptop 685,66336.57,267,Electronics
790,Realme Smartwatch 524,6759.28,218,Electronics
791,Decathlon Dumbbell Set 306,4353.66,87,Fitness
792,boAt Smartwatch 518,34259.70,223,Electronics
793,Zebronics USB Cable 984,260.00,244,Accessories
794,Lenovo Laptop 239,9154.19,171,Electronics
795,Decathlon Skipping Rope 776,3280.07,199,Fitness
796,Boldfit Skipping Rope 466,728.36,255,Fitness
797,Xiaomi Mobile 813,54920.42,396,Electronics
798,Xiaomi Tablet 749,77025.37,375,Electronics
799,Ambrane Earbuds 653,2635.11,394,Accessories
800,Prestige Kettle 667,5735.29,193,Home
801,Cosco Yoga Mat 797,4826.97,351,Fitness
802,Samsung Tablet 639,31178.87,226,Electronics
803,Xiaomi Laptop 918,11831.07,15,Electronics
804,Prestige Lamp 552,1462.37,324,Home
805,Havells Kettle 221,1065.89,148,Home
806,Samsung Smartwatch 854,77189.23,117,Electronics
807,Logitech USB Cable 864,267.03,36,Accessories
808,Decathlon Dumbbell Set 721,1134.59,309,Fitness
809,Zebronics Charger 687,1565.60,346,Accessories
810,Logitech Earbuds 750,3185.32,413,Accessories
811,Boldfit Skipping Rope 454,2539.15,436,Fitness
812,Zebronics Mouse 609,1051.71,260,Accessories
813,Portronics Keyboard 766,1092.07,440,Accessories
814,Nivia Resistance Band 603,1901.76,102,Fitness
815,Xiaomi Tablet 863,84555.15,40,Electronics
816,Prestige Mixer Grinder 124,7840.28,239,Home
817,Anker Earbuds 709,2348.28,60,Accessories
818,Prestige Kettle 963,6937.45,50,Home
819,Logitech Power Bank 697,509.94,119,Accessories
820,Boldfit Dumbbell Set 215,2016.62,188,Fitness
821,Nivia Yoga Mat 970,4154.25,207,Fitness
822,Adidas Resistance Band 930,2692.73,112,Fitness
823,Bajaj Fan 962,4786.66,143,Home
824,Havells Mixer Grinder 862,1626.00,418,Home
825,Anker USB Cable 268,331.44,253,Accessories
826,Logitech Mouse 864,1626.81,451,Accessories
827,Xiaomi Mobile 873,31291.65,0,Electronics
828,Bajaj Lamp 225,6498.97,75,Home
829,Adidas Gym Bag 756,4684.68,338,Fitness
830,Milton Water Bottle 187,3796.87,450,Home
831,Lenovo Laptop 279,49689.09,44,Electronics
832,Milton Fan 808,1758.04,240,Home
833,Zebronics Charger 809,1382.60,69,Accessories
834,Logitech Earbuds 204,1447.52,19,Accessories
835,Boldfit Skipping Rope 629,3994.53,378,Fitness
836,Xiaomi Monitor 615,21466.18,390,Electronics
837,Portronics Charger 285,2571.92,118,Accessories
838,Samsung Monitor 653,46889.25,170,Electronics
839,boAt Tablet 855,22952.81,211,Electronics
840,boAt Monitor 490,67966.80,48,Electronics
841,Cosco Dumbbell Set 128,4973.72,164,Fitness
842,Bajaj Fan 957,1766.07,450,Home
843,Philips Mixer Grinder 467,7096.55,207,Home
844,Nivia Gym Bag 608,1617.69,467,Fitness
845,Decathlon Skipping Rope 645,4290.60,182,Fitness
846,Logitech Power Bank 268,3565.58,319,Accessories
847,Zebronics USB Cable 654,3960.45,258,Accessories
848,boAt Tablet 522,63974.83,381,Electronics
849,Xiaomi Monitor 581,47624.11,227,Electronics
850,Bajaj Iron 377,2054.83,457,Home
851,Prestige Water Bottle 781,655.75,327,Home
852,Ambrane Keyboard 476,3443.48,279,Accessories
853,boAt Speaker 130,22623.42,217,Electronics
854,Ambrane Earbuds 836,1422.26,61,Accessories
855,boAt Tablet 119,23521.74,54,Electronics
856,Philips Iron 825,2636.26,138,Home
857,Realme Speaker 850,58873.15,142,Electronics
858,Lenovo Tablet 878,46951.32,119,Electronics
859,Zebronics Keyboard 903,1498.80,418,Accessories
860,Philips Mixer Grinder 248,2631.15,82,Home
861,Prestige Water Bottle 698,7836.24,64,Home
862,Nivia Gym Bag 238,3564.05,94,Fitness
863,Decathlon Skipping Rope 799,4080.11,30,Fitness
864,Logitech Charger 634,409.97,294,Accessories
865,Portronics Earbuds 998,1679.45,307,Accessories
866,Prestige Iron 260,7859.69,319,Home
867,Zebronics Power Bank 588,1165.16,231,Accessories
868,Cosco Skipping Rope 188,4356.95,284,Fitness
869,Portronics Keyboard 400,615.94,500,Accessories
870,Decathlon Yoga Mat 938,765.37,338,Fitness
871,Logitech USB Cable 266,1412.67,202,Accessories
872,Xiaomi Laptop 359,23756.08,210,Electronics
873,Lenovo Speaker 144,7129.12,379,Electronics
874,Cosco Resistance Band 927,2001.22,83,Fitness
875,boAt Tablet 206,64818.87,391,Electronics
876,Boldfit Resistance Band 423,622.50,61,Fitness
877,Bajaj Kettle 773,5306.46,460,Home
878,Milton Kettle 784,4151.63,296,Home
879,Cosco Dumbbell Set 142,2058.92,19,Fitness
880,Boldfit Resistance Band 598,2531.27,311,Fitness
881,Realme Smartwatch 638,7048.36,221,Electronics
882,Lenovo Monitor 738,18297.19,329,Electronics
883,boAt Smartwatch 777,TBD,389,Electronics
884,Zebronics Power Bank 961,3791.22,55,Accessories
885,Logitech Charger 353,1933.90,339,Accessories
886,Philips Mixer Grinder 328,3788.75,194,Home
887,Adidas Resistance Band 984,4566.73,285,Fitness
888,Prestige Kettle 814,6532.61,217,Home
889,Logitech Keyboard 666,2470.82,214,Accessories
890,boAt Monitor 600,37866.50,33,Electronics
891,Portronics USB Cable 542,650.24,419,Accessories
892,Zebronics Power Bank 544,3371.57,2,Accessories
893,Cosco Resistance Band 257,4247.97,148,Fitness
894,Bajaj Lamp 141,6622.43,479,Home
895,Portronics Keyboard 842,3063.88,82,Accessories
896,Prestige Mixer Grinder 590,3826.93,434,Home
897,Prestige Mixer Grinder 664,7264.70,138,Home
898,Philips Kettle 102,4494.72,242,Home
899,Logitech Charger 986,3486.33,85,Accessories
900,Adidas Yoga Mat 784,,376,Fitness
901,Boldfit Yoga Mat 222,0,276,Fitness
902,Cosco Gym Bag 168,1712.47,128,Fitness
903,Lenovo Smartwatch 719,4857.97,161,Electronics
904,Philips Fan 943,1888.19,231,Home
905,Philips Kettle 976,350.58,162,Home
906,Ambrane Mouse 746,2026.56,263,Accessories
907,Portronics Power Bank 298,3697.37,466,Accessories
908,Lenovo Monitor 481,55912.70,400,Electronics
909,boAt Mobile 536,8277.68,369,Electronics
910,Boldfit Yoga Mat 432,1589.67,88,Fitness
911,Nivia Skipping Rope 566,3840.62,142,Fitness
912,Xiaomi Smartwatch 367,41778.69,58,Electronics
913,Lenovo Tablet 583,25017.18,327,Electronics
914,Logitech Charger 534,204.35,293,Accessories
915,Boldfit Yoga Mat 342,1215.41,226,Fitness
916,Logitech Keyboard 924,3260.36,295,Accessories
917,boAt Laptop 509,11682.03,384,Electronics
918,Milton Iron 530,4175.31,248,Home
919,Havells Kettle 829,1611.40,440,Home
920,Portronics USB Cable 613,619.68,459,Accessories
921,Logitech Power Bank 348,2874.32,256,Accessories
922,Philips Fan 339,7705.86,110,Home
923,boAt Laptop 897,18441.09,383,Electronics
924,Anker Mouse 148,325.74,454,Accessories
925,Cosco Dumbbell Set 261,3421.40,141,Fitness
926,Anker Keyboard 970,1245.12,135,Accessories
927,Xiaomi Speaker 780,13405.77,182,Electronics
928,Prestige Lamp 352,330.54,342,Home
929,Philips Mixer Grinder 181,7382.09,189,Home
930,Portronics Charger 853,3303.89,219,Accessories
931,Bajaj Iron 132,3689.19,225,Home
932,Prestige Fan 301,4986.54,183,Home
933,Zebronics Mouse 814,2121.99,483,Accessories
934,Lenovo Smartwatch 260,18777.01,57,Electronics
935,Boldfit Skipping Rope 818,2031.50,318,Fitness
936,Xiaomi Monitor 700,8461.52,122,Electronics
937,Zebronics Mouse 278,3046.73,364,Accessories
938,Havells Kettle 154,6379.83,323,Home
939,Zebronics Earbuds 434,643.81,60,Accessories
940,Logitech Keyboard 360,,175,Accessories
941,Realme Smartwatch 924,33885.59,147,Electronics
942,Logitech Charger 274,2061.41,0,Accessories
943,Ambrane Mouse 508,1215.89,466,Accessories
944,Nivia Gym Bag 207,1347.58,445,Fitness
945,Cosco Gym Bag 980,4630.61,133,Fitness
946,Zebronics Earbuds 499,2689.44,424,Accessories
947,Xiaomi Smartwatch 468,81543.95,296,Electronics
948,Boldfit Gym Bag 809,1961.89,8,Fitness
949,Decathlon Yoga Mat 291,3055.35,420,Fitness
950,Prestige Iron 330,5023.33,227,Home
951,Nivia Gym Bag 356,1321.05,47,Fitness
952,Logitech Mouse 456,1533.91,234,Accessories
953,Prestige Lamp 914,6723.12,233,Home
954,Logitech Charger 814,1717.97,489,Accessories
955,boAt Laptop 941,32006.59,482,Electronics
956,Zebronics Power Bank 363,714.13,327,Accessories
957,Ambrane Keyboard 436,1751.40,493,Accessories
958,Milton Lamp 957,4275.82,342,Home
959,Boldfit Yoga Mat 644,3547.32,168,Fitness
960,Anker Charger 366,381.67,0,Accessories
961,Havells Fan 564,6155.76,336,Home
962,Havells Mixer Grinder 285,7395.84,446,Home
963,Realme Mobile 964,54313.33,65,Electronics
964,Decathlon Yoga Mat 189,4477.51,157,Fitness
965,Anker Charger 897,1655.23,481,Accessories
966,Adidas Skipping Rope 701,962.15,104,Fitness
967,Lenovo Mobile 662,11547.63,292,Electronics
968,Zebronics Charger 286,1184.39,180,Accessories
969,Prestige Water Bottle 774,542.15,324,Home
970,Lenovo Speaker 575,79207.31,497,Electronics
971,Decathlon Yoga Mat 980,299.89,192,Fitness
972,Xiaomi Monitor 427,47073.98,403,Electronics
973,boAt Monitor 273,56348.70,151,Electronics
974,Cosco Gym Bag 242,3458.83,350,Fitness
975,Decathlon Yoga Mat 113,1139.44,442,Fitness
976,boAt Laptop 827,83900.87,94,Electronics
977,Milton Iron 650,4073.23,457,Home
978,Cosco Resistance Band 201,482.05,438,Fitness
979,Boldfit Resistance Band 379,3454.98,187,Fitness
980,Cosco Skipping Rope 224,1675.39,125,Fitness
981,Zebronics Mouse 325,161.51,250,Accessories
982,Nivia Gym Bag 958,2024.87,97,Fitness
983,Bajaj Kettle 542,3333.12,461,Home
984,Xiaomi Monitor 572,80922.33,236,Electronics
985,Decathlon Yoga Mat 450,2475.82,399,Fitness
986,Realme Speaker 781,87742.06,167,Electronics
987,Bajaj Water Bottle 352,4797.93,0,Home
988,Zebronics USB Cable 724,2077.30,227,Accessories
989,Cosco Yoga Mat 699,4002.61,125,Fitness
990,Prestige Iron 614,3709.70,431,Home
991,Adidas Dumbbell Set 828,4789.83,275,Fitness
992,Philips Mixer Grinder 187,3397.70,243,Home
993,Cosco Skipping Rope 614,438.49,432,Fitness
994,Cosco Yoga Mat 529,3046.81,418,Fitness
995,Bajaj Iron 394,2254.32,273,Home
996,Bajaj Lamp 195,4541.46,116,Home
997,Boldfit Resistance Band 903,2431.71,26,Fitness
998,Milton Kettle 846,1697.36,242,Home
999,Portronics Charger 487,220.95,254,Accessories
1000,Samsung Speaker 888,6205.06,304,Electronics
1001,Portronics Power Bank 639,987.41,284,Accessories
1002,Decathlon Skipping Rope 869,4039.14,392,Fitness
1003,Ambrane Charger 380,3133.81,275,Accessories
1004,Nivia Dumbbell Set 274,1158.44,327,Fitness
1005,Havells Fan 435,5061.68,403,Home
1006,Nivia Resistance Band 650,1081.50,131,Fitness
1007,Ambrane Earbuds 534,3795.29,0,Accessories
1008,Cosco Yoga Mat 547,4193.72,433,Fitness
1009,Boldfit Dumbbell Set 730,3391.66,292,Fitness
1010,Milton Iron 812,6694.77,440,Home
1011,Anker USB Cable 714,3294.39,6,Accessories
1012,Decathlon Gym Bag 777,1918.64,0,Fitness
1013,Adidas Resistance Band 462,4502.35,475,Fitness
1014,Philips Lamp 895,4658.06,82,Home
1015,Philips Water Bottle 310,2175.48,36,Home
1016,Nivia Dumbbell Set 579,3073.97,58,Fitness
1017,Zebronics Power Bank 724,878.20,303,Accessories
1018,Anker USB Cable 606,2100.74,303,Accessories
1019,Ambrane Mouse 857,2556.22,118,Accessories
1020,Boldfit Dumbbell Set 321,460.83,476,Fitness
1021,Ambrane Earbuds 786,1449.83,394,Accessories
1022,Ambrane USB Cable 540,3825.42,32,Accessories
1023,Bajaj Mixer Grinder 389,7933.60,99,Home
1024,Xiaomi Smartwatch 545,71764.49,349,Electronics
1025,Nivia Dumbbell Set 489,4064.21,455,Fitness
1026,Logitech Charger 571,1941.35,317,Accessories
1027,Logitech Earbuds 181,2490.46,423,Accessories
1028,Bajaj Fan 438,-3470.87,166,Home
1029,Havells Mixer Grinder 665,N/A,227,Home
1030,Portronics Power Bank 660,1757.72,291,Accessories
1031,Cosco Skipping Rope 813,544.75,473,Fitness
1032,Cosco Yoga Mat 634,4670.96,194,Fitness
1033,Portronics Earbuds 716,1303.88,283,Accessories
1034,Realme Smartwatch 199,69806.69,220,Electronics
1035,Cosco Yoga Mat 836,3427.94,186,Fitness
1036,Xiaomi Speaker 576,69863.66,139,Electronics
1037,Realme Mobile 815,83425.37,231,Electronics
1038,Philips Mixer Grinder 244,7549.65,247,Home
1039,Boldfit Yoga Mat 947,1416.98,181,Fitness
1040,Cosco Yoga Mat 812,568.37,382,Fitness
1041,Logitech Charger 776,2690.71,157,Accessories
1042,Samsung Mobile 904,16254.82,23,Electronics
1043,Philips Lamp 419,5206.24,82,Home
1044,Xiaomi Laptop 505,68684.22,160,Electronics
1045,boAt Monitor 626,5312.08,53,Electronics
1046,Lenovo Smartwatch 451,58942.53,382,Electronics
1047,Havells Mixer Grinder 655,3577.91,137,Home
1048,Logitech Charger 638,3083.16,229,Accessories
1049,Xiaomi Laptop 130,21830.41,461,Electronics
1050,Ambrane Mouse 443,3182.61,377,Accessories
1051,Nivia Yoga Mat 467,3934.47,71,Fitness
1052,Bajaj Lamp 955,5069.39,369,Home
1053,Xiaomi Speaker 740,38279.05,406,Electronics
1054,Portronics Charger 132,562.16,293,Accessories
1055,Cosco Gym Bag 790,2038.88,29,Fitness
1056,Realme Mobile 782,75482.30,401,Electronics
1057,Xiaomi Monitor 971,33064.44,393,Electronics
1058,Havells Mixer Grinder 583,3673.56,69,Home
1059,boAt Speaker 765,35250.10,226,Electronics
1060,Decathlon Resistance Band 964,2942.61,481,Fitness
1061,Philips Iron 532,6151.18,192,Home
1062,Milton Fan 951,7363.95,72,Home
1063,Bajaj Lamp 330,4167.75,440,Home
1064,Nivia Yoga Mat 951,4618.63,482,Fitness
1065,Lenovo Laptop 869,6610.79,0,Electronics
1066,Samsung Mobile 289,7851.26,118,Electronics
1067,Bajaj Water Bottle 116,2105.31,428,Home
1068,Bajaj Kettle 137,6825.02,171,Home
1069,Bajaj Water Bottle 949,1897.34,381,Home
1070,Bajaj Mixer Grinder 149,4546.88,88,Home
1071,Cosco Skipping Rope 701,4408.43,371,Fitness
1072,Milton Lamp 662,3744.82,135,Home
1073,Boldfit Dumbbell Set 891,1395.40,193,Fitness
1074,Decathlon Dumbbell Set 302,,194,Fitness
1075,Decathlon Skipping Rope 165,4355.83,413,Fitness
1076,Prestige Iron 789,1907.11,7,Home
1077,Prestige Mixer Grinder 417,2361.76,353,Home
1078,Anker Earbuds 582,2897.29,421,Accessories
1079,Cosco Yoga Mat 687,4499.37,457,Fitness
1080,Logitech USB Cable 299,2594.82,246,Accessories
1081,Havells Water Bottle 211,6218.16,353,Home
1082,boAt Smartwatch 475,51334.65,406,Electronics
1083,Anker USB Cable 288,2846.27,221,Accessories
1084,Ambrane Power Bank 432,1988.79,16,Accessories
1085,Milton Mixer Grinder 947,5206.55,43,Home
1086,Realme Smartwatch 153,37593.18,307,Electronics
1087,Portronics Earbuds 744,2357.92,263,Accessories
1088,Realme Speaker 341,26493.57,32,Electronics
1089,Ambrane USB Cable 923,3134.74,377,Accessories
1090,Cosco Resistance Band 406,295.22,32,Fitness
1091,Decathlon Yoga Mat 910,377.52,103,Fitness
1092,boAt Monitor 631,28726.56,254,Electronics
1093,Realme Smartwatch 318,11515.08,254,Electronics
1094,Logitech Charger 607,2907.38,74,Accessories
1095,Havells Kettle 875,786.81,213,Home
1096,Decathlon Dumbbell Set 446,4338.81,182,Fitness
1097,Realme Smartwatch 685,26241.72,497,Electronics
1098,Portronics Keyboard 607,1982.77,310,Accessories
1099,Lenovo Mobile 686,31461.34,478,Electronics
1100,boAt Mobile 218,45937.15,214,Electronics
1101,boAt Laptop 585,63108.16,103,Electronics
1102,Adidas Skipping Rope 749,459.87,358,Fitness
1103,Prestige Kettle 514,5749.24,219,Home
1104,Prestige Mixer Grinder 677,5208.19,82,Home
1105,Ambrane Mouse 836,1762.48,317,Accessories
1106,Samsung Smartwatch 689,13046.01,243,Electronics
1107,Havells Water Bottle 647,4207.11,434,Home
1108,Portronics USB Cable 519,678.86,292,Accessories
1109,Nivia Yoga Mat 243,4327.82,386,Fitness
1110,Realme Mobile 122,54079.85,34,Electronics
1111,Samsung Mobile 109,82557.15,202,Electronics
1112,Bajaj Mixer Grinder 823,2374.07,216,Home
1113,Logitech Power Bank 991,3925.83,346,Accessories
1114,Philips Fan 378,6084.45,215,Home
1115,Prestige Fan 897,4798.13,371,Home
1116,Portronics USB Cable 235,824.56,151,Accessories
1117,Nivia Gym Bag 665,4148.17,446,Fitness
1118,Zebronics USB Cable 400,3699.37,45,Accessories
1119,Realme Monitor 988,16265.54,497,Electronics
1120,Portronics USB Cable 970,892.08,127,Accessories
1121,Adidas Dumbbell Set 772,2133.70,495,Fitness
1122,Ambrane Earbuds 990,2912.68,294,Accessories
1123,Portronics USB Cable 225,1959.54,273,Accessories
1124,Samsung Tablet 671,44253.09,381,Electronics
1125,boAt Speaker 870,13970.49,78,Electronics
1126,Adidas Gym Bag 304,839.44,101,Fitness
1127,Anker Keyboard 177,1125.34,328,Accessories
1128,Havells Fan 205,6481.94,408,Home
1129,Boldfit Skipping Rope 685,4999.78,65,Fitness
1130,Decathlon Gym Bag 878,4989.38,408,Fitness
1131,Prestige Fan 267,2566.16,44,Home
1132,Samsung Smartwatch 491,29353.92,338,Electronics
1133,Philips Fan 228,1073.81,16,Home
1134,Lenovo Speaker 905,58038.16,109,Electronics
1135,Portronics Power Bank 487,2770.89,52,Accessories
1136,Ambrane USB Cable 353,2188.22,499,Accessories
1137,Anker Power Bank 538,269.27,312,Accessories
1138,Bajaj Water Bottle 145,954.80,289,Home
1139,Nivia Resistance Band 782,3156.28,13,Fitness
1140,Samsung Mobile 125,36592.53,305,Electronics
1141,Samsung Monitor 372,8569.85,123,Electronics
1142,Milton Lamp 449,2311.51,367,Home
1143,Cosco Yoga Mat 853,4092.13,66,Fitness
1144,Decathlon Skipping Rope 428,2491.75,147,Fitness
1145,Havells Mixer Grinder 187,TBD,300,Home
1146,Xiaomi Laptop 304,61366.85,81,Electronics
1147,Ambrane Charger 738,3881.33,367,Accessories
1148,Cosco Resistance Band 268,1102.18,352,Fitness
1149,Prestige Fan 344,7274.79,359,Home
1150,Logitech Power Bank 354,1578.81,222,Accessories
1151,Havells Mixer Grinder 829,5893.20,many,Home
1152,Zebronics Power Bank 431,1082.91,351,Accessories
1153,Prestige Mixer Grinder 924,1992.98,199,Home
1154,boAt Speaker 727,66770.51,447,Electronics
1155,Xiaomi Smartwatch 230,4285.89,338,Electronics
1156,Bajaj Kettle 945,4574.74,179,Home
1157,Samsung Mobile 894,28379.18,182,Electronics
1158,Realme Monitor 167,74898.47,181,Electronics
1159,Prestige Kettle 691,4574.86,351,Home
1160,Portronics Keyboard 408,435.53,109,Accessories
1161,Anker USB Cable 243,2286.41,96,Accessories
1162,Adidas Skipping Rope 385,1854.15,490,Fitness
1163,Adidas Resistance Band 322,363.12,392,Fitness
1164,Nivia Dumbbell Set 631,4389.53,107,Fitness
1165,Ambrane Power Bank 293,819.04,179,Accessories
1166,Bajaj Kettle 837,1107.02,179,Home
1167,Havells Kettle 317,6536.16,263,Home
1168,Prestige Water Bottle 382,7174.47,10,Home
1169,Anker Charger 580,1651.32,160,Accessories
1170,Havells Kettle 121,3622.67,477,Home
1171,Nivia Gym Bag 940,2190.85,401,Fitness
1172,Xiaomi Monitor 716,13768.62,140,Electronics
1173,Zebronics Power Bank 961,1020.87,316,Accessories
1174,Realme Tablet 678,58037.39,10,Electronics
1175,Boldfit Gym Bag 641,4660.45,253,Fitness
1176,boAt Monitor 357,48888.35,255,Electronics
1177,Zebronics USB Cable 145,2138.83,160,Accessories
1178,Ambrane Mouse 356,2218.45,48,Accessories
1179,Lenovo Mobile 415,49746.33,249,Electronics
1180,Milton Iron 571,640.64,262,Home
1181,Anker Mouse 368,1973.30,238,Accessories
1182,Adidas Gym Bag 784,4505.92,373,Fitness
1183,Portronics Power Bank 921,407.63,102,Accessories
1184,Cosco Gym Bag 489,3319.22,489,Fitness
1185,Nivia Dumbbell Set 337,524.34,50,Fitness
1186,Portronics Mouse 719,3322.93,62,Accessories
1187,Xiaomi Laptop 907,50136.37,218,Electronics
1188,Milton Lamp 909,6196.30,323,Home
1189,Philips Mixer Grinder 768,2511.93,239,Home
1190,Anker Mouse 830,638.22,133,Accessories
1191,Nivia Resistance Band 286,4491.42,373,Fitness
1192,Xiaomi Monitor 165,43231.87,419,Electronics
1193,Boldfit Skipping Rope 419,3914.81,430,Fitness
1194,Philips Water Bottle 467,5757.89,228,Home
1195,Adidas Resistance Band 249,4211.16,16,Fitness
1196,Anker Power Bank 578,3667.40,240,Accessories
1197,Nivia Resistance Band 874,929.71,383,Fitness
1198,Realme Speaker 273,32609.19,464,Electronics
1199,Samsung Tablet 391,36053.75,369,Electronics
1200,Anker Mouse 513,2350.56,237,Accessories
1201,Portronics Keyboard 832,3372.44,385,Accessories
1202,Zebronics Charger 541,2622.84,0,Accessories
1203,Philips Fan 510,1675.39,282,Home
1204,Cosco Gym Bag 418,1425.61,212,Fitness
1205,Cosco Skipping Rope 352,3052.16,101,Fitness
1206,Anker Charger 839,2187.36,125,Accessories
1207,Prestige Mixer Grinder 591,783.90,222,Home
1208,Nivia Gym Bag 285,1513.88,197,Fitness
1209,Xiaomi Monitor 479,18156.16,484,Electronics
1210,Xiaomi Laptop 796,15560.75,358,Electronics
1211,Cosco Yoga Mat 754,647.39,76,Fitness
1212,Portronics Mouse 703,3540.42,286,Accessories
1213,Realme Monitor 239,26330.61,424,Electronics
1214,Cosco Skipping Rope 908,2926.88,450,Fitness
1215,Portronics Earbuds 958,1544.08,275,Accessories
1216,Adidas Resistance Band 954,4110.52,410,Fitness
1217,Decathlon Gym Bag 990,2762.56,182,Fitness
1218,Milton Fan 522,7972.66,310,Home
1219,Philips Mixer Grinder 602,7079.57,187,Home
1220,Samsung Laptop 450,59723.34,93,Electronics
1221,Nivia Resistance Band 315,4063.73,271,Fitness
1222,Realme Mobile 961,35420.56,236,Electronics
1223,Nivia Skipping Rope 770,2315.30,161,Fitness
1224,Lenovo Speaker 420,56281.98,202,Electronics
1225,Milton Fan 728,6239.20,18,Home
1226,Milton Kettle 635,7928.64,368,Home
1227,Bajaj Water Bottle 654,2111.19,148,Home
1228,Havells Lamp 550,7953.81,112,Home
1229,Realme Monitor 274,89915.50,314,Electronics
1230,boAt Smartwatch 746,27516.92,425,Electronics
1231,Cosco Resistance Band 832,4849.37,462,Fitness
1232,Boldfit Resistance Band 515,471.11,432,Fitness
1233,Anker Charger 226,1366.46,427,Accessories
1234,Philips Kettle 956,1892.20,317,Home
1235,Boldfit Yoga Mat 694,776.61,156,Fitness
1236,Logitech Power Bank 558,1055.83,200,Accessories
1237,Xiaomi Mobile 221,71585.10,37,Electronics
1238,Cosco Gym Bag 671,643.35,312,Fitness
1239,Xiaomi Laptop 877,67881.95,292,Electronics
1240,Anker Keyboard 690,1778.01,196,Accessories
1241,Anker Mouse 304,1112.58,155,Accessories
1242,Xiaomi Tablet 615,48333.69,206,Electronics
1243,Cosco Yoga Mat 815,1147.94,0,Fitness
1244,Samsung Laptop 833,16592.71,440,Electronics
1245,Logitech Power Bank 238,402.63,400,Accessories
1246,Samsung Monitor 295,-82381.76,339,Electronics
1247,Realme Mobile 213,48267.34,197,Electronics
1248,Nivia Resistance Band 956,1132.19,146,Fitness
1249,Havells Kettle 191,3066.69,34,Home
1250,Realme Monitor 623,70350.98,285,Electronics
1251,Ambrane Earbuds 246,3513.75,133,Accessories
1252,Havells Mixer Grinder 668,3244.59,134,Home
1253,Nivia Skipping Rope 416,2640.74,93,Fitness
1254,Prestige Fan 368,2151.02,356,Home
1255,Logitech Earbuds 924,634.46,483,Accessories
1256,Decathlon Yoga Mat 675,3225.69,247,Fitness
1257,Lenovo Speaker 363,66143.79,446,Electronics
1258,Nivia Resistance Band 463,2374.07,297,Fitness
1259,Samsung Tablet 443,40657.04,229,Electronics
1260,Zebronics Mouse 400,3440.23,32,Accessories
1261,Xiaomi Smartwatch 537,62335.33,348,Electronics
1262,Realme Laptop 793,68180.07,350,Electronics
1263,Ambrane Charger 587,3767.01,28,Accessories
1264,Cosco Resistance Band 506,962.42,243,Fitness
1265,Portronics Power Bank 360,2486.81,430,Accessories
1266,boAt Monitor 263,61869.74,252,Electronics
1267,Samsung Laptop 316,80952.04,462,Electronics
1268,Decathlon Yoga Mat 611,3495.29,397,Fitness
1269,Cosco Resistance Band 408,3228.14,66,Fitness
1270,Samsung Tablet 888,28078.17,18,Electronics
1271,Logitech USB Cable 397,2541.54,384,Accessories
1272,Prestige Water Bottle 987,7254.31,122,Home
1273,Prestige Lamp 959,5471.87,371,Home
1274,Zebronics Charger 607,2604.39,226,Accessories
1275,Havells Iron 643,7114.74,234,Home
1276,Nivia Yoga Mat 689,295.88,124,Fitness
1277,Xiaomi Mobile 347,48429.94,369,Electronics
1278,Adidas Resistance Band 927,3338.81,120,Fitness
1279,Ambrane USB Cable 325,3916.52,153,Accessories
1280,Boldfit Skipping Rope 865,1501.99,301,Fitness
1281,Prestige Lamp 672,4386.35,134,Home
1282,boAt Monitor 787,41570.65,107,Electronics
1283,Lenovo Tablet 957,59640.22,5,Electronics
1284,boAt Tablet 478,65857.73,203,Electronics
1285,Havells Water Bottle 174,987.60,300,Home
1286,Ambrane Keyboard 496,2787.79,268,Accessories
1287,Anker Keyboard 882,657.63,15,Accessories
1288,Bajaj Lamp 488,2187.72,220,Home
1289,Decathlon Resistance Band 283,,95,Fitness
1290,Anker Keyboard 807,3016.69,many,Accessories
1291,Lenovo Speaker 537,41391.49,0,Electronics
1292,Prestige Iron 491,3419.22,448,Home
1293,Decathlon Gym Bag 463,2094.38,476,Fitness
1294,Milton Iron 775,3860.79,146,Home
1295,Samsung Tablet 343,54042.26,342,Electronics
1296,Cosco Resistance Band 241,4621.46,277,Fitness
1297,Nivia Gym Bag 111,568.65,329,Fitness
1298,Milton Iron 875,3552.77,201,Home
1299,Samsung Tablet 344,28913.87,105,Electronics
1300,Decathlon Dumbbell Set 749,459.12,13,Fitness
1301,Zebronics Earbuds 111,1390.99,127,Accessories
1302,Cosco Gym Bag 194,3791.20,368,Fitness
1303,Philips Kettle 202,6204.68,127,Home
1304,Nivia Dumbbell Set 465,1806.67,326,Fitness
1305,boAt Speaker 301,12729.53,356,Electronics
1306,Philips Fan 806,697.87,233,Home
1307,Zebronics Mouse 228,1431.83,264,Accessories
1308,Cosco Skipping Rope 727,2988.84,442,Fitness
1309,Ambrane Keyboard 888,593.86,196,Accessories
1310,Zebronics Charger 535,3454.51,402,Accessories
1311,Nivia Gym Bag 526,2122.69,329,Fitness
1312,Xiaomi Speaker 103,44742.24,168,Electronics
1313,Xiaomi Monitor 829,73464.67,40,Electronics
1314,Ambrane Mouse 183,2378.84,215,Accessories
1315,boAt Laptop 560,46723.13,116,Electronics
1316,Havells Lamp 907,2019.63,455,Home
1317,Cosco Skipping Rope 320,433.53,94,Fitness
1318,Portronics Power Bank 456,1135.47,319,Accessories
1319,Milton Kettle 470,970.12,94,Home
1320,Portronics USB Cable 609,236.91,468,Accessories
1321,Samsung Tablet 140,27255.02,248,Electronics
1322,Samsung Monitor 500,83593.28,455,Electronics
1323,Xiaomi Tablet 350,32090.82,454,Electronics
1324,Adidas Yoga Mat 759,2933.09,10,Fitness
1325,Lenovo Laptop 511,61837.10,388,Electronics
1326,Ambrane Mouse 902,184.38,354,Accessories
1327,boAt Tablet 597,75723.13,383,Electronics
1328,Decathlon Dumbbell Set 472,4653.17,24,Fitness
1329,Nivia Dumbbell Set 555,3679.04,269,Fitness
1330,Anker Charger 636,3500.81,295,Accessories
1331,Nivia Skipping Rope 380,1030.25,288,Fitness
1332,Prestige Kettle 302,638.07,146,Home
1333,Xiaomi Tablet 229,75876.62,144,Electronics
1334,Zebronics USB Cable 192,3351.87,83,Accessories
1335,Portronics Power Bank 642,2677.81,480,Accessories
1336,Samsung Speaker 959,72361.27,494,Electronics
1337,Ambrane Mouse 139,3219.29,186,Accessories
1338,Bajaj Mixer Grinder 704,5693.17,93,Home
1339,Adidas Yoga Mat 988,4469.25,349,Fitness
1340,Anker Charger 380,613.78,99,Accessories
1341,Cosco Resistance Band 824,4694.73,489,Fitness
1342,Havells Mixer Grinder 139,546.01,372,Home
1343,Ambrane Mouse 889,447.09,277,Accessories
1344,Prestige Iron 862,2537.70,388,Home
1345,Adidas Yoga Mat 438,1127.75,461,Fitness
1346,Milton Mixer Grinder 505,2423.72,373,Home
1347,Xiaomi Monitor 159,76694.09,75,Electronics
1348,Philips Iron 319,3695.14,334,Home
1349,boAt Tablet 216,N/A,93,Electronics
1350,Adidas Yoga Mat 449,1128.94,0,Fitness
1351,Nivia Resistance Band 902,2316.67,234,Fitness
1352,Havells Lamp 602,528.12,117,Home
1353,Portronics Power Bank 192,3124.57,235,Accessories
1354,Zebronics Mouse 997,1843.27,290,Accessories
1355,Realme Speaker 184,45345.76,132,Electronics
1356,Lenovo Monitor 922,64988.00,12,Electronics
1357,Prestige Fan 577,2479.07,299,Home
1358,Nivia Gym Bag 730,4532.24,8,Fitness
1359,Nivia Yoga Mat 281,2324.27,286,Fitness
1360,Prestige Iron 560,2161.38,127,Home
1361,Boldfit Skipping Rope 278,4000.84,363,Fitness
1362,Ambrane Mouse 278,1650.85,499,Accessories
1363,Xiaomi Mobile 838,15081.98,497,Electronics
1364,Nivia Skipping Rope 917,4939.57,327,Fitness
1365,Philips Kettle 855,1782.59,24,Home
1366,Nivia Skipping Rope 320,659.28,163,Fitness
1367,Milton Mixer Grinder 876,2785.73,219,Home
1368,Prestige Iron 443,4727.81,23,Home
1369,Boldfit Resistance Band 706,589.83,487,Fitness
1370,Adidas Resistance Band 650,3641.80,175,Fitness
1371,Zebronics Mouse 966,1925.22,320,Accessories
1372,Logitech Charger 468,2318.97,249,Accessories
1373,Lenovo Smartwatch 894,15564.59,226,Electronics
1374,Prestige Fan 223,6978.48,40,Home
1375,Portronics USB Cable 906,1765.79,223,Accessories
1376,Bajaj Lamp 392,2158.88,256,Home
1377,Adidas Dumbbell Set 371,1546.01,477,Fitness
1378,Cosco Gym Bag 155,4792.17,7,Fitness
1379,Adidas Resistance Band 830,1011.11,184,Fitness
1380,Anker Keyboard 871,2018.77,364,Accessories
1381,Decathlon Gym Bag 930,3080.01,270,Fitness
1382,Portronics Charger 497,2925.14,304,Accessories
1383,Ambrane Mouse 461,1271.40,124,Accessories
1384,boAt Monitor 625,24228.12,305,Electronics
1385,Decathlon Dumbbell Set 467,2475.99,291,Fitness
1386,Cosco Skipping Rope 376,3130.33,137,Fitness
1387,Cosco Gym Bag 492,1021.47,122,Fitness
1388,Milton Kettle 423,7166.69,68,Home
1389,Anker Mouse 853,2943.69,19,Accessories
1390,Anker Keyboard 217,297.32,198,Accessories
1391,Milton Water Bottle 109,764.19,497,Home
1392,Philips Lamp 129,7098.87,264,Home
1393,Anker Keyboard 197,1258.88,47,Accessories
1394,Havells Fan 775,2486.25,257,Home
1395,Bajaj Water Bottle 466,4077.24,38,Home
1396,Philips Water Bottle 317,7140.74,299,Home
1397,Lenovo Speaker 471,13818.18,44,Electronics
1398,Nivia Dumbbell Set 760,2219.97,427,Fitness
1399,Havells Kettle 159,7066.16,124,Home
1400,Samsung Monitor 204,7102.45,257,Electronics
1401,Boldfit Gym Bag 521,2150.65,36,Fitness
1402,Samsung Smartwatch 946,66309.68,147,Electronics
1403,Portronics Charger 982,2746.22,314,Accessories
1404,Decathlon Gym Bag 685,788.57,229,Fitness
1405,boAt Tablet 628,63032.18,27,Electronics
1406,Cosco Skipping Rope 149,952.25,357,Fitness
1407,Philips Iron 782,2359.41,110,Home
1408,Lenovo Tablet 575,35778.82,333,Electronics
1409,Logitech USB Cable 472,703.33,201,Accessories
1410,boAt Tablet 382,32131.95,233,Electronics
1411,Anker USB Cable 149,3406.72,390,Accessories
1412,Logitech Power Bank 977,1830.86,139,Accessories
1413,Havells Water Bottle 610,814.54,318,Home
1414,Havells Kettle 118,1698.95,32,Home
1415,Prestige Mixer Grinder 736,3247.71,46,Home
1416,Bajaj Kettle 770,7153.85,344,Home
1417,Bajaj Water Bottle 482,6357.07,66,Home
1418,Bajaj Fan 127,3027.50,333,Home
1419,Cosco Resistance Band 689,2532.60,358,Fitness
1420,Realme Monitor 379,23954.98,194,Electronics
1421,Cosco Skipping Rope 360,2599.09,82,Fitness
1422,Boldfit Dumbbell Set 929,362.85,250,Fitness
1423,Samsung Smartwatch 290,82316.94,457,Electronics
1424,Realme Speaker 703,63115.10,339,Electronics
1425,Realme Mobile 284,56373.56,140,Electronics
1426,Lenovo Mobile 540,36747.06,233,Electronics
1427,Bajaj Mixer Grinder 113,1683.86,0,Home
1428,Havells Kettle 497,6375.30,413,Home
1429,Adidas Dumbbell Set 179,324.37,139,Fitness
1430,Realme Monitor 735,57525.13,206,Electronics
1431,Ambrane Keyboard 983,1219.21,211,Accessories
1432,Xiaomi Tablet 567,33100.96,123,Electronics
1433,Cosco Gym Bag 109,1115.76,158,Fitness
1434,Xiaomi Laptop 563,,350,Electronics
1435,Lenovo Mobile 254,62931.31,122,Electronics
1436,Havells Lamp 584,4182.70,97,Home
1437,Portronics Mouse 708,1909.20,216,Accessories
1438,Milton Water Bottle 292,5846.02,73,Home
1439,Bajaj Mixer Grinder 697,2268.63,164,Home
1440,Anker Power Bank 539,1493.46,ten,Accessories
1441,Anker Earbuds 151,3614.74,317,Accessories
1442,Philips Iron 205,7602.95,255,Home
1443,Boldfit Yoga Mat 542,3095.15,182,Fitness
1444,Prestige Fan 789,6879.45,417,Home
1445,Milton Water Bottle 945,0,105,Home
1446,Bajaj Fan 717,6114.33,101,Home
1447,Bajaj Fan 888,4279.58,19,Home
1448,Bajaj Mixer Grinder 229,1673.10,409,Home
1449,Logitech Mouse 483,785.18,388,Accessories
1450,Realme Smartwatch 424,75914.57,450,Electronics
1451,Adidas Skipping Rope 948,3791.21,75,Fitness
1452,Havells Kettle 488,1473.57,292,Home
1453,Prestige Water Bottle 252,4970.34,211,Home
1454,Anker Power Bank 502,2604.56,118,Accessories
1455,Havells Water Bottle 331,1184.62,414,Home
1456,Decathlon Yoga Mat 936,977.47,222,Fitness
1457,Xiaomi Tablet 364,40563.03,410,Electronics
1458,Milton Iron 954,766.77,69,Home
1459,Ambrane USB Cable 496,1734.88,247,Accessories
1460,Zebronics Charger 560,2032.00,471,Accessories
1461,Realme Laptop 864,24190.24,47,Electronics
1462,Decathlon Skipping Rope 928,1323.21,402,Fitness
1463,Bajaj Kettle 482,4143.27,443,Home
1464,boAt Tablet 519,68964.13,231,Electronics
1465,Prestige Kettle 488,1221.64,1,Home
1466,Logitech Earbuds 810,1076.46,many,Accessories
1467,Philips Fan 564,2707.52,358,Home
1468,Portronics Earbuds 932,3856.93,72,Accessories
1469,boAt Smartwatch 714,4560.15,201,Electronics
1470,Zebronics Charger 568,963.46,156,Accessories
1471,Lenovo Tablet 653,43636.39,181,Electronics
1472,Lenovo Smartwatch 977,59531.32,363,Electronics
1473,Logitech USB Cable 144,2723.92,135,Accessories
1474,Cosco Yoga Mat 310,4275.23,272,Fitness
1475,Xiaomi Speaker 805,34039.50,159,Electronics
1476,Logitech Keyboard 963,3637.35,0,Accessories
1477,Logitech Power Bank 286,245.44,179,Accessories
1478,Cosco Resistance Band 804,1251.54,385,Fitness
1479,Portronics Mouse 968,871.54,37,Accessories
1480,Lenovo Tablet 930,67184.83,442,Electronics
1481,Prestige Kettle 396,7722.24,141,Home
1482,Xiaomi Laptop 520,12874.55,444,Electronics
1483,Boldfit Gym Bag 122,1479.77,163,Fitness
1484,Zebronics Mouse 878,765.26,125,Accessories
1485,Prestige Mixer Grinder 101,5990.91,many,Home
1486,Ambrane Power Bank 394,1221.04,289,Accessories
1487,Decathlon Yoga Mat 370,3087.75,219,Fitness
1488,Havells Water Bottle 558,414.21,480,Home
1489,Milton Kettle 293,7389.63,340,Home
1490,Decathlon Resistance Band 191,1424.79,11,Fitness
1491,Zebronics Mouse 859,2630.79,432,Accessories
1492,Milton Mixer Grinder 568,5509.32,396,Home
1493,Portronics Charger 850,3002.83,219,Accessories
1494,Lenovo Tablet 625,10453.54,411,Electronics
1495,Samsung Monitor 273,7297.91,449,Electronics
1496,Portronics Earbuds 878,512.29,221,Accessories
1497,Decathlon Dumbbell Set 863,637.62,82,Fitness
1498,Zebronics Mouse 417,2667.29,305,Accessories
1499,Lenovo Smartwatch 347,55898.42,112,Electronics
1500,Realme Smartwatch 518,19063.27,131,Electronics
1501,Zebronics USB Cable 232,747.28,354,Accessories
1502,Ambrane Charger 508,3086.40,473,Accessories
1503,Anker Charger 561,997.24,320,Accessories
1504,Samsung Monitor 476,28640.47,234,Electronics
1505,Zebronics Earbuds 567,3527.05,170,Accessories
1506,Portronics Keyboard 518,1933.60,89,Accessories
1507,Samsung Mobile 690,76107.12,310,Electronics
1508,Prestige Iron 638,1737.60,159,Home
1509,Adidas Resistance Band 410,3520.67,317,Fitness
1510,Milton Iron 137,3748.04,435,Home
1511,Philips Mixer Grinder 230,5818.89,277,Home
1512,Bajaj Lamp 504,,381,Home
1513,Cosco Resistance Band 846,4438.58,37,Fitness
1514,Lenovo Tablet 528,20407.45,78,Electronics
1515,Philips Iron 413,6472.41,0,Home
1516,Decathlon Skipping Rope 718,2484.26,65,Fitness
1517,Portronics Earbuds 512,0,446,Accessories
1518,Boldfit Skipping Rope 486,411.09,51,Fitness
1519,Samsung Laptop 240,48018.66,346,Electronics
1520,boAt Tablet 994,57890.29,385,Electronics
1521,Milton Iron 949,1360.50,345,Home
1522,Realme Speaker 555,16239.88,350,Electronics
1523,Nivia Gym Bag 245,1613.21,238,Fitness
1524,boAt Monitor 791,30075.75,386,Electronics
1525,Prestige Iron 770,2702.84,91,Home
1526,Bajaj Mixer Grinder 532,3206.23,280,Home
1527,Anker Power Bank 882,,140,Accessories
1528,Zebronics Keyboard 886,1566.71,152,Accessories
1529,Nivia Resistance Band 873,655.87,323,Fitness
1530,Boldfit Gym Bag 315,928.16,152,Fitness
1531,Realme Laptop 578,46731.74,117,Electronics
1532,Boldfit Dumbbell Set 854,2501.69,0,Fitness
1533,Boldfit Dumbbell Set 625,4081.72,213,Fitness
1534,Prestige Lamp 364,4700.54,73,Home
1535,Samsung Smartwatch 935,32452.96,228,Electronics
1536,Adidas Dumbbell Set 205,3485.35,389,Fitness
1537,Lenovo Speaker 512,62450.51,53,Electronics
1538,Zebronics Charger 192,861.41,75,Accessories
1539,Zebronics Power Bank 125,1663.31,92,Accessories
1540,Prestige Kettle 693,2366.40,6,Home
1541,Prestige Water Bottle 830,7473.32,448,Home
1542,Zebronics Keyboard 980,1259.20,233,Accessories
1543,boAt Laptop 711,60925.91,193,Electronics
1544,Nivia Yoga Mat 797,2441.14,172,Fitness
1545,Portronics Mouse 553,,130,Accessories
1546,Boldfit Gym Bag 820,1043.34,118,Fitness
1547,Samsung Monitor 971,75041.66,323,Electronics
1548,Cosco Gym Bag 370,664.24,414,Fitness
1549,Realme Monitor 738,22153.03,177,Electronics
1550,Milton Lamp 445,7516.53,388,Home
1551,Samsung Smartwatch 700,79084.56,68,Electronics
1552,Ambrane Mouse 134,2957.37,277,Accessories
1553,Samsung Speaker 665,12332.30,395,Electronics
1554,Ambrane Mouse 571,924.80,16,Accessories
1555,Zebronics Keyboard 170,1838.05,420,Accessories
1556,boAt Laptop 807,85441.71,277,Electronics
1557,Realme Smartwatch 909,19471.76,96,Electronics
1558,Boldfit Gym Bag 890,365.26,185,Fitness
1559,Samsung Tablet 138,78437.00,15,Electronics
1560,Havells Iron 279,3218.95,380,Home
1561,boAt Mobile 361,76993.49,151,Electronics
1562,Logitech Earbuds 432,277.82,369,Accessories
1563,Boldfit Resistance Band 114,1563.03,425,Fitness
1564,Portronics Earbuds 435,2354.90,438,Accessories
1565,Realme Tablet 755,45429.50,167,Electronics
1566,Nivia Gym Bag 327,2675.67,26,Fitness
1567,Xiaomi Laptop 904,83538.08,15,Electronics
1568,boAt Mobile 348,44524.89,360,Electronics
1569,Boldfit Dumbbell Set 842,1941.22,72,Fitness
1570,Milton Mixer Grinder 545,3672.81,225,Home
1571,Lenovo Laptop 357,23152.62,0,Electronics
1572,Milton Water Bottle 810,1643.78,114,Home
1573,Zebronics Earbuds 567,2071.69,224,Accessories
1574,Zebronics Mouse 445,1122.41,248,Accessories
1575,Decathlon Skipping Rope 727,1690.96,35,Fitness
1576,Philips Iron 353,5233.69,258,Home
1577,Samsung Tablet 794,33684.87,348,Electronics
1578,Bajaj Water Bottle 190,4031.90,96,Home
1579,Ambrane USB Cable 516,1324.97,395,Accessories
1580,Philips Water Bottle 606,407.22,125,Home
1581,boAt Speaker 973,9516.43,16,Electronics
1582,boAt Tablet 680,15123.91,419,Electronics
1583,Anker Charger 445,1548.86,461,Accessories
1584,Bajaj Lamp 852,4603.20,66,Home
1585,Anker Power Bank 177,1032.11,138,Accessories
1586,Havells Kettle 679,7436.51,98,Home
1587,boAt Monitor 295,16413.69,460,Electronics
1588,Ambrane Keyboard 389,963.76,166,Accessories
1589,Boldfit Gym Bag 449,1464.75,22,Fitness
1590,Boldfit Resistance Band 673,588.56,299,Fitness
1591,Ambrane Keyboard 287,864.71,415,Accessories
1592,Bajaj Water Bottle 643,2198.24,133,Home
1593,Zebronics Power Bank 369,2353.60,21,Accessories
1594,Boldfit Dumbbell Set 253,247.14,241,Fitness
1595,boAt Laptop 986,44592.34,204,Electronics
1596,boAt Smartwatch 281,79961.46,204,Electronics
1597,boAt Laptop 308,32541.40,280,Electronics
1598,boAt Monitor 727,37815.33,97,Electronics
1599,Realme Speaker 479,23362.81,445,Electronics
1600,Bajaj Fan 616,3045.39,353,Home
1601,Bajaj Fan 934,4710.06,49,Home
1602,Philips Water Bottle 492,6995.93,120,Home
1603,Decathlon Resistance Band 639,3810.08,50,Fitness
1604,Boldfit Resistance Band 599,2252.81,188,Fitness
1605,Xiaomi Tablet 235,64745.86,334,Electronics
1606,Logitech Charger 741,-1572.98,1,Accessories
1607,Zebronics Keyboard 406,2971.68,129,Accessories
1608,Havells Lamp 500,2314.36,415,Home
1609,Decathlon Resistance Band 223,454.86,331,Fitness
1610,Logitech Charger 840,3805.37,371,Accessories
1611,Boldfit Skipping Rope 951,3519.25,339,Fitness
1612,Portronics Keyboard 311,3449.88,138,Accessories
1613,boAt Monitor 857,32703.64,413,Electronics
1614,Anker Keyboard 170,2215.34,200,Accessories
1615,Bajaj Water Bottle 934,6945.75,272,Home
1616,Bajaj Mixer Grinder 516,1817.51,275,Home
1617,Ambrane Power Bank 182,1734.15,77,Accessories
1618,Ambrane USB Cable 856,3570.52,338,Accessories
1619,Milton Water Bottle 246,1727.31,166,Home
1620,Adidas Resistance Band 594,4405.42,334,Fitness
1621,Anker Power Bank 866,2117.00,144,Accessories
1622,Realme Laptop 327,25722.01,337,Electronics
1623,Havells Fan 527,4560.07,456,Home
1624,Zebronics USB Cable 448,3106.20,257,Accessories
1625,Nivia Yoga Mat 745,444.43,434,Fitness
1626,Havells Lamp 655,7304.96,68,Home
1627,Xiaomi Smartwatch 784,58907.64,112,Electronics
1628,Logitech Power Bank 910,3317.15,281,Accessories
1629,boAt Tablet 943,36543.83,112,Electronics
1630,Ambrane Earbuds 549,3067.44,444,Accessories
1631,Anker Charger 161,3825.79,430,Accessories
1632,Adidas Resistance Band 489,1853.98,314,Fitness
1633,Havells Kettle 411,2942.41,220,Home
1634,Nivia Skipping Rope 932,2065.23,136,Fitness
1635,Havells Mixer Grinder 647,5577.92,297,Home
1636,Zebronics Earbuds 549,3716.26,280,Accessories
1637,Milton Fan 999,6522.63,396,Home
1638,Milton Mixer Grinder 966,4675.49,326,Home
1639,Portronics Mouse 213,991.04,17,Accessories
1640,Zebronics Mouse 547,1222.62,139,Accessories
1641,Ambrane Earbuds 617,2455.32,176,Accessories
1642,Adidas Gym Bag 431,1897.48,176,Fitness
1643,Zebronics Keyboard 829,395.33,312,Accessories
1644,Realme Monitor 524,41725.72,51,Electronics
1645,Samsung Laptop 703,57875.50,101,Electronics
1646,Ambrane USB Cable 558,1458.39,210,Accessories
1647,Ambrane Mouse 555,2434.70,36,Accessories
1648,Realme Tablet 571,9238.46,424,Electronics
1649,Philips Water Bottle 703,1555.73,319,Home
1650,Xiaomi Mobile 610,58739.74,76,Electronics
1651,Samsung Tablet 485,63759.52,486,Electronics
1652,Xiaomi Tablet 781,36011.26,148,Electronics
1653,Havells Mixer Grinder 860,549.05,297,Home
1654,Boldfit Gym Bag 888,4333.64,51,Fitness
1655,Lenovo Laptop 995,87972.19,361,Electronics
1656,Ambrane Power Bank 109,1139.77,0,Accessories
1657,Realme Speaker 693,20914.19,10,Electronics
1658,Zebronics Earbuds 197,3355.74,361,Accessories
1659,Havells Lamp 710,982.18,24,Home
1660,Logitech Earbuds 705,3882.74,306,Accessories
1661,Anker Earbuds 364,2514.21,203,Accessories
1662,Xiaomi Laptop 407,27615.11,284,Electronics
1663,boAt Laptop 953,61778.49,476,Electronics
1664,Xiaomi Monitor 841,79131.36,344,Electronics
1665,Ambrane Power Bank 836,1824.51,303,Accessories
1666,Havells Fan 577,1058.62,421,Home
1667,Prestige Iron 496,5266.88,150,Home
1668,boAt Laptop 582,60762.12,249,Electronics
1669,Adidas Dumbbell Set 515,1838.43,303,Fitness
1670,Anker USB Cable 141,2983.29,113,Accessories
1671,Anker Charger 691,1713.32,345,Accessories
1672,Philips Iron 397,3745.60,185,Home
1673,Adidas Skipping Rope 116,553.63,67,Fitness
1674,Prestige Fan 715,7287.29,293,Home
1675,Nivia Resistance Band 829,2246.11,466,Fitness
1676,Nivia Dumbbell Set 124,3196.50,417,Fitness
1677,Samsung Monitor 591,49264.84,162,Electronics
1678,Cosco Dumbbell Set 580,299.87,177,Fitness
1679,Realme Monitor 335,72822.36,356,Electronics
1680,Nivia Yoga Mat 119,2353.29,132,Fitness
1681,Nivia Skipping Rope 624,4876.44,376,Fitness
1682,Zebronics Charger 189,789.85,367,Accessories
1683,Cosco Dumbbell Set 260,3023.55,354,Fitness
1684,Portronics Charger 683,3171.67,180,Accessories
1685,Anker Mouse 969,3647.82,374,Accessories
1686,Nivia Yoga Mat 298,2971.49,158,Fitness
1687,Adidas Gym Bag 383,1784.77,495,Fitness
1688,Samsung Monitor 958,33232.80,380,Electronics
1689,Adidas Yoga Mat 383,2341.17,10,Fitness
1690,Bajaj Iron 390,3200.92,N/A,Home
1691,Xiaomi Smartwatch 580,45632.58,many,Electronics
1692,Decathlon Dumbbell Set 473,1073.35,236,Fitness
1693,boAt Monitor 107,18395.95,321,Electronics
1694,Samsung Tablet 883,13400.17,387,Electronics
1695,Portronics Earbuds 948,1292.00,209,Accessories
1696,Portronics Keyboard 956,2557.60,436,Accessories
1697,Boldfit Skipping Rope 252,2287.83,373,Fitness
1698,Philips Iron 648,5186.47,447,Home
1699,Decathlon Gym Bag 965,738.53,N/A,Fitness
1700,Portronics USB Cable 919,2256.58,117,Accessories
1701,Milton Iron 260,2179.61,313,Home
1702,Bajaj Kettle 679,2900.71,437,Home
1703,Portronics Mouse 551,2801.36,394,Accessories
1704,Xiaomi Mobile 197,16078.24,193,Electronics
1705,Logitech Keyboard 432,-1407.26,248,Accessories
1706,Bajaj Mixer Grinder 163,901.39,425,Home
1707,Ambrane Charger 127,3129.89,50,Accessories
1708,Havells Mixer Grinder 244,5918.14,434,Home
1709,Milton Water Bottle 410,7692.33,69,Home
1710,Boldfit Yoga Mat 926,4004.79,263,Fitness
1711,boAt Speaker 329,61880.31,179,Electronics
1712,Bajaj Fan 949,2395.53,364,Home
1713,Nivia Gym Bag 376,2212.86,302,Fitness
1714,Lenovo Speaker 156,0,427,Electronics
1715,Realme Mobile 165,19422.95,ten,Electronics
1716,Anker Keyboard 815,3268.17,366,Accessories
1717,Anker Mouse 326,2942.01,457,Accessories
1718,Xiaomi Tablet 672,9455.47,180,Electronics
1719,Boldfit Dumbbell Set 681,1329.72,445,Fitness
1720,Adidas Dumbbell Set 915,4030.23,4,Fitness
1721,Milton Mixer Grinder 780,5077.46,433,Home
1722,Lenovo Tablet 727,58794.24,338,Electronics
1723,Decathlon Skipping Rope 825,1966.86,286,Fitness
1724,Cosco Yoga Mat 140,3415.09,416,Fitness
1725,Decathlon Gym Bag 678,396.23,458,Fitness
1726,Zebronics Power Bank 807,1634.78,18,Accessories
1727,Nivia Dumbbell Set 780,4337.02,66,Fitness
1728,Milton Fan 705,1419.25,56,Home
1729,Milton Lamp 722,3374.14,159,Home
1730,Xiaomi Tablet 473,47382.12,332,Electronics
1731,Samsung Laptop 941,8496.69,220,Electronics
1732,Zebronics Keyboard 278,992.94,174,Accessories
1733,Lenovo Laptop 995,63949.06,105,Electronics
1734,Havells Lamp 290,3770.45,452,Home
1735,boAt Speaker 389,37185.33,13,Electronics
1736,Lenovo Monitor 931,86966.43,N/A,Electronics
1737,Milton Kettle 666,6645.28,330,Home
1738,Havells Water Bottle 749,-7832.68,105,Home
1739,Decathlon Yoga Mat 234,1586.15,492,Fitness
1740,Cosco Resistance Band 696,0,250,Fitness
1741,Prestige Fan 441,6206.15,175,Home
1742,Portronics Mouse 983,2350.88,181,Accessories
1743,Adidas Yoga Mat 802,953.97,42,Fitness
1744,Lenovo Tablet 292,13193.81,191,Electronics
1745,Bajaj Lamp 865,1301.40,22,Home
1746,Anker Mouse 456,2030.97,233,Accessories
1747,Logitech USB Cable 828,3161.36,233,Accessories
1748,Cosco Gym Bag 158,1900.59,85,Fitness
1749,Adidas Gym Bag 129,3036.31,47,Fitness
1750,Xiaomi Speaker 296,-66241.13,341,Electronics
1751,Bajaj Iron 416,6725.89,174,Home
1752,boAt Monitor 191,30820.49,176,Electronics
1753,Realme Mobile 176,75596.76,444,Electronics
1754,Logitech Earbuds 775,3710.88,399,Accessories
1755,Havells Kettle 688,4753.06,452,Home
1756,Samsung Speaker 267,65074.70,258,Electronics
1757,Xiaomi Mobile 187,38056.22,389,Electronics
1758,Portronics USB Cable 826,3851.83,129,Accessories
1759,Logitech Keyboard 454,3292.47,23,Accessories
1760,Xiaomi Smartwatch 457,85391.54,477,Electronics
1761,Decathlon Dumbbell Set 175,2494.74,32,Fitness
1762,Milton Kettle 640,3377.93,201,Home
1763,Prestige Lamp 326,6547.95,235,Home
1764,Adidas Yoga Mat 319,3134.22,492,Fitness
1765,Logitech USB Cable 696,1511.29,291,Accessories
1766,Adidas Skipping Rope 214,3617.71,403,Fitness
1767,Cosco Yoga Mat 967,3433.78,164,Fitness
1768,Ambrane USB Cable 565,885.33,296,Accessories
1769,Logitech Earbuds 503,3005.47,10,Accessories
1770,Anker Power Bank 332,2333.51,469,Accessories
1771,Ambrane USB Cable 367,2293.80,183,Accessories
1772,Prestige Water Bottle 290,2905.92,233,Home
1773,Bajaj Lamp 146,5714.88,251,Home
1774,Decathlon Gym Bag 282,2129.12,294,Fitness
1775,Xiaomi Speaker 250,71841.63,164,Electronics
1776,Prestige Water Bottle 781,3286.60,422,Home
1777,boAt Laptop 526,49237.32,472,Electronics
1778,Philips Fan 249,3714.27,106,Home
1779,Milton Water Bottle 528,3375.28,307,Home
1780,Anker Charger 314,2414.13,266,Accessories
1781,Nivia Skipping Rope 361,4039.96,498,Fitness
1782,Xiaomi Speaker 813,34473.87,326,Electronics
1783,boAt Laptop 723,57759.68,347,Electronics
1784,Nivia Skipping Rope 514,2075.43,248,Fitness
1785,Decathlon Dumbbell Set 371,4386.15,241,Fitness
1786,Cosco Gym Bag 612,732.54,253,Fitness
1787,Adidas Resistance Band 596,1909.27,262,Fitness
1788,Realme Smartwatch 877,77770.49,124,Electronics
1789,Ambrane Charger 758,3178.03,480,Accessories
1790,boAt Mobile 898,6255.31,66,Electronics
1791,Lenovo Tablet 879,85094.58,139,Electronics
1792,Prestige Lamp 604,7668.17,384,Home
1793,Lenovo Laptop 514,38628.70,266,Electronics
1794,Samsung Mobile 833,77844.29,354,Electronics
1795,Samsung Laptop 917,81371.65,147,Electronics
1796,Nivia Dumbbell Set 675,312.95,125,Fitness
1797,Lenovo Smartwatch 590,38876.10,354,Electronics
1798,Logitech Earbuds 549,2830.74,125,Accessories
1799,Nivia Dumbbell Set 729,3969.01,223,Fitness
1800,Xiaomi Laptop 214,-73504.90,209,Electronics
1801,Boldfit Yoga Mat 380,2676.67,93,Fitness
1802,Samsung Smartwatch 405,39751.11,194,Electronics
1803,Xiaomi Tablet 253,43804.71,349,Electronics
1804,Lenovo Smartwatch 392,59610.45,33,Electronics
1805,Ambrane Mouse 819,2436.98,336,Accessories
1806,boAt Smartwatch 967,56975.89,493,Electronics
1807,Adidas Dumbbell Set 904,2825.34,451,Fitness
1808,Realme Monitor 880,54533.31,489,Electronics
1809,Zebronics Power Bank 236,2000.93,219,Accessories
1810,Ambrane USB Cable 404,3653.68,272,Accessories
1811,Lenovo Smartwatch 980,23021.49,391,Electronics
1812,Decathlon Gym Bag 197,2397.58,202,Fitness
1813,Xiaomi Laptop 964,27364.65,264,Electronics
1814,Milton Water Bottle 211,6265.71,90,Home
1815,Xiaomi Smartwatch 269,47035.15,340,Electronics
1816,Zebronics USB Cable 842,3347.10,498,Accessories
1817,Portronics USB Cable 786,2151.98,340,Accessories
1818,Nivia Gym Bag 884,3092.11,246,Fitness
1819,Philips Lamp 974,6634.24,381,Home
1820,Ambrane Mouse 792,3112.50,68,Accessories
1821,Prestige Mixer Grinder 211,2849.56,214,Home
1822,Cosco Gym Bag 102,4761.22,445,Fitness
1823,Logitech Mouse 254,3438.32,126,Accessories
1824,Nivia Resistance Band 206,595.47,165,Fitness
1825,Cosco Resistance Band 288,2159.64,387,Fitness
1826,Zebronics Power Bank 873,2447.66,441,Accessories
1827,Xiaomi Mobile 794,69995.11,425,Electronics
1828,Realme Laptop 406,89563.04,288,Electronics
1829,Philips Mixer Grinder 435,7193.14,103,Home
1830,Anker Keyboard 456,1201.60,153,Accessories
1831,Cosco Dumbbell Set 417,525.23,473,Fitness
1832,Havells Water Bottle 109,3670.83,53,Home
1833,Xiaomi Speaker 405,39570.07,7,Electronics
1834,Ambrane Power Bank 128,919.94,8,Accessories
1835,Prestige Mixer Grinder 203,7869.77,366,Home
1836,Lenovo Tablet 648,43388.96,25,Electronics
1837,Samsung Speaker 133,29882.25,291,Electronics
1838,Lenovo Tablet 304,30498.78,153,Electronics
1839,Anker Charger 557,1278.97,167,Accessories
1840,Nivia Gym Bag 535,3749.72,477,Fitness
1841,Prestige Fan 762,5527.51,172,Home
1842,Ambrane Charger 989,2685.41,455,Accessories
1843,Xiaomi Tablet 309,59956.44,471,Electronics
1844,Anker USB Cable 864,3078.77,353,Accessories
1845,Philips Mixer Grinder 517,3429.14,103,Home
1846,Prestige Kettle 538,1270.64,24,Home
1847,Samsung Mobile 806,60206.82,60,Electronics
1848,Cosco Skipping Rope 605,4814.56,406,Fitness
1849,Ambrane Mouse 530,2537.79,401,Accessories
1850,Adidas Skipping Rope 889,721.52,304,Fitness
1851,Ambrane USB Cable 959,3374.42,231,Accessories
1852,boAt Mobile 151,42109.24,334,Electronics
1853,Portronics USB Cable 278,1075.49,109,Accessories
1854,Boldfit Yoga Mat 288,4419.51,134,Fitness
1855,Decathlon Dumbbell Set 926,671.61,271,Fitness
1856,Ambrane Power Bank 640,3264.44,53,Accessories
1857,Decathlon Gym Bag 762,3850.84,148,Fitness
1858,boAt Mobile 859,50434.09,204,Electronics
1859,Cosco Dumbbell Set 256,2856.51,274,Fitness
1860,boAt Speaker 453,65417.77,126,Electronics
1861,Samsung Tablet 576,29405.96,466,Electronics
1862,Logitech Mouse 668,152.10,98,Accessories
1863,Lenovo Speaker 178,39582.08,108,Electronics
1864,Lenovo Tablet 255,84228.86,359,Electronics
1865,Anker Mouse 157,3011.07,113,Accessories
1866,Xiaomi Tablet 155,47918.53,258,Electronics
1867,Philips Mixer Grinder 366,4641.11,371,Home
1868,boAt Speaker 587,88366.95,275,Electronics
1869,Cosco Yoga Mat 246,1054.11,217,Fitness
1870,Xiaomi Laptop 367,13780.32,319,Electronics
1871,Ambrane Keyboard 392,1207.20,121,Accessories
1872,Adidas Yoga Mat 791,4958.73,ten,Fitness
1873,Havells Fan 594,1736.83,92,Home
1874,Ambrane USB Cable 882,3461.39,2,Accessories
1875,Decathlon Yoga Mat 311,3019.10,368,Fitness
1876,Prestige Kettle 203,6907.77,189,Home
1877,Anker Mouse 347,2156.59,N/A,Accessories
1878,Portronics Keyboard 873,743.27,199,Accessories
1879,Lenovo Laptop 103,43305.79,190,Electronics
1880,Adidas Resistance Band 916,1352.76,145,Fitness
1881,Nivia Dumbbell Set 877,4887.46,439,Fitness
1882,Milton Kettle 174,3298.32,80,Home
1883,Zebronics Mouse 610,3494.13,188,Accessories
1884,Prestige Mixer Grinder 269,6665.06,406,Home
1885,Adidas Dumbbell Set 364,2005.10,85,Fitness
1886,Decathlon Skipping Rope 781,3878.28,244,Fitness
1887,Logitech Mouse 688,3067.29,410,Accessories
1888,Bajaj Lamp 223,390.07,144,Home
1889,boAt Smartwatch 221,10251.48,53,Electronics
1890,Realme Mobile 893,54404.04,179,Electronics
1891,Lenovo Laptop 507,33350.87,408,Electronics
1892,Nivia Gym Bag 813,567.41,237,Fitness
1893,Ambrane Keyboard 615,1851.79,393,Accessories
1894,Xiaomi Monitor 970,14860.83,495,Electronics
1895,Lenovo Tablet 539,64695.50,320,Electronics
1896,Portronics Earbuds 592,1946.17,377,Accessories
1897,Ambrane Charger 211,1080.99,472,Accessories
1898,Xiaomi Tablet 512,88896.34,55,Electronics
1899,Boldfit Skipping Rope 825,1311.90,427,Fitness
1900,Zebronics Mouse 596,3383.47,321,Accessories
1901,Nivia Dumbbell Set 671,2620.07,81,Fitness
1902,Boldfit Dumbbell Set 778,400.64,354,Fitness
1903,Philips Kettle 802,5138.53,0,Home
1904,Bajaj Lamp 678,2312.03,188,Home
1905,Adidas Skipping Rope 312,484.33,300,Fitness
1906,Nivia Skipping Rope 852,1439.80,192,Fitness
1907,Ambrane USB Cable 392,1898.02,318,Accessories
1908,Prestige Water Bottle 951,6235.49,22,Home
1909,Havells Kettle 917,5452.30,394,Home
1910,Portronics Keyboard 608,2015.35,145,Accessories
1911,Zebronics Charger 940,268.68,467,Accessories
1912,Zebronics USB Cable 121,1547.54,331,Accessories
1913,Nivia Yoga Mat 461,2197.70,52,Fitness
1914,Bajaj Fan 957,6355.16,384,Home
1915,Nivia Yoga Mat 420,2078.88,129,Fitness
1916,Cosco Yoga Mat 354,3689.04,106,Fitness
1917,Milton Lamp 255,2428.63,102,Home
1918,Adidas Resistance Band 897,4816.83,160,Fitness
1919,Nivia Dumbbell Set 824,3732.38,13,Fitness
1920,Anker Power Bank 482,1411.05,346,Accessories
1921,Anker Mouse 187,3392.16,154,Accessories
1922,Adidas Gym Bag 777,3490.69,371,Fitness
1923,Ambrane Power Bank 889,2116.16,265,Accessories
1924,Bajaj Iron 514,6850.66,121,Home
1925,Prestige Fan 971,7393.50,366,Home
1926,Havells Kettle 701,6762.69,182,Home
1927,Cosco Dumbbell Set 496,4960.80,287,Fitness
1928,Zebronics Keyboard 897,1425.17,302,Accessories
1929,Portronics Mouse 662,3716.70,52,Accessories
1930,Philips Kettle 390,2307.85,356,Home
1931,Havells Lamp 396,5283.78,497,Home
1932,Ambrane Earbuds 309,1437.98,281,Accessories
1933,boAt Smartwatch 845,19292.28,231,Electronics
1934,Prestige Kettle 461,6227.07,146,Home
1935,Zebronics USB Cable 736,1328.35,165,Accessories
1936,Nivia Skipping Rope 575,4476.09,113,Fitness
1937,Prestige Water Bottle 814,2498.74,466,Home
1938,Philips Kettle 742,4193.08,100,Home
1939,Milton Mixer Grinder 240,4975.13,0,Home
1940,Decathlon Yoga Mat 397,1065.78,500,Fitness
1941,Adidas Gym Bag 813,4285.68,346,Fitness
1942,Prestige Kettle 869,2259.88,44,Home
1943,Philips Fan 744,6152.93,220,Home
1944,Ambrane Power Bank 416,1279.65,48,Accessories
1945,Havells Water Bottle 351,4654.30,18,Home
1946,Nivia Gym Bag 897,2662.36,460,Fitness
1947,Nivia Resistance Band 715,0,402,Fitness
1948,Logitech Power Bank 970,1695.75,491,Accessories
1949,Philips Iron 730,2302.84,374,Home
1950,Samsung Tablet 672,86827.33,29,Electronics
1951,Adidas Skipping Rope 749,4024.50,74,Fitness
1952,Prestige Iron 915,7256.37,29,Home
1953,Ambrane Earbuds 531,1971.00,256,Accessories
1954,Zebronics Mouse 551,1556.46,384,Accessories
1955,Anker Keyboard 490,1081.17,222,Accessories
1956,boAt Monitor 879,50092.06,79,Electronics
1957,Decathlon Resistance Band 291,1574.20,155,Fitness
1958,Philips Lamp 573,6737.20,9,Home
1959,Adidas Gym Bag 430,3469.44,443,Fitness
1960,Realme Laptop 280,71429.11,39,Electronics
1961,Decathlon Dumbbell Set 755,4806.17,473,Fitness
1962,Samsung Monitor 910,50158.14,438,Electronics
1963,Zebronics Power Bank 743,,44,Accessories
1964,Cosco Skipping Rope 962,2841.29,270,Fitness
1965,Portronics Charger 872,3769.47,185,Accessories
1966,Havells Lamp 631,637.26,124,Home
1967,Bajaj Mixer Grinder 614,3626.35,390,Home
1968,Nivia Skipping Rope 683,1104.03,493,Fitness
1969,Cosco Dumbbell Set 699,4427.61,79,Fitness
1970,Ambrane Power Bank 797,1006.73,402,Accessories
1971,Boldfit Resistance Band 197,2578.63,264,Fitness
1972,Ambrane Earbuds 358,2464.40,312,Accessories
1973,Boldfit Gym Bag 589,4848.36,355,Fitness
1974,Adidas Yoga Mat 698,4888.64,119,Fitness
1975,Realme Tablet 116,85846.53,348,Electronics
1976,Logitech Earbuds 935,3426.73,406,Accessories
1977,Philips Water Bottle 366,4671.80,14,Home
1978,Lenovo Laptop 795,71668.78,236,Electronics
1979,Anker Earbuds 145,3394.62,117,Accessories
1980,Decathlon Yoga Mat 235,4039.52,357,Fitness
1981,Nivia Gym Bag 734,4440.43,316,Fitness
1982,Samsung Mobile 515,60221.27,195,Electronics
1983,Cosco Yoga Mat 912,2651.28,126,Fitness
1984,Prestige Fan 644,1285.78,72,Home
1985,Prestige Lamp 821,7968.84,72,Home
1986,Boldfit Skipping Rope 320,3113.96,387,Fitness
1987,Portronics Mouse 740,2175.84,486,Accessories
1988,Havells Water Bottle 200,6713.06,335,Home
1989,Boldfit Skipping Rope 467,4049.10,420,Fitness
1990,Lenovo Mobile 873,86344.29,72,Electronics
1991,Portronics Keyboard 271,455.08,418,Accessories
1992,Decathlon Yoga Mat 664,3892.16,134,Fitness
1993,Havells Water Bottle 368,1185.38,304,Home
1994,Samsung Tablet 347,70395.17,285,Electronics
1995,Decathlon Yoga Mat 245,3966.00,455,Fitness
1996,Zebronics Charger 800,1305.32,325,Accessories
1997,Xiaomi Smartwatch 417,27601.88,235,Electronics
1998,Samsung Tablet 547,46266.68,93,Electronics
1999,Portronics Keyboard 629,381.85,174,Accessories
2000,boAt Tablet 683,29319.05,317,Electronics
2001,Nivia Dumbbell Set 841,1286.44,462,Fitness
2002,Havells Lamp 383,1610.55,377,Home
2003,Decathlon Gym Bag 719,628.02,197,Fitness
2004,Portronics Charger 447,3682.00,491,Accessories
2005,Nivia Dumbbell Set 213,724.09,113,Fitness
2006,Portronics Earbuds 563,free,411,Accessories
2007,Ambrane Power Bank 468,3713.79,328,Accessories
2008,Xiaomi Smartwatch 895,67530.79,256,Electronics
2009,Boldfit Yoga Mat 321,4103.17,291,Fitness
2010,Philips Fan 868,2137.30,87,Home
2011,Logitech Power Bank 447,1152.12,450,Accessories
2012,Adidas Yoga Mat 937,2109.59,447,Fitness
2013,Portronics USB Cable 838,3487.76,214,Accessories
2014,boAt Smartwatch 322,67470.21,473,Electronics
2015,Cosco Gym Bag 133,3966.21,495,Fitness
2016,Xiaomi Monitor 176,17506.91,81,Electronics
2017,Prestige Iron 531,5329.89,134,Home
2018,Samsung Mobile 168,31283.37,133,Electronics
2019,Adidas Resistance Band 535,977.04,173,Fitness
2020,Anker USB Cable 285,1961.43,300,Accessories
2021,Boldfit Dumbbell Set 556,3185.72,92,Fitness
2022,Realme Monitor 456,45188.00,99,Electronics
2023,Portronics USB Cable 928,3661.31,0,Accessories
2024,boAt Mobile 510,19423.61,36,Electronics
2025,Milton Kettle 940,3418.71,455,Home
2026,Milton Water Bottle 956,1206.40,357,Home
2027,Realme Mobile 736,6040.75,148,Electronics
2028,Realme Smartwatch 518,35258.60,439,Electronics
2029,Anker Mouse 359,1645.86,417,Accessories
2030,Adidas Gym Bag 515,2920.35,488,Fitness
2031,Havells Iron 593,7349.79,108,Home
2032,boAt Laptop 497,12358.51,233,Electronics
2033,Zebronics USB Cable 300,3053.56,168,Accessories
2034,Zebronics Mouse 808,3863.42,226,Accessories
2035,Bajaj Fan 510,4114.34,64,Home
2036,Prestige Iron 963,4700.60,99,Home
2037,Zebronics Keyboard 782,2180.42,354,Accessories
2038,Zebronics Charger 839,1368.66,47,Accessories
2039,Cosco Gym Bag 618,2876.98,249,Fitness
2040,Xiaomi Speaker 713,47042.77,490,Electronics
2041,Samsung Speaker 634,34216.89,111,Electronics
2042,Samsung Monitor 290,73291.12,84,Electronics
2043,boAt Smartwatch 135,26161.12,302,Electronics
2044,Nivia Dumbbell Set 811,4458.96,290,Fitness
2045,Samsung Speaker 488,51489.26,345,Electronics
2046,Samsung Laptop 314,41760.01,416,Electronics
2047,boAt Mobile 630,88534.26,70,Electronics
2048,Nivia Gym Bag 305,4686.25,187,Fitness
2049,Bajaj Iron 512,1926.89,261,Home
2050,Milton Lamp 796,5246.01,265,Home
2051,Prestige Iron 711,6566.78,360,Home
2052,Xiaomi Smartwatch 541,37384.27,92,Electronics
2053,Decathlon Gym Bag 433,967.58,402,Fitness
2054,Lenovo Smartwatch 121,55883.24,57,Electronics
2055,Decathlon Dumbbell Set 279,2916.45,41,Fitness
2056,Milton Mixer Grinder 259,3776.54,320,Home
2057,Milton Mixer Grinder 704,529.75,349,Home
2058,Nivia Dumbbell Set 348,2437.77,81,Fitness
2059,Bajaj Water Bottle 357,1097.48,356,Home
2060,Nivia Skipping Rope 205,4431.45,361,Fitness
2061,Lenovo Monitor 421,43764.29,349,Electronics
2062,Milton Fan 590,5845.97,246,Home
2063,Milton Kettle 748,1863.77,361,Home
2064,Lenovo Speaker 226,50323.84,181,Electronics
2065,Ambrane Earbuds 414,853.28,488,Accessories
2066,Realme Speaker 180,10153.67,156,Electronics
2067,Anker Earbuds 428,2341.84,106,Accessories
2068,Xiaomi Monitor 248,16565.67,441,Electronics
2069,boAt Tablet 441,25275.72,251,Electronics
2070,Lenovo Smartwatch 881,79983.84,264,Electronics
2071,Portronics Keyboard 710,363.43,240,Accessories
2072,Adidas Dumbbell Set 121,4734.83,486,Fitness
2073,Adidas Resistance Band 658,2641.34,164,Fitness
2074,Decathlon Yoga Mat 112,689.16,32,Fitness
2075,Decathlon Resistance Band 491,811.74,356,Fitness
2076,Philips Lamp 608,6420.00,390,Home
2077,Logitech Keyboard 309,694.84,412,Accessories
2078,Realme Monitor 222,18392.99,203,Electronics
2079,Adidas Resistance Band 333,1615.79,306,Fitness
2080,Lenovo Laptop 796,54432.03,220,Electronics
2081,Realme Laptop 602,52122.19,334,Electronics
2082,Lenovo Laptop 747,41209.50,411,Electronics
2083,Anker USB Cable 105,1130.85,4,Accessories
2084,Realme Smartwatch 845,29645.39,267,Electronics
2085,Boldfit Skipping Rope 481,3212.41,295,Fitness
2086,Havells Iron 264,7605.70,438,Home
2087,Realme Mobile 491,45449.43,325,Electronics
2088,Zebronics Charger 103,3682.86,123,Accessories
2089,Decathlon Gym Bag 501,4529.78,107,Fitness
2090,Zebronics Earbuds 599,695.77,N/A,Accessories
2091,Ambrane Keyboard 594,3574.41,170,Accessories
2092,Lenovo Monitor 391,44442.70,316,Electronics
2093,boAt Speaker 295,14432.24,138,Electronics
2094,Adidas Resistance Band 235,1742.71,17,Fitness
2095,Portronics USB Cable 970,3310.19,159,Accessories
2096,Havells Kettle 561,1220.29,476,Home
2097,Nivia Resistance Band 591,1575.94,293,Fitness
2098,Zebronics Charger 499,3347.18,323,Accessories
2099,Ambrane Earbuds 854,3543.45,474,Accessories
2100,Philips Kettle 733,3609.48,310,Home
2101,Anker USB Cable 426,850.21,254,Accessories
2102,Adidas Resistance Band 753,2474.04,472,Fitness
2103,Zebronics Charger 960,3571.37,155,Accessories
2104,Philips Iron 153,0,188,Home
2105,Cosco Yoga Mat 860,3484.94,308,Fitness
2106,Xiaomi Tablet 275,49480.13,462,Electronics
2107,Nivia Dumbbell Set 277,844.79,221,Fitness
2108,Cosco Gym Bag 658,2671.80,476,Fitness
2109,Portronics Power Bank 301,990.88,421,Accessories
2110,Boldfit Gym Bag 727,1806.40,374,Fitness
2111,Portronics Mouse 954,769.67,130,Accessories
2112,Adidas Gym Bag 968,3368.37,426,Fitness
2113,Realme Laptop 689,50964.45,240,Electronics
2114,Philips Kettle 479,2439.86,299,Home
2115,Prestige Fan 838,7777.30,59,Home
2116,Prestige Mixer Grinder 101,2106.35,95,Home
2117,Realme Monitor 407,20883.43,441,Electronics
2118,Havells Iron 572,3684.56,86,Home
2119,Milton Fan 881,5112.22,281,Home
2120,Adidas Dumbbell Set 930,848.18,281,Fitness
2121,Adidas Dumbbell Set 396,2164.19,33,Fitness
2122,Boldfit Dumbbell Set 168,3807.72,291,Fitness
2123,Zebronics Power Bank 219,2783.44,167,Accessories
2124,Adidas Yoga Mat 794,3315.80,116,Fitness
2125,Portronics Keyboard 441,3869.09,427,Accessories
2126,Adidas Gym Bag 647,4803.89,319,Fitness
2127,Anker Keyboard 256,702.01,426,Accessories
2128,Boldfit Resistance Band 283,-931.54,44,Fitness
2129,Anker Power Bank 821,2471.92,143,Accessories
2130,Boldfit Resistance Band 863,1479.09,20,Fitness
2131,boAt Mobile 506,42895.25,395,Electronics
2132,Ambrane Power Bank 830,2635.09,410,Accessories
2133,Ambrane USB Cable 777,788.38,268,Accessories
2134,Zebronics Earbuds 633,1031.99,35,Accessories
2135,Bajaj Kettle 377,6223.69,0,Home
2136,Samsung Smartwatch 303,28312.78,312,Electronics
2137,Prestige Lamp 648,1331.78,73,Home
2138,Boldfit Dumbbell Set 391,523.55,153,Fitness
2139,Decathlon Dumbbell Set 604,689.71,485,Fitness
2140,Bajaj Water Bottle 389,4623.22,153,Home
2141,Bajaj Water Bottle 427,544.30,56,Home
2142,Nivia Skipping Rope 766,2888.33,0,Fitness
2143,Prestige Lamp 669,2324.00,98,Home
2144,Nivia Yoga Mat 206,700.48,345,Fitness
2145,Anker Charger 338,729.68,278,Accessories
2146,Philips Mixer Grinder 456,1603.76,146,Home
2147,Anker USB Cable 849,3319.75,264,Accessories
2148,Ambrane Charger 920,1123.63,225,Accessories
2149,Anker Charger 951,3882.70,138,Accessories
2150,Bajaj Fan 421,3900.47,78,Home
2151,Cosco Skipping Rope 239,4285.21,466,Fitness
2152,Adidas Dumbbell Set 852,4804.08,131,Fitness
2153,Havells Kettle 375,1741.07,242,Home
2154,Realme Tablet 316,66748.28,303,Electronics
2155,Xiaomi Speaker 548,28261.85,373,Electronics
2156,Ambrane USB Cable 843,2980.98,439,Accessories
2157,Philips Iron 571,3078.61,74,Home
2158,Philips Lamp 946,5533.46,360,Home
2159,Anker Keyboard 310,2846.14,455,Accessories
2160,Bajaj Water Bottle 190,3915.71,186,Home
2161,Ambrane Keyboard 949,3960.64,335,Accessories
2162,Adidas Resistance Band 788,2906.77,414,Fitness
2163,Boldfit Resistance Band 298,386.81,302,Fitness
2164,Xiaomi Laptop 236,84286.52,236,Electronics
2165,Philips Fan 760,6779.52,219,Home
2166,Boldfit Resistance Band 294,1366.39,49,Fitness
2167,Nivia Yoga Mat 496,1182.03,412,Fitness
2168,Ambrane Charger 188,1530.08,495,Accessories
2169,Milton Iron 266,6296.82,53,Home
2170,Adidas Dumbbell Set 769,2003.10,441,Fitness
2171,Logitech Keyboard 782,1814.90,184,Accessories
2172,boAt Tablet 779,61436.24,54,Electronics
2173,Xiaomi Smartwatch 403,81811.03,136,Electronics
2174,Portronics Charger 707,1388.12,89,Accessories
2175,Philips Water Bottle 402,958.63,173,Home
2176,Milton Mixer Grinder 272,1243.46,474,Home
2177,Nivia Resistance Band 359,223.10,277,Fitness
2178,boAt Smartwatch 690,58951.80,428,Electronics
2179,Anker Keyboard 861,N/A,188,Accessories
2180,Ambrane Keyboard 315,3318.26,many,Accessories
2181,boAt Tablet 526,73699.86,163,Electronics
2182,Cosco Yoga Mat 375,3290.59,187,Fitness
2183,Portronics Mouse 410,257.82,76,Accessories
2184,boAt Tablet 299,21346.82,18,Electronics
2185,Nivia Gym Bag 402,3788.83,312,Fitness
2186,Lenovo Laptop 599,66227.93,423,Electronics
2187,Boldfit Skipping Rope 201,2599.93,269,Fitness
2188,Boldfit Yoga Mat 441,2898.28,70,Fitness
2189,Anker Keyboard 114,1643.84,175,Accessories
2190,Decathlon Resistance Band 837,1277.67,164,Fitness
2191,Nivia Skipping Rope 104,1188.94,464,Fitness
2192,Bajaj Water Bottle 334,1070.72,474,Home
2193,Ambrane Earbuds 644,1889.06,0,Accessories
2194,Realme Smartwatch 969,15412.29,494,Electronics
2195,Havells Kettle 563,3488.68,472,Home
2196,Bajaj Kettle 691,4948.00,497,Home
2197,Bajaj Lamp 537,817.98,108,Home
2198,Boldfit Skipping Rope 915,2431.74,434,Fitness
2199,Xiaomi Laptop 794,43925.93,53,Electronics
2200,Zebronics Mouse 776,771.14,355,Accessories
2201,Realme Monitor 227,78411.61,456,Electronics
2202,Adidas Gym Bag 548,2689.40,179,Fitness
2203,Lenovo Smartwatch 459,19446.91,204,Electronics
2204,Anker Keyboard 311,189.60,74,Accessories
2205,Adidas Skipping Rope 910,3436.83,85,Fitness
2206,Decathlon Skipping Rope 691,1391.70,370,Fitness
2207,Xiaomi Speaker 850,8006.48,369,Electronics
2208,Realme Speaker 703,30711.71,13,Electronics
2209,Milton Lamp 266,814.98,78,Home
2210,Decathlon Gym Bag 973,3865.64,473,Fitness
2211,Xiaomi Smartwatch 421,61350.08,402,Electronics
2212,Anker Charger 582,1974.84,354,Accessories
2213,Decathlon Resistance Band 713,1889.72,143,Fitness
2214,boAt Monitor 279,62929.14,108,Electronics
2215,Adidas Gym Bag 891,3762.39,296,Fitness
2216,Zebronics Keyboard 664,3819.93,334,Accessories
2217,Boldfit Yoga Mat 590,1974.45,85,Fitness
2218,Anker Charger 820,2272.38,104,Accessories
2219,Ambrane USB Cable 792,1690.23,218,Accessories
2220,Xiaomi Tablet 818,87774.97,437,Electronics
2221,Nivia Dumbbell Set 749,4600.47,165,Fitness
2222,Philips Kettle 123,5526.60,449,Home
2223,Anker Keyboard 506,3616.46,434,Accessories
2224,boAt Mobile 615,43485.32,339,Electronics
2225,Xiaomi Laptop 597,23483.85,362,Electronics
2226,Decathlon Yoga Mat 332,880.81,219,Fitness
2227,boAt Monitor 448,7236.66,141,Electronics
2228,Havells Water Bottle 233,6825.99,0,Home
2229,Ambrane Mouse 204,942.27,410,Accessories
2230,Logitech Earbuds 932,2876.20,420,Accessories
2231,Milton Mixer Grinder 828,2306.24,321,Home
2232,Lenovo Monitor 344,63363.90,217,Electronics
2233,Decathlon Skipping Rope 675,1034.79,483,Fitness
2234,Havells Fan 213,5136.22,294,Home
2235,Adidas Skipping Rope 675,1227.14,357,Fitness
2236,Cosco Resistance Band 526,829.56,427,Fitness
2237,Boldfit Yoga Mat 336,1696.09,489,Fitness
2238,Boldfit Gym Bag 303,2565.00,493,Fitness
2239,Xiaomi Laptop 647,59247.53,60,Electronics
2240,Decathlon Skipping Rope 215,838.22,295,Fitness
2241,boAt Tablet 786,53161.83,484,Electronics
2242,Realme Smartwatch 162,75247.07,57,Electronics
2243,Realme Smartwatch 692,30322.45,360,Electronics
2244,Prestige Iron 948,4477.14,242,Home
2245,Adidas Resistance Band 229,3997.59,110,Fitness
2246,Milton Mixer Grinder 443,703.17,315,Home
2247,Milton Lamp 763,4329.70,87,Home
2248,Lenovo Smartwatch 811,14252.73,303,Electronics
2249,Portronics Mouse 899,2152.05,330,Accessories
2250,Philips Kettle 204,-4100.72,377,Home
2251,Anker Earbuds 384,3989.92,90,Accessories
2252,Samsung Smartwatch 449,61149.66,454,Electronics
2253,Bajaj Iron 220,4606.15,114,Home
2254,Adidas Skipping Rope 424,781.16,239,Fitness
2255,Zebronics Power Bank 291,3566.34,456,Accessories
2256,Havells Lamp 295,6072.56,108,Home
2257,Samsung Speaker 114,60059.36,212,Electronics
2258,Adidas Skipping Rope 933,1948.62,283,Fitness
2259,Realme Mobile 891,31048.48,207,Electronics
2260,Prestige Water Bottle 773,1660.86,445,Home
2261,Ambrane Keyboard 290,3848.00,256,Accessories
2262,Portronics Mouse 991,2021.18,71,Accessories
2263,Portronics Power Bank 454,1476.96,149,Accessories
2264,Samsung Tablet 723,18842.33,102,Electronics
2265,Ambrane Keyboard 795,1078.22,102,Accessories
2266,Havells Lamp 473,878.16,many,Home
2267,Samsung Smartwatch 949,39030.92,450,Electronics
2268,Nivia Skipping Rope 379,2677.81,302,Fitness
2269,Logitech Earbuds 260,1276.92,3,Accessories
2270,Samsung Laptop 627,63344.00,444,Electronics
2271,Zebronics Earbuds 850,3821.69,101,Accessories
2272,Prestige Fan 730,3193.28,348,Home
2273,Bajaj Kettle 301,TBD,338,Home
2274,Anker Mouse 744,843.60,0,Accessories
2275,Bajaj Kettle 855,1137.19,310,Home
2276,Nivia Yoga Mat 185,1470.28,160,Fitness
2277,Portronics Keyboard 678,1805.75,470,Accessories
2278,Lenovo Mobile 396,83926.59,231,Electronics
2279,Portronics Power Bank 586,3764.01,323,Accessories
2280,Milton Kettle 354,5063.32,201,Home
2281,Realme Mobile 506,70143.73,480,Electronics
2282,Logitech Charger 327,2030.07,100,Accessories
2283,Lenovo Tablet 364,23133.63,317,Electronics
2284,Xiaomi Smartwatch 619,30327.08,192,Electronics
2285,Logitech Charger 804,2342.46,151,Accessories
2286,Adidas Skipping Rope 283,4580.43,260,Fitness
2287,Cosco Resistance Band 593,4806.57,331,Fitness
2288,Realme Monitor 861,68619.40,252,Electronics
2289,Ambrane Charger 586,882.66,44,Accessories
2290,Prestige Water Bottle 749,4151.29,236,Home
2291,Zebronics Earbuds 870,1375.63,118,Accessories
2292,Samsung Monitor 206,5028.68,351,Electronics
2293,Realme Monitor 801,30479.88,42,Electronics
2294,Nivia Dumbbell Set 733,1673.05,434,Fitness
2295,Philips Fan 236,1729.80,350,Home
2296,Anker Earbuds 278,177.47,415,Accessories
2297,Adidas Resistance Band 284,3199.67,378,Fitness
2298,Adidas Gym Bag 325,2783.46,250,Fitness
2299,Logitech Power Bank 138,881.92,145,Accessories
2300,Samsung Speaker 670,71632.77,437,Electronics
2301,Boldfit Skipping Rope 412,1267.68,421,Fitness
2302,Decathlon Gym Bag 523,1594.26,322,Fitness
2303,Anker USB Cable 354,3833.77,5,Accessories
2304,Boldfit Yoga Mat 237,2093.21,210,Fitness
2305,Anker Mouse 644,2042.06,454,Accessories
2306,Boldfit Gym Bag 859,3628.19,355,Fitness
2307,Zebronics Power Bank 849,2414.98,480,Accessories
2308,Decathlon Resistance Band 361,1211.06,207,Fitness
2309,Cosco Resistance Band 905,3291.23,49,Fitness
2310,Milton Kettle 537,3341.25,242,Home
2311,Anker Charger 245,2330.34,380,Accessories
2312,Realme Mobile 312,19424.49,301,Electronics
2313,Adidas Yoga Mat 699,3637.14,352,Fitness
2314,Prestige Iron 393,3426.78,108,Home
2315,Adidas Resistance Band 433,748.75,285,Fitness
2316,Lenovo Speaker 783,57404.71,324,Electronics
2317,Decathlon Dumbbell Set 818,3896.60,many,Fitness
2318,Anker Mouse 211,1871.28,330,Accessories
2319,Ambrane Charger 736,3384.73,248,Accessories
2320,Xiaomi Laptop 352,66668.02,286,Electronics
2321,Decathlon Yoga Mat 233,2356.60,314,Fitness
2322,Anker Power Bank 862,2224.83,89,Accessories
2323,Adidas Yoga Mat 720,1517.51,382,Fitness
2324,Cosco Gym Bag 812,3394.23,165,Fitness
2325,Portronics Charger 638,230.82,373,Accessories
2326,boAt Speaker 462,12373.33,490,Electronics
2327,Milton Lamp 509,793.04,393,Home
2328,Portronics Charger 524,2019.73,50,Accessories
2329,Logitech Keyboard 753,1158.28,93,Accessories
2330,Anker Charger 215,1653.81,296,Accessories
2331,Xiaomi Smartwatch 926,32834.82,469,Electronics
2332,Boldfit Gym Bag 573,1443.09,446,Fitness
2333,boAt Monitor 233,46199.83,44,Electronics
2334,Prestige Kettle 809,1495.82,144,Home
2335,Samsung Mobile 943,17823.47,75,Electronics
2336,Havells Kettle 465,4955.43,132,Home
2337,Logitech Earbuds 665,1462.88,461,Accessories
2338,Nivia Gym Bag 333,2404.74,380,Fitness
2339,Nivia Gym Bag 543,2754.82,408,Fitness
2340,Ambrane Keyboard 218,494.35,430,Accessories
2341,Adidas Yoga Mat 161,3834.78,71,Fitness
2342,Cosco Dumbbell Set 755,3249.99,13,Fitness
2343,Realme Speaker 454,80286.67,451,Electronics
2344,Anker Earbuds 331,1465.67,71,Accessories
2345,Zebronics Power Bank 361,1925.43,342,Accessories
2346,Cosco Yoga Mat 775,3485.56,228,Fitness
2347,Milton Lamp 426,7378.99,76,Home
2348,Zebronics USB Cable 439,2555.12,47,Accessories
2349,Milton Iron 351,5341.14,176,Home
2350,Decathlon Skipping Rope 235,3610.27,464,Fitness
2351,Zebronics Earbuds 353,3610.20,106,Accessories
2352,Nivia Gym Bag 651,4680.34,192,Fitness
2353,Ambrane Keyboard 140,3301.45,354,Accessories
2354,Decathlon Yoga Mat 539,2987.88,404,Fitness
2355,Zebronics Earbuds 583,3816.25,190,Accessories
2356,Philips Mixer Grinder 390,3973.99,307,Home
2357,Adidas Dumbbell Set 826,782.85,82,Fitness
2358,Anker Charger 675,3575.77,396,Accessories
2359,Xiaomi Tablet 760,19442.65,39,Electronics
2360,Decathlon Skipping Rope 140,1919.20,249,Fitness
2361,Milton Mixer Grinder 875,778.25,295,Home
2362,Decathlon Gym Bag 288,1287.11,N/A,Fitness
2363,Samsung Laptop 825,4177.30,298,Electronics
2364,Zebronics Power Bank 888,1938.31,151,Accessories
2365,Lenovo Smartwatch 872,19234.57,289,Electronics
2366,Zebronics Keyboard 385,2785.44,241,Accessories
2367,Xiaomi Monitor 638,39872.37,437,Electronics
2368,Portronics Mouse 429,2323.91,30,Accessories
2369,Adidas Gym Bag 318,2183.38,443,Fitness
2370,Cosco Resistance Band 442,4059.57,221,Fitness
2371,Cosco Resistance Band 222,2593.52,64,Fitness
2372,Realme Speaker 240,81598.53,320,Electronics
2373,Bajaj Mixer Grinder 719,3088.56,79,Home
2374,Philips Water Bottle 639,723.76,114,Home
2375,Philips Kettle 968,free,311,Home
2376,Logitech Mouse 849,3316.95,385,Accessories
2377,Boldfit Skipping Rope 445,4771.40,167,Fitness
2378,Realme Tablet 672,41016.21,329,Electronics
2379,Decathlon Resistance Band 120,3007.48,497,Fitness
2380,Anker Power Bank 563,1006.87,68,Accessories
2381,Samsung Tablet 682,68134.96,118,Electronics
2382,Cosco Dumbbell Set 947,4230.90,135,Fitness
2383,Portronics USB Cable 357,1297.96,271,Accessories
2384,Portronics Charger 533,3262.57,41,Accessories
2385,Nivia Gym Bag 400,1171.32,199,Fitness
2386,Decathlon Gym Bag 931,4166.08,496,Fitness
2387,Xiaomi Smartwatch 347,62374.21,56,Electronics
2388,Havells Fan 867,4613.01,80,Home
2389,Samsung Smartwatch 726,54697.96,197,Electronics
2390,Samsung Monitor 994,52651.46,409,Electronics
2391,Bajaj Mixer Grinder 700,6550.62,490,Home
2392,Samsung Monitor 541,18449.58,25,Electronics
2393,Ambrane USB Cable 621,2747.31,409,Accessories
2394,Anker Earbuds 816,529.83,2,Accessories
2395,Lenovo Monitor 142,64670.70,480,Electronics
2396,Adidas Resistance Band 950,3140.73,465,Fitness
2397,Bajaj Fan 639,3114.53,96,Home
2398,Realme Tablet 210,73419.62,179,Electronics
2399,Cosco Gym Bag 908,4397.81,37,Fitness
2400,Cosco Skipping Rope 469,274.76,249,Fitness
2401,Philips Kettle 251,6669.80,87,Home
2402,Samsung Smartwatch 216,87121.03,223,Electronics
2403,Portronics USB Cable 519,3841.35,126,Accessories
2404,Ambrane USB Cable 944,2891.14,460,Accessories
2405,Zebronics Power Bank 902,3919.97,101,Accessories
2406,Logitech Charger 975,3775.39,300,Accessories
2407,Prestige Kettle 431,4655.12,175,Home
2408,Samsung Smartwatch 179,37175.14,435,Electronics
2409,Boldfit Yoga Mat 699,4336.52,410,Fitness
2410,Havells Mixer Grinder 157,1813.40,492,Home
2411,Anker Keyboard 610,336.74,410,Accessories
2412,Bajaj Mixer Grinder 755,5360.80,156,Home
2413,Logitech Earbuds 690,3541.45,256,Accessories
2414,Portronics Power Bank 198,384.19,381,Accessories
2415,Ambrane Earbuds 199,3332.82,0,Accessories
2416,Philips Water Bottle 846,7488.44,401,Home
2417,Anker Charger 706,2603.28,291,Accessories
2418,Lenovo Speaker 903,46987.82,170,Electronics
2419,Philips Water Bottle 328,1120.03,433,Home
2420,Zebronics Keyboard 663,262.20,91,Accessories
2421,Nivia Gym Bag 149,2725.81,311,Fitness
2422,boAt Mobile 632,4003.07,50,Electronics
2423,Lenovo Tablet 161,22809.89,317,Electronics
2424,Portronics Keyboard 386,660.98,462,Accessories
2425,Anker Earbuds 770,331.69,15,Accessories
2426,Ambrane Mouse 373,638.60,179,Accessories
2427,Adidas Skipping Rope 564,3090.16,356,Fitness
2428,Boldfit Dumbbell Set 373,2924.55,467,Fitness
2429,Boldfit Yoga Mat 518,227.23,182,Fitness
2430,Prestige Mixer Grinder 261,7013.81,441,Home
2431,Realme Monitor 308,64650.07,356,Electronics
2432,Samsung Laptop 920,79894.14,158,Electronics
2433,Ambrane USB Cable 698,2356.19,425,Accessories
2434,Portronics Earbuds 853,2071.15,124,Accessories
2435,Philips Kettle 309,7866.57,241,Home
2436,Samsung Smartwatch 362,44760.65,157,Electronics
2437,Prestige Iron 194,1887.20,481,Home
2438,Adidas Dumbbell Set 875,2895.13,245,Fitness
2439,Nivia Gym Bag 764,3085.19,107,Fitness
2440,Cosco Yoga Mat 560,2420.91,200,Fitness
2441,Logitech Earbuds 126,2533.62,468,Accessories
2442,Lenovo Tablet 534,76713.10,132,Electronics
2443,Logitech Power Bank 445,3764.50,427,Accessories
2444,Portronics USB Cable 355,2746.68,160,Accessories
2445,Nivia Gym Bag 229,4919.86,1,Fitness
2446,Xiaomi Tablet 522,30919.32,N/A,Electronics
2447,Philips Fan 846,6191.64,244,Home
2448,Prestige Iron 262,3426.11,303,Home
2449,Ambrane USB Cable 530,941.16,339,Accessories
2450,Milton Fan 803,5956.02,311,Home
2451,Samsung Tablet 158,-83481.23,381,Electronics
2452,Zebronics USB Cable 446,1114.60,77,Accessories
2453,Prestige Kettle 611,1199.68,447,Home
2454,Philips Mixer Grinder 502,2824.76,348,Home
2455,Cosco Skipping Rope 410,1339.43,62,Fitness
2456,Cosco Resistance Band 919,3183.60,45,Fitness
2457,Samsung Mobile 539,41765.91,274,Electronics
2458,Realme Speaker 847,21539.39,120,Electronics
2459,Nivia Gym Bag 645,1884.41,226,Fitness
2460,Samsung Tablet 584,31476.23,67,Electronics
2461,Zebronics Earbuds 656,3219.91,438,Accessories
2462,Havells Mixer Grinder 976,6108.87,362,Home
2463,Boldfit Yoga Mat 192,4419.56,484,Fitness
2464,Bajaj Kettle 910,6873.27,353,Home
2465,Logitech Mouse 278,245.50,14,Accessories
2466,boAt Laptop 201,38489.80,245,Electronics
2467,Decathlon Yoga Mat 418,3851.63,360,Fitness
2468,Lenovo Tablet 747,70884.85,335,Electronics
2469,Portronics Charger 582,1595.80,300,Accessories
2470,Decathlon Yoga Mat 934,3102.81,448,Fitness
2471,Decathlon Yoga Mat 562,1160.86,89,Fitness
2472,Zebronics Earbuds 414,1355.85,28,Accessories
2473,Decathlon Skipping Rope 167,4356.81,473,Fitness
2474,boAt Mobile 746,60820.07,250,Electronics
2475,Realme Laptop 688,43333.69,227,Electronics
2476,Bajaj Iron 677,4323.10,333,Home
2477,Realme Speaker 717,-68497.16,330,Electronics
2478,Cosco Dumbbell Set 503,3531.67,63,Fitness
2479,Havells Water Bottle 689,7348.95,157,Home
2480,Ambrane Earbuds 904,2578.41,407,Accessories
2481,Bajaj Kettle 250,4760.45,170,Home
2482,Zebronics Keyboard 670,318.80,493,Accessories
2483,Havells Fan 352,1035.21,319,Home
2484,Portronics Charger 675,2364.06,132,Accessories
2485,Anker Mouse 355,3479.59,43,Accessories
2486,Philips Lamp 213,3575.42,298,Home
2487,Adidas Resistance Band 253,3652.98,403,Fitness
2488,Nivia Gym Bag 406,4653.39,290,Fitness
2489,Philips Water Bottle 680,5639.63,187,Home
2490,Prestige Fan 111,7026.66,15,Home
2491,Bajaj Mixer Grinder 350,-6775.77,55,Home
2492,boAt Monitor 479,10233.19,25,Electronics
2493,Xiaomi Laptop 427,79603.31,461,Electronics
2494,boAt Tablet 486,7067.39,481,Electronics
2495,Zebronics Charger 959,1799.89,384,Accessories
2496,Decathlon Skipping Rope 802,1030.98,293,Fitness
2497,Philips Lamp 477,5994.74,303,Home
2498,boAt Speaker 148,-55283.09,309,Electronics
2499,Boldfit Dumbbell Set 874,1702.04,196,Fitness
2500,Anker USB Cable 562,3410.80,245,Accessories
2501,Boldfit Skipping Rope 125,1944.70,358,Fitness
2502,Philips Iron 729,3860.05,493,Home
2503,Realme Monitor 286,73082.64,479,Electronics
2504,Milton Iron 113,5805.37,392,Home
2505,Philips Kettle 150,6563.14,411,Home
2506,Adidas Dumbbell Set 858,4712.43,297,Fitness
2507,Havells Kettle 470,7359.48,237,Home
2508,Adidas Dumbbell Set 292,710.83,277,Fitness
2509,Prestige Mixer Grinder 609,2528.74,383,Home
2510,boAt Mobile 632,89183.34,54,Electronics
2511,Portronics Power Bank 673,2522.48,290,Accessories
2512,boAt Laptop 154,22990.84,305,Electronics
2513,Milton Iron 674,6261.18,417,Home
2514,Decathlon Skipping Rope 313,4738.86,373,Fitness
2515,Zebronics Power Bank 961,2661.97,198,Accessories
2516,Havells Water Bottle 653,6669.14,180,Home
2517,Portronics USB Cable 154,3027.52,195,Accessories
2518,Samsung Monitor 772,57268.16,458,Electronics
2519,Decathlon Gym Bag 404,2232.99,418,Fitness
2520,Samsung Speaker 117,54024.09,169,Electronics
2521,boAt Speaker 901,43737.27,294,Electronics
2522,Nivia Yoga Mat 192,3648.47,228,Fitness
2523,Nivia Resistance Band 270,4896.02,356,Fitness
2524,Realme Speaker 512,40284.91,6,Electronics
2525,Philips Kettle 484,4140.19,105,Home
2526,Bajaj Fan 886,6887.92,168,Home
2527,Decathlon Resistance Band 888,1953.98,38,Fitness
2528,boAt Laptop 561,44859.58,361,Electronics
2529,Xiaomi Mobile 974,65770.50,389,Electronics
2530,Realme Smartwatch 213,31551.89,473,Electronics
2531,Cosco Gym Bag 618,2197.20,213,Fitness
2532,Cosco Dumbbell Set 113,4707.59,346,Fitness
2533,Cosco Dumbbell Set 502,1999.12,73,Fitness
2534,boAt Monitor 745,43560.82,461,Electronics
2535,Prestige Water Bottle 323,2516.93,413,Home
2536,Boldfit Resistance Band 563,485.60,203,Fitness
2537,Lenovo Speaker 836,50219.28,379,Electronics
2538,Lenovo Mobile 761,56508.72,118,Electronics
2539,Ambrane Charger 243,3405.21,484,Accessories
2540,Anker Keyboard 126,1462.85,448,Accessories
2541,Decathlon Skipping Rope 164,406.40,211,Fitness
2542,Lenovo Monitor 930,54591.40,396,Electronics
2543,Lenovo Monitor 803,49906.88,317,Electronics
2544,Logitech Earbuds 756,1202.28,206,Accessories
2545,boAt Mobile 207,28295.85,476,Electronics
2546,Lenovo Laptop 767,10538.70,398,Electronics
2547,Logitech Mouse 278,3590.44,1,Accessories
2548,Milton Kettle 956,1996.32,428,Home
2549,Bajaj Water Bottle 250,6771.08,61,Home
2550,Milton Kettle 478,2113.24,299,Home
2551,Ambrane Earbuds 615,3054.38,149,Accessories
2552,Zebronics Keyboard 370,2104.11,158,Accessories
2553,boAt Tablet 131,65672.79,427,Electronics
2554,Anker Mouse 289,2029.87,402,Accessories
2555,Realme Monitor 478,18233.67,382,Electronics
2556,Samsung Speaker 221,48917.76,242,Electronics
2557,Philips Fan 833,7497.24,161,Home
2558,Prestige Water Bottle 736,3475.55,199,Home
2559,Nivia Gym Bag 175,1984.08,245,Fitness
2560,Nivia Skipping Rope 131,3951.63,190,Fitness
2561,Milton Water Bottle 508,6052.01,186,Home
2562,Ambrane Mouse 462,233.80,73,Accessories
2563,Logitech Keyboard 320,2168.65,157,Accessories
2564,Lenovo Speaker 751,75525.95,354,Electronics
2565,Samsung Tablet 997,25325.86,249,Electronics
2566,Samsung Mobile 923,47193.35,349,Electronics
2567,Realme Monitor 687,51498.78,52,Electronics
2568,Havells Water Bottle 999,4312.09,288,Home
2569,Nivia Skipping Rope 265,3196.55,477,Fitness
2570,Anker Mouse 673,231.90,62,Accessories
2571,Ambrane Charger 973,449.05,16,Accessories
2572,Bajaj Kettle 711,6383.43,41,Home
2573,Cosco Dumbbell Set 369,3942.82,242,Fitness
2574,Logitech Charger 168,774.03,194,Accessories
2575,Logitech Earbuds 112,2475.40,350,Accessories
2576,Prestige Mixer Grinder 913,0,455,Home
2577,Portronics Power Bank 965,322.16,153,Accessories
2578,Logitech Mouse 802,1230.11,16,Accessories
2579,Bajaj Lamp 767,5577.33,179,Home
2580,boAt Tablet 432,59783.51,43,Electronics
2581,Havells Iron 760,7112.75,239,Home
2582,Realme Mobile 104,79081.22,368,Electronics
2583,Zebronics Mouse 782,1872.63,392,Accessories
2584,Cosco Gym Bag 102,2217.19,432,Fitness
2585,Portronics Mouse 628,3109.98,374,Accessories
2586,Decathlon Yoga Mat 498,1870.68,114,Fitness
2587,Philips Fan 427,5836.21,137,Home
2588,Adidas Dumbbell Set 276,3174.67,154,Fitness
2589,boAt Monitor 732,10546.85,89,Electronics
2590,Havells Fan 981,6933.44,177,Home
2591,Zebronics Power Bank 892,1741.40,394,Accessories
2592,Havells Kettle 858,4175.17,452,Home
2593,Logitech Keyboard 379,3129.94,137,Accessories
2594,Samsung Tablet 489,67179.15,103,Electronics
2595,Philips Lamp 768,3358.27,90,Home
2596,Prestige Fan 551,4473.73,280,Home
2597,Zebronics Mouse 718,3068.84,7,Accessories
2598,Xiaomi Smartwatch 172,63812.02,177,Electronics
2599,Logitech Mouse 167,1369.93,212,Accessories
2600,Nivia Dumbbell Set 655,4344.52,275,Fitness
2601,Lenovo Laptop 211,23763.99,9,Electronics
2602,Cosco Gym Bag 271,2471.57,220,Fitness
2603,Bajaj Kettle 300,5090.63,217,Home
2604,Bajaj Iron 394,5192.85,234,Home
2605,Adidas Dumbbell Set 229,312.19,12,Fitness
2606,Logitech Power Bank 483,726.22,486,Accessories
2607,Xiaomi Mobile 948,19203.10,89,Electronics
2608,Prestige Lamp 408,5105.30,64,Home
2609,Bajaj Water Bottle 678,2208.16,80,Home
2610,Boldfit Skipping Rope 678,4460.40,442,Fitness
2611,Boldfit Resistance Band 344,1335.22,223,Fitness
2612,Adidas Dumbbell Set 470,2108.16,165,Fitness
2613,Lenovo Tablet 963,85804.70,492,Electronics
2614,Nivia Skipping Rope 589,2295.98,363,Fitness
2615,Nivia Gym Bag 538,3652.21,346,Fitness
2616,Zebronics Mouse 148,2163.90,283,Accessories
2617,Nivia Dumbbell Set 436,3620.57,179,Fitness
2618,Decathlon Yoga Mat 894,962.46,441,Fitness
2619,Bajaj Mixer Grinder 424,7688.86,16,Home
2620,Nivia Gym Bag 778,3005.54,495,Fitness
2621,Samsung Smartwatch 288,13580.97,43,Electronics
2622,Philips Iron 998,6513.55,410,Home
2623,Portronics Power Bank 331,2605.10,187,Accessories
2624,Anker Mouse 947,554.38,304,Accessories
2625,boAt Speaker 120,83336.11,151,Electronics
2626,Decathlon Dumbbell Set 326,-3322.58,281,Fitness
2627,Cosco Dumbbell Set 995,4862.00,255,Fitness
2628,Milton Kettle 715,3311.42,125,Home
2629,Cosco Resistance Band 197,3840.31,237,Fitness
2630,Lenovo Laptop 564,64685.32,110,Electronics
2631,Havells Kettle 860,3891.11,318,Home
2632,Ambrane Keyboard 173,3992.86,351,Accessories
2633,Lenovo Speaker 409,58644.74,333,Electronics
2634,Samsung Smartwatch 546,14987.94,223,Electronics
2635,Philips Water Bottle 663,436.77,0,Home
2636,Nivia Dumbbell Set 935,3555.24,252,Fitness
2637,Lenovo Smartwatch 143,10685.24,101,Electronics
2638,Zebronics Power Bank 195,667.70,45,Accessories
2639,Prestige Iron 803,2425.15,247,Home
2640,Nivia Resistance Band 240,2708.41,400,Fitness
2641,Logitech Power Bank 776,3613.80,164,Accessories
2642,Logitech Earbuds 918,2005.39,456,Accessories
2643,Boldfit Skipping Rope 268,2881.41,155,Fitness
2644,Zebronics Charger 238,2015.22,423,Accessories
2645,Ambrane Keyboard 182,1217.16,206,Accessories
2646,Anker Power Bank 823,3664.41,125,Accessories
2647,Cosco Yoga Mat 677,2524.86,403,Fitness
2648,Realme Monitor 418,80800.89,89,Electronics
2649,Decathlon Yoga Mat 240,3358.05,329,Fitness
2650,Xiaomi Mobile 740,33195.21,185,Electronics
2651,Adidas Gym Bag 961,1081.73,40,Fitness
2652,Decathlon Gym Bag 969,3156.63,204,Fitness
2653,Lenovo Laptop 650,17546.67,30,Electronics
2654,Boldfit Dumbbell Set 165,4379.94,334,Fitness
2655,Decathlon Skipping Rope 419,4451.97,62,Fitness
2656,Zebronics Power Bank 903,1491.07,106,Accessories
2657,Boldfit Skipping Rope 495,1300.35,33,Fitness
2658,Bajaj Fan 439,6076.00,233,Home
2659,Philips Kettle 698,4585.81,434,Home
2660,Anker Power Bank 578,236.73,182,Accessories
2661,Nivia Gym Bag 619,865.32,339,Fitness
2662,Samsung Mobile 910,51913.27,310,Electronics
2663,Logitech Earbuds 518,2684.08,475,Accessories
2664,Boldfit Dumbbell Set 501,4472.92,228,Fitness
2665,Adidas Resistance Band 177,924.55,360,Fitness
2666,Xiaomi Laptop 617,6562.56,309,Electronics
2667,Zebronics USB Cable 481,1543.26,113,Accessories
2668,Xiaomi Speaker 937,27510.92,352,Electronics
2669,Nivia Yoga Mat 731,2757.55,455,Fitness
2670,Adidas Resistance Band 925,801.79,383,Fitness
2671,Xiaomi Laptop 584,57434.87,343,Electronics
2672,Boldfit Yoga Mat 483,2730.35,372,Fitness
2673,Adidas Yoga Mat 680,562.25,465,Fitness
2674,Cosco Yoga Mat 284,945.38,335,Fitness
2675,Milton Mixer Grinder 986,3288.89,361,Home
2676,Lenovo Laptop 350,0,485,Electronics
2677,Philips Fan 123,938.82,327,Home
2678,Portronics Charger 768,338.34,179,Accessories
2679,Decathlon Resistance Band 846,3797.98,106,Fitness
2680,Lenovo Speaker 647,34008.66,461,Electronics
2681,Xiaomi Speaker 882,56234.12,269,Electronics
2682,Philips Water Bottle 749,7574.90,157,Home
2683,Decathlon Gym Bag 279,984.67,17,Fitness
2684,Decathlon Gym Bag 839,1738.10,302,Fitness
2685,Milton Kettle 875,7599.53,439,Home
2686,Havells Lamp 876,6537.09,389,Home
2687,Bajaj Kettle 353,5310.12,406,Home
2688,Cosco Gym Bag 422,2905.47,229,Fitness
2689,Portronics Mouse 592,3677.85,331,Accessories
2690,Zebronics Charger 567,2265.99,163,Accessories
2691,Zebronics Earbuds 522,2384.88,165,Accessories
2692,Boldfit Gym Bag 906,3964.71,176,Fitness
2693,Bajaj Lamp 504,1752.00,128,Home
2694,Decathlon Yoga Mat 740,732.95,ten,Fitness
2695,boAt Mobile 464,12731.34,218,Electronics
2696,Nivia Resistance Band 469,4741.17,229,Fitness
2697,Zebronics Charger 321,2117.73,425,Accessories
2698,Cosco Dumbbell Set 165,3030.30,69,Fitness
2699,boAt Laptop 507,87101.16,420,Electronics
2700,boAt Tablet 904,45386.80,43,Electronics
2701,Decathlon Dumbbell Set 888,4404.25,215,Fitness
2702,Realme Laptop 416,61048.92,56,Electronics
2703,Xiaomi Speaker 606,85331.56,225,Electronics
2704,Boldfit Yoga Mat 606,739.97,461,Fitness
2705,Bajaj Water Bottle 134,6586.87,481,Home
2706,Boldfit Resistance Band 930,309.68,313,Fitness
2707,Logitech Power Bank 589,2559.60,0,Accessories
2708,Boldfit Resistance Band 974,254.11,406,Fitness
2709,Milton Lamp 579,6242.10,73,Home
2710,Milton Mixer Grinder 367,3278.48,491,Home
2711,Milton Iron 721,1932.23,52,Home
2712,Logitech USB Cable 918,1153.62,145,Accessories
2713,Ambrane Earbuds 941,2785.76,17,Accessories
2714,Ambrane Keyboard 798,1973.27,139,Accessories
2715,Havells Iron 631,7641.43,132,Home
2716,Zebronics Mouse 426,891.30,396,Accessories
2717,Bajaj Fan 929,3303.37,126,Home
2718,Ambrane Charger 424,770.83,295,Accessories
2719,Milton Kettle 194,6253.62,391,Home
2720,Ambrane Earbuds 137,2798.53,97,Accessories
2721,Adidas Dumbbell Set 550,212.90,36,Fitness
2722,Anker Earbuds 542,3082.45,157,Accessories
2723,Nivia Resistance Band 692,2839.32,2,Fitness
2724,Nivia Skipping Rope 522,3869.79,114,Fitness
2725,Realme Smartwatch 379,31396.79,454,Electronics
2726,Milton Water Bottle 300,3086.72,81,Home
2727,Milton Iron 753,1028.17,352,Home
2728,Boldfit Dumbbell Set 992,611.55,166,Fitness
2729,Zebronics Earbuds 731,370.24,453,Accessories
2730,Boldfit Yoga Mat 203,1297.92,85,Fitness
2731,Milton Iron 684,2920.14,177,Home
2732,Prestige Mixer Grinder 538,1717.40,176,Home
2733,Bajaj Water Bottle 697,6214.89,112,Home
2734,Logitech Earbuds 282,2476.20,42,Accessories
2735,Adidas Skipping Rope 425,643.41,81,Fitness
2736,Bajaj Iron 997,5786.47,364,Home
2737,Bajaj Lamp 641,1213.48,66,Home
2738,Bajaj Fan 244,4525.76,356,Home
2739,Decathlon Skipping Rope 903,2479.30,480,Fitness
2740,Adidas Dumbbell Set 712,966.17,ten,Fitness
2741,Samsung Monitor 132,76033.44,357,Electronics
2742,Adidas Skipping Rope 176,4910.29,256,Fitness
2743,Bajaj Water Bottle 773,7771.09,348,Home
2744,Milton Kettle 523,7936.85,283,Home
2745,Portronics USB Cable 784,3529.88,249,Accessories
2746,Ambrane Keyboard 785,3404.70,447,Accessories
2747,Adidas Yoga Mat 756,3431.83,369,Fitness
2748,boAt Mobile 621,6300.59,411,Electronics
2749,Philips Kettle 451,2527.56,476,Home
2750,Prestige Iron 988,6954.97,453,Home
2751,Portronics Power Bank 730,2568.11,352,Accessories
2752,Prestige Fan 996,6298.07,155,Home
2753,Samsung Tablet 898,87905.55,205,Electronics
2754,Cosco Resistance Band 608,1102.36,45,Fitness
2755,Portronics Mouse 434,3901.11,201,Accessories
2756,Adidas Resistance Band 636,3229.03,328,Fitness
2757,Anker Keyboard 914,2663.27,344,Accessories
2758,Anker Keyboard 710,2458.44,147,Accessories
2759,Nivia Skipping Rope 762,4113.36,404,Fitness
2760,Logitech Earbuds 283,3684.33,371,Accessories
2761,Decathlon Dumbbell Set 996,1277.45,116,Fitness
2762,Xiaomi Mobile 938,21002.26,480,Electronics
2763,boAt Smartwatch 458,36353.05,396,Electronics
2764,Samsung Tablet 195,22958.22,102,Electronics
2765,Samsung Laptop 549,5869.27,282,Electronics
2766,Adidas Gym Bag 908,1803.60,279,Fitness
2767,Logitech Keyboard 462,333.10,72,Accessories
2768,Cosco Skipping Rope 948,2187.46,278,Fitness
2769,Decathlon Skipping Rope 335,2922.44,389,Fitness
2770,Bajaj Iron 789,6317.32,426,Home
2771,Samsung Mobile 376,88299.34,271,Electronics
2772,Ambrane Mouse 551,2997.83,300,Accessories
2773,Realme Monitor 393,17174.44,404,Electronics
2774,Anker Earbuds 317,521.23,67,Accessories
2775,Logitech Keyboard 847,1725.73,277,Accessories
2776,Nivia Dumbbell Set 285,2057.05,63,Fitness
2777,Realme Laptop 947,33445.57,450,Electronics
2778,Bajaj Iron 381,2240.79,440,Home
2779,Cosco Skipping Rope 852,4797.16,115,Fitness
2780,Anker Earbuds 598,2363.00,326,Accessories
2781,Samsung Monitor 162,49052.59,286,Electronics
2782,Lenovo Speaker 736,8643.79,249,Electronics
2783,Adidas Dumbbell Set 244,490.14,432,Fitness
2784,Realme Smartwatch 919,29976.31,469,Electronics
2785,Realme Mobile 723,50573.23,387,Electronics
2786,Zebronics Mouse 527,3361.15,351,Accessories
2787,Decathlon Gym Bag 413,4776.78,80,Fitness
2788,Decathlon Resistance Band 144,1737.18,7,Fitness
2789,Logitech Keyboard 809,3771.71,159,Accessories
2790,Xiaomi Monitor 470,75023.26,353,Electronics
2791,Nivia Dumbbell Set 272,3727.73,446,Fitness
2792,Havells Fan 783,797.59,95,Home
2793,boAt Tablet 862,28139.90,0,Electronics
2794,Adidas Gym Bag 731,2582.48,28,Fitness
2795,Xiaomi Mobile 580,37867.29,80,Electronics
2796,Portronics USB Cable 982,1845.65,98,Accessories
2797,Prestige Lamp 585,5188.21,18,Home
2798,Philips Water Bottle 382,5114.28,416,Home
2799,Logitech Power Bank 786,815.74,348,Accessories
2800,Lenovo Speaker 948,7771.63,466,Electronics
2801,Prestige Iron 123,4108.60,N/A,Home
2802,Zebronics Power Bank 987,900.70,302,Accessories
2803,Lenovo Mobile 366,19773.60,313,Electronics
2804,Anker Power Bank 853,614.32,413,Accessories
2805,Portronics Charger 847,2850.33,93,Accessories
2806,Realme Tablet 240,12875.33,196,Electronics
2807,Lenovo Monitor 828,14993.55,130,Electronics
2808,Philips Fan 270,991.68,443,Home
2809,Nivia Dumbbell Set 552,3103.90,109,Fitness
2810,Realme Laptop 656,31690.08,306,Electronics
2811,Prestige Lamp 482,499.91,303,Home
2812,Decathlon Yoga Mat 857,847.88,261,Fitness
2813,Cosco Skipping Rope 960,TBD,267,Fitness
2814,Logitech Earbuds 224,3205.73,103,Accessories
2815,Xiaomi Mobile 529,72925.43,250,Electronics
2816,Ambrane Keyboard 471,1795.50,117,Accessories
2817,Adidas Resistance Band 468,2981.95,227,Fitness
2818,Decathlon Gym Bag 730,3330.79,377,Fitness
2819,boAt Monitor 434,70945.83,304,Electronics
2820,Portronics Charger 196,2085.16,0,Accessories
2821,Decathlon Resistance Band 355,1401.69,274,Fitness
2822,Anker USB Cable 984,1209.04,164,Accessories
2823,Milton Water Bottle 504,582.48,391,Home
2824,Milton Fan 681,6512.27,ten,Home
2825,Milton Water Bottle 502,3762.75,391,Home
2826,Realme Speaker 275,63655.14,261,Electronics
2827,Boldfit Resistance Band 188,1096.24,31,Fitness
2828,Philips Lamp 875,1517.21,190,Home
2829,Realme Tablet 733,23477.70,181,Electronics
2830,Decathlon Gym Bag 463,3337.34,458,Fitness
2831,Boldfit Yoga Mat 739,3876.76,407,Fitness
2832,Logitech Keyboard 859,2531.65,233,Accessories
2833,Prestige Fan 283,1904.69,234,Home
2834,Anker USB Cable 499,177.07,463,Accessories
2835,Boldfit Resistance Band 545,3112.76,486,Fitness
2836,Decathlon Gym Bag 297,1768.36,184,Fitness
2837,Havells Kettle 697,3722.69,22,Home
2838,Xiaomi Monitor 641,78932.15,429,Electronics
2839,Logitech USB Cable 829,2527.32,346,Accessories
2840,Milton Iron 146,5901.81,206,Home
2841,Havells Water Bottle 308,1274.05,105,Home
2842,Philips Mixer Grinder 779,4953.84,396,Home
2843,Bajaj Iron 299,3265.86,424,Home
2844,Zebronics USB Cable 765,3606.30,125,Accessories
2845,Cosco Dumbbell Set 245,3710.96,391,Fitness
2846,Prestige Water Bottle 843,7763.18,331,Home
2847,Nivia Resistance Band 235,2663.75,332,Fitness
2848,Lenovo Mobile 753,57708.77,272,Electronics
2849,Decathlon Gym Bag 946,4473.97,275,Fitness
2850,Samsung Laptop 502,58797.05,158,Electronics
2851,Cosco Gym Bag 930,3354.89,416,Fitness
2852,Philips Iron 150,4374.99,250,Home
2853,Samsung Smartwatch 712,33742.72,379,Electronics
2854,Havells Kettle 336,1138.19,204,Home
2855,Logitech Mouse 239,3953.13,450,Accessories
2856,Prestige Mixer Grinder 516,6905.84,126,Home
2857,Decathlon Gym Bag 353,245.43,112,Fitness
2858,boAt Tablet 730,72794.72,371,Electronics
2859,Philips Fan 775,4678.81,35,Home
2860,Anker Charger 177,1678.37,411,Accessories
2861,Philips Mixer Grinder 750,6656.52,461,Home
2862,Decathlon Resistance Band 348,2874.98,131,Fitness
2863,Adidas Skipping Rope 713,2577.63,469,Fitness
2864,Adidas Gym Bag 531,823.16,156,Fitness
2865,Nivia Yoga Mat 347,2624.61,191,Fitness
2866,Prestige Fan 294,4550.21,376,Home
2867,Ambrane Mouse 780,3605.61,49,Accessories
2868,Adidas Gym Bag 336,4659.43,473,Fitness
2869,Havells Iron 737,1821.16,460,Home
2870,Ambrane Keyboard 181,1574.62,16,Accessories
2871,Milton Lamp 625,585.03,303,Home
2872,Prestige Fan 585,3468.50,257,Home
2873,Samsung Monitor 650,55461.67,410,Electronics
2874,Portronics USB Cable 198,1106.87,420,Accessories
2875,Anker Keyboard 954,2750.51,427,Accessories
2876,Portronics Keyboard 978,3048.98,133,Accessories
2877,Ambrane Charger 396,797.57,404,Accessories
2878,Portronics Power Bank 216,1558.30,135,Accessories
2879,Philips Kettle 868,1060.69,142,Home
2880,Samsung Mobile 238,66929.37,151,Electronics
2881,Ambrane Charger 262,421.52,462,Accessories
2882,Anker Earbuds 194,3624.61,464,Accessories
2883,Cosco Gym Bag 974,3762.58,231,Fitness
2884,Boldfit Resistance Band 787,4450.09,67,Fitness
2885,Ambrane Power Bank 657,2242.88,434,Accessories
2886,Milton Water Bottle 262,1919.78,450,Home
2887,Philips Mixer Grinder 894,2913.09,460,Home
2888,Decathlon Dumbbell Set 841,4858.39,188,Fitness
2889,Havells Fan 613,6806.24,233,Home
2890,Philips Water Bottle 356,1986.33,348,Home
2891,Decathlon Gym Bag 801,1314.09,174,Fitness
2892,Logitech Keyboard 342,3639.45,336,Accessories
2893,Zebronics Charger 836,395.54,142,Accessories
2894,Decathlon Dumbbell Set 535,1025.11,222,Fitness
2895,Havells Mixer Grinder 664,7600.87,288,Home
2896,Decathlon Gym Bag 291,1363.40,290,Fitness
2897,Anker Mouse 823,3102.70,45,Accessories
2898,Havells Iron 988,7626.05,273,Home
2899,Anker Charger 498,1200.80,173,Accessories
2900,Decathlon Gym Bag 713,2937.45,135,Fitness
2901,Decathlon Yoga Mat 104,778.23,293,Fitness
2902,Xiaomi Tablet 945,43031.80,304,Electronics
2903,Ambrane Earbuds 483,1161.09,490,Accessories
2904,Cosco Yoga Mat 478,4268.66,462,Fitness
2905,Zebronics Charger 739,1868.54,119,Accessories
2906,Bajaj Mixer Grinder 644,3993.62,464,Home
2907,Decathlon Dumbbell Set 721,3350.15,275,Fitness
2908,Lenovo Mobile 525,17264.15,197,Electronics
2909,Havells Water Bottle 685,7345.24,157,Home
2910,Samsung Laptop 458,86210.20,403,Electronics
2911,Logitech Charger 946,3802.23,0,Accessories
2912,Decathlon Yoga Mat 358,2314.25,482,Fitness
2913,Logitech USB Cable 298,3029.78,279,Accessories
2914,Anker Keyboard 884,2392.38,274,Accessories
2915,Bajaj Lamp 986,5047.30,369,Home
2916,Bajaj Iron 222,6660.18,258,Home
2917,Anker USB Cable 999,1867.58,423,Accessories
2918,boAt Laptop 640,52125.40,153,Electronics
2919,Logitech Charger 926,822.65,33,Accessories
2920,Milton Lamp 802,2916.63,386,Home
2921,Boldfit Dumbbell Set 433,3609.23,499,Fitness
2922,Decathlon Resistance Band 627,3918.60,347,Fitness
2923,Milton Fan 812,1150.56,195,Home
2924,Zebronics Mouse 612,999.53,366,Accessories
2925,Cosco Dumbbell Set 554,1590.20,7,Fitness
2926,boAt Mobile 955,46699.53,389,Electronics
2927,Adidas Yoga Mat 772,3726.35,380,Fitness
2928,Zebronics Charger 970,2718.80,288,Accessories
2929,Lenovo Mobile 260,11025.66,261,Electronics
2930,Zebronics Earbuds 519,419.80,491,Accessories
2931,Bajaj Kettle 739,7211.29,177,Home
2932,Prestige Water Bottle 852,2156.67,388,Home
2933,Realme Laptop 954,21521.10,87,Electronics
2934,Philips Water Bottle 870,6251.40,276,Home
2935,Havells Iron 851,7134.41,149,Home
2936,Samsung Mobile 121,62152.29,5,Electronics
2937,Zebronics Mouse 209,1449.58,148,Accessories
2938,Ambrane Keyboard 236,2874.13,98,Accessories
2939,boAt Monitor 918,27497.37,378,Electronics
2940,boAt Speaker 235,5485.16,82,Electronics
2941,Lenovo Monitor 616,23439.12,417,Electronics
2942,Logitech Mouse 418,1568.75,229,Accessories
2943,Zebronics Earbuds 814,2877.14,126,Accessories
2944,Nivia Dumbbell Set 223,2583.35,246,Fitness
2945,Lenovo Mobile 145,47614.36,307,Electronics
2946,Milton Kettle 645,5264.77,480,Home
2947,Zebronics Power Bank 123,805.33,160,Accessories
2948,Philips Lamp 617,6219.05,420,Home
2949,Cosco Resistance Band 581,666.86,119,Fitness
2950,Philips Mixer Grinder 418,4720.44,314,Home
2951,Lenovo Laptop 252,16700.48,371,Electronics
2952,Realme Speaker 370,19626.52,106,Electronics
2953,Havells Fan 809,3780.23,415,Home
2954,Philips Water Bottle 352,336.55,397,Home
2955,Milton Fan 104,5512.77,many,Home
2956,Portronics Mouse 251,689.03,93,Accessories
2957,Adidas Skipping Rope 188,4169.55,206,Fitness
2958,Zebronics USB Cable 732,3485.43,213,Accessories
2959,Bajaj Lamp 883,7526.33,139,Home
2960,Samsung Laptop 548,9572.59,343,Electronics
2961,Samsung Speaker 156,51104.92,101,Electronics
2962,Nivia Gym Bag 873,1852.27,419,Fitness
2963,Portronics Mouse 255,1764.07,380,Accessories
2964,Samsung Mobile 316,61217.72,268,Electronics
2965,Prestige Iron 303,5412.86,245,Home
2966,Zebronics Charger 676,2696.76,408,Accessories
2967,Prestige Mixer Grinder 569,959.11,21,Home
2968,Logitech Mouse 979,370.67,28,Accessories
2969,Havells Kettle 387,7322.93,361,Home
2970,Havells Mixer Grinder 482,3453.88,494,Home
2971,boAt Speaker 150,51962.28,98,Electronics
2972,Adidas Skipping Rope 730,716.18,429,Fitness
2973,Realme Smartwatch 366,41999.99,80,Electronics
2974,Boldfit Yoga Mat 257,3857.43,332,Fitness
2975,Milton Lamp 389,3084.49,398,Home
2976,Logitech Charger 326,2597.29,309,Accessories
2977,Nivia Yoga Mat 198,-4070.29,454,Fitness
2978,Ambrane Mouse 622,444.06,100,Accessories
2979,Philips Iron 204,2439.61,48,Home
2980,Adidas Gym Bag 491,2055.96,493,Fitness
2981,Decathlon Dumbbell Set 290,3609.19,427,Fitness
2982,Lenovo Smartwatch 538,83119.72,497,Electronics
2983,Zebronics Keyboard 395,2058.89,286,Accessories
2984,Havells Lamp 470,2766.97,223,Home
2985,Prestige Fan 392,3866.98,338,Home
2986,Xiaomi Speaker 706,22535.63,0,Electronics
2987,Milton Lamp 392,3440.82,29,Home
2988,Ambrane Earbuds 177,3088.54,204,Accessories
2989,Anker Charger 322,628.84,68,Accessories
2990,Milton Water Bottle 627,587.81,462,Home
2991,Boldfit Resistance Band 685,1249.25,81,Fitness
2992,Lenovo Smartwatch 325,11601.22,407,Electronics
2993,Havells Iron 315,0,14,Home
2994,Decathlon Yoga Mat 493,2905.64,214,Fitness
2995,boAt Smartwatch 546,84760.09,463,Electronics
2996,Boldfit Resistance Band 438,3297.87,146,Fitness
2997,Bajaj Iron 522,2492.01,97,Home
2998,Ambrane Earbuds 516,2450.90,481,Accessories
2999,Adidas Skipping Rope 929,467.02,239,Fitness
3000,Logitech Power Bank 194,1751.34,179,Accessories
3001,Realme Laptop 632,63294.46,312,Electronics
3002,Boldfit Resistance Band 365,4506.60,385,Fitness
3003,Realme Tablet 245,27853.21,303,Electronics
3004,Samsung Mobile 694,66879.87,124,Electronics
3005,Nivia Yoga Mat 661,2526.84,337,Fitness
3006,Adidas Skipping Rope 105,1757.80,301,Fitness
3007,Adidas Skipping Rope 779,1930.70,394,Fitness
3008,Decathlon Skipping Rope 313,3654.46,288,Fitness
3009,Prestige Lamp 694,6220.54,110,Home
3010,Havells Kettle 897,3526.81,57,Home
3011,Logitech Power Bank 204,1732.72,365,Accessories
3012,Logitech USB Cable 728,2708.22,186,Accessories
3013,Boldfit Gym Bag 844,1117.95,430,Fitness
3014,Portronics Mouse 679,2164.98,N/A,Accessories
3015,Bajaj Lamp 577,1920.92,64,Home
3016,Havells Iron 912,6651.09,479,Home
3017,Adidas Resistance Band 591,2323.73,132,Fitness
3018,Cosco Resistance Band 806,4819.09,436,Fitness
3019,Portronics Charger 889,2676.60,294,Accessories
3020,boAt Monitor 346,87233.96,31,Electronics
3021,Samsung Monitor 470,88847.90,442,Electronics
3022,Bajaj Kettle 223,3615.78,288,Home
3023,Ambrane Earbuds 312,2129.48,359,Accessories
3024,Ambrane USB Cable 899,754.02,445,Accessories
3025,Xiaomi Laptop 396,63542.62,151,Electronics
3026,Ambrane Charger 661,157.62,266,Accessories
3027,Xiaomi Tablet 190,81030.13,331,Electronics
3028,Milton Mixer Grinder 430,2158.62,159,Home
3029,Philips Lamp 562,7421.73,46,Home
3030,boAt Speaker 733,74377.21,299,Electronics
3031,Nivia Yoga Mat 447,4839.56,29,Fitness
3032,Xiaomi Tablet 671,14821.16,404,Electronics
3033,Logitech Power Bank 581,3659.87,43,Accessories
3034,Samsung Smartwatch 482,15065.05,407,Electronics
3035,Realme Tablet 418,26009.56,464,Electronics
3036,boAt Speaker 820,15157.34,86,Electronics
3037,Logitech Keyboard 410,496.37,414,Accessories
3038,Boldfit Dumbbell Set 631,2916.13,255,Fitness
3039,Milton Kettle 241,7772.79,212,Home
3040,Realme Monitor 982,86891.55,85,Electronics
3041,Philips Fan 499,2869.06,62,Home
3042,Cosco Gym Bag 477,3520.58,243,Fitness
3043,Adidas Yoga Mat 391,2434.27,170,Fitness
3044,Zebronics Power Bank 375,1537.55,329,Accessories
3045,Zebronics Mouse 574,2575.64,371,Accessories
3046,Adidas Gym Bag 618,3209.11,48,Fitness
3047,Decathlon Dumbbell Set 571,2753.28,178,Fitness
3048,Realme Mobile 321,67149.83,492,Electronics
3049,Realme Tablet 224,49475.22,99,Electronics
3050,Boldfit Skipping Rope 535,3694.43,357,Fitness
3051,Zebronics Earbuds 594,2476.76,473,Accessories
3052,Zebronics USB Cable 916,2088.33,386,Accessories
3053,Anker USB Cable 725,3086.09,478,Accessories
3054,Zebronics Earbuds 990,2702.89,463,Accessories
3055,boAt Monitor 963,61259.49,107,Electronics
3056,Philips Iron 649,5644.41,279,Home
3057,boAt Tablet 620,53251.04,45,Electronics
3058,Bajaj Fan 763,2015.56,23,Home
3059,Milton Water Bottle 136,5126.35,317,Home
3060,Boldfit Dumbbell Set 319,4403.04,398,Fitness
3061,Ambrane USB Cable 362,1110.73,403,Accessories
3062,Boldfit Dumbbell Set 733,494.12,69,Fitness
3063,Zebronics Power Bank 889,247.39,344,Accessories
3064,Logitech Mouse 416,1463.40,321,Accessories
3065,Bajaj Fan 164,4402.09,129,Home
3066,Zebronics Keyboard 662,2038.85,138,Accessories
3067,Zebronics Charger 415,2806.57,154,Accessories
3068,Lenovo Mobile 878,11366.20,273,Electronics
3069,Anker Earbuds 864,2087.95,166,Accessories
3070,Decathlon Gym Bag 283,1106.51,334,Fitness
3071,Milton Iron 964,4733.02,229,Home
3072,Philips Fan 558,5995.22,488,Home
3073,Samsung Tablet 756,20911.20,183,Electronics
3074,Ambrane Keyboard 894,3274.27,484,Accessories
3075,Nivia Skipping Rope 932,2681.30,27,Fitness
3076,Lenovo Smartwatch 112,5848.03,257,Electronics
3077,boAt Smartwatch 687,78141.46,208,Electronics
3078,Cosco Resistance Band 380,3355.38,5,Fitness
3079,Logitech Charger 579,481.25,248,Accessories
3080,Xiaomi Smartwatch 269,48594.19,425,Electronics
3081,Adidas Gym Bag 138,4089.72,325,Fitness
3082,Milton Water Bottle 672,5511.53,266,Home
3083,Realme Speaker 476,80850.15,362,Electronics
3084,Xiaomi Speaker 343,51406.04,387,Electronics
3085,Xiaomi Laptop 862,24793.95,410,Electronics
3086,Prestige Iron 431,7817.22,460,Home
3087,Nivia Skipping Rope 231,3423.77,107,Fitness
3088,Samsung Tablet 201,86982.56,121,Electronics
3089,Philips Iron 308,6747.50,48,Home
3090,Portronics Charger 551,679.16,331,Accessories
3091,Bajaj Mixer Grinder 770,7324.16,26,Home
3092,Ambrane Mouse 258,3775.81,495,Accessories
3093,Samsung Laptop 269,67658.30,150,Electronics
3094,Samsung Smartwatch 680,87457.60,268,Electronics
3095,Bajaj Fan 236,5863.00,207,Home
3096,Lenovo Monitor 624,16649.19,339,Electronics
3097,Milton Iron 663,2417.97,312,Home
3098,Xiaomi Monitor 322,33204.36,409,Electronics
3099,Boldfit Yoga Mat 879,1589.44,220,Fitness
3100,Adidas Dumbbell Set 785,1873.52,134,Fitness
3101,Zebronics Power Bank 382,1986.22,236,Accessories
3102,Boldfit Yoga Mat 101,1434.36,175,Fitness
3103,Portronics Power Bank 396,1934.73,16,Accessories
3104,Realme Monitor 181,-85994.55,470,Electronics
3105,Philips Mixer Grinder 978,,96,Home
3106,Cosco Yoga Mat 522,2677.01,304,Fitness
3107,Milton Water Bottle 604,578.11,456,Home
3108,Anker Charger 578,930.08,279,Accessories
3109,Milton Iron 700,1558.44,228,Home
3110,Havells Mixer Grinder 159,7133.17,46,Home
3111,Ambrane Mouse 220,428.74,21,Accessories
3112,Cosco Yoga Mat 766,3247.90,198,Fitness
3113,Havells Lamp 494,2163.33,458,Home
3114,Logitech Mouse 836,1372.36,61,Accessories
3115,Havells Iron 366,4996.27,239,Home
3116,Realme Smartwatch 933,81346.83,171,Electronics
3117,Portronics Charger 488,2378.92,326,Accessories
3118,Realme Smartwatch 988,16352.98,269,Electronics
3119,Xiaomi Smartwatch 851,62981.02,241,Electronics
3120,Philips Lamp 657,3400.75,332,Home
3121,Lenovo Tablet 669,56031.88,384,Electronics
3122,Boldfit Yoga Mat 653,2495.07,116,Fitness
3123,Prestige Fan 880,4110.10,142,Home
3124,Decathlon Gym Bag 752,1219.33,248,Fitness
3125,Adidas Dumbbell Set 123,3278.76,301,Fitness
3126,Lenovo Laptop 954,23420.07,356,Electronics
3127,Anker USB Cable 378,3972.51,453,Accessories
3128,Anker Power Bank 890,1866.25,348,Accessories
3129,Havells Iron 366,3672.86,0,Home
3130,Prestige Fan 514,-7858.16,292,Home
3131,Xiaomi Laptop 500,74642.96,422,Electronics
3132,Logitech Charger 383,1723.15,460,Accessories
3133,boAt Smartwatch 757,7196.64,182,Electronics
3134,Cosco Dumbbell Set 920,1992.80,142,Fitness
3135,Milton Iron 684,6328.25,42,Home
3136,Boldfit Gym Bag 976,1198.00,315,Fitness
3137,Zebronics Charger 781,312.05,27,Accessories
3138,Ambrane Charger 958,1186.17,187,Accessories
3139,Decathlon Resistance Band 710,1402.79,295,Fitness
3140,Havells Kettle 608,1007.85,335,Home
3141,boAt Laptop 503,17880.52,442,Electronics
3142,Ambrane Earbuds 631,832.83,80,Accessories
3143,Havells Lamp 156,2867.49,324,Home
3144,Havells Kettle 524,7542.92,469,Home
3145,Anker Earbuds 249,2288.06,410,Accessories
3146,boAt Tablet 784,72883.54,11,Electronics
3147,Cosco Dumbbell Set 725,4277.36,412,Fitness
3148,Decathlon Resistance Band 615,4771.35,15,Fitness
3149,Ambrane Power Bank 510,1415.19,261,Accessories
3150,Lenovo Mobile 670,39193.63,497,Electronics
3151,Prestige Fan 914,4738.57,317,Home
3152,Anker Charger 420,2031.06,262,Accessories
3153,Bajaj Iron 507,4625.22,N/A,Home
3154,Nivia Gym Bag 340,1784.47,100,Fitness
3155,Zebronics Keyboard 553,1510.22,380,Accessories
3156,Decathlon Skipping Rope 573,872.88,128,Fitness
3157,Xiaomi Laptop 327,61986.81,190,Electronics
3158,Realme Mobile 747,70725.90,222,Electronics
3159,Portronics Mouse 670,2757.72,120,Accessories
3160,Xiaomi Smartwatch 670,79070.96,350,Electronics
3161,Cosco Dumbbell Set 802,4410.87,111,Fitness
3162,Havells Iron 366,2981.37,246,Home
3163,Adidas Resistance Band 707,3915.55,15,Fitness
3164,Realme Smartwatch 439,69198.35,461,Electronics
3165,Bajaj Iron 729,320.90,11,Home
3166,Cosco Resistance Band 574,0,148,Fitness
3167,Havells Lamp 716,4790.53,30,Home
3168,Boldfit Skipping Rope 527,503.00,127,Fitness
3169,Samsung Smartwatch 309,29698.87,182,Electronics
3170,Zebronics Charger 804,2638.41,316,Accessories
3171,Adidas Dumbbell Set 124,4408.20,288,Fitness
3172,Xiaomi Tablet 513,67672.17,176,Electronics
3173,Prestige Mixer Grinder 985,982.30,223,Home
3174,Prestige Kettle 899,7201.30,486,Home
3175,Milton Iron 724,4400.95,188,Home
3176,Samsung Tablet 836,52745.46,68,Electronics
3177,Samsung Laptop 799,44000.60,365,Electronics
3178,boAt Mobile 271,71481.21,261,Electronics
3179,Adidas Resistance Band 569,4858.34,3,Fitness
3180,Ambrane Charger 368,1190.15,354,Accessories
3181,Boldfit Dumbbell Set 866,1662.11,407,Fitness
3182,Milton Lamp 535,3699.86,356,Home
3183,Samsung Speaker 723,33219.27,28,Electronics
3184,Realme Smartwatch 787,35118.74,125,Electronics
3185,Zebronics Keyboard 752,2213.66,124,Accessories
3186,Anker Mouse 258,408.60,261,Accessories
3187,Prestige Mixer Grinder 702,1978.96,23,Home
3188,Boldfit Skipping Rope 342,3313.99,431,Fitness
3189,Decathlon Yoga Mat 535,3380.33,14,Fitness
3190,Milton Water Bottle 140,4672.58,286,Home
3191,Bajaj Mixer Grinder 195,2091.58,2,Home
3192,Nivia Yoga Mat 670,240.26,32,Fitness
3193,Bajaj Iron 625,2969.72,206,Home
3194,Philips Mixer Grinder 923,3583.81,279,Home
3195,Logitech USB Cable 105,743.43,245,Accessories
3196,Xiaomi Smartwatch 843,82688.23,439,Electronics
3197,Zebronics Charger 377,3674.87,128,Accessories
3198,Nivia Skipping Rope 329,3026.48,108,Fitness
3199,Portronics USB Cable 609,2688.56,16,Accessories
3200,Philips Fan 389,5261.50,73,Home
3201,Milton Iron 422,6174.54,243,Home
3202,Bajaj Kettle 556,0,36,Home
3203,Adidas Resistance Band 793,3145.32,345,Fitness
3204,Prestige Fan 238,4147.86,380,Home
3205,Lenovo Speaker 903,20313.58,371,Electronics
3206,Adidas Yoga Mat 626,3684.49,239,Fitness
3207,Xiaomi Mobile 270,80608.60,133,Electronics
3208,Samsung Smartwatch 556,12730.20,259,Electronics
3209,Decathlon Gym Bag 242,4325.29,0,Fitness
3210,Anker Mouse 416,3371.28,90,Accessories
3211,Nivia Resistance Band 585,2316.85,198,Fitness
3212,Portronics Mouse 188,249.79,453,Accessories
3213,Prestige Mixer Grinder 123,3291.51,472,Home
3214,Lenovo Smartwatch 232,29364.41,135,Electronics
3215,Xiaomi Monitor 846,56385.27,126,Electronics
3216,Portronics Power Bank 339,1023.67,265,Accessories
3217,boAt Smartwatch 503,62563.65,394,Electronics
3218,Realme Laptop 146,47420.54,348,Electronics
3219,Logitech Keyboard 899,3260.93,380,Accessories
3220,Adidas Dumbbell Set 522,2870.35,96,Fitness
3221,Decathlon Dumbbell Set 483,4590.63,352,Fitness
3222,Decathlon Skipping Rope 109,2488.94,352,Fitness
3223,Bajaj Lamp 701,5462.74,381,Home
3224,Ambrane Earbuds 348,3812.81,496,Accessories
3225,Nivia Dumbbell Set 263,2225.69,140,Fitness
3226,Samsung Laptop 257,52811.66,488,Electronics
3227,Bajaj Mixer Grinder 494,7220.33,146,Home
3228,Boldfit Skipping Rope 883,2383.61,489,Fitness
3229,Nivia Gym Bag 753,4373.31,395,Fitness
3230,Logitech Mouse 327,2151.04,55,Accessories
3231,Adidas Yoga Mat 109,629.27,295,Fitness
3232,Cosco Dumbbell Set 253,1306.63,273,Fitness
3233,Decathlon Resistance Band 727,2358.42,129,Fitness
3234,Milton Water Bottle 485,7985.55,161,Home
3235,Xiaomi Tablet 985,45871.41,58,Electronics
3236,Logitech Charger 691,865.30,256,Accessories
3237,Prestige Water Bottle 101,948.69,0,Home
3238,Anker Earbuds 676,2800.07,364,Accessories
3239,Xiaomi Monitor 873,11785.84,326,Electronics
3240,Realme Monitor 458,63279.58,474,Electronics
3241,Samsung Laptop 632,36309.00,384,Electronics
3242,Portronics Charger 314,3060.08,490,Accessories
3243,Anker Earbuds 978,3317.14,117,Accessories
3244,Prestige Iron 443,646.80,283,Home
3245,Nivia Dumbbell Set 224,4968.58,102,Fitness
3246,Anker Power Bank 749,1651.05,182,Accessories
3247,Nivia Dumbbell Set 175,805.95,308,Fitness
3248,Havells Water Bottle 153,3263.74,422,Home
3249,Adidas Skipping Rope 998,3436.37,434,Fitness
3250,Milton Lamp 245,6679.31,296,Home
3251,Milton Fan 569,7713.53,142,Home
3252,Philips Iron 879,2534.46,498,Home
3253,Anker Power Bank 355,223.51,106,Accessories
3254,Xiaomi Speaker 999,29228.25,419,Electronics
3255,Cosco Resistance Band 283,796.05,252,Fitness
3256,Logitech Earbuds 469,315.75,25,Accessories
3257,Prestige Iron 289,2321.19,221,Home
3258,Prestige Kettle 751,1455.63,134,Home
3259,Anker USB Cable 145,N/A,139,Accessories
3260,Bajaj Kettle 158,5333.91,314,Home
3261,Prestige Kettle 551,1986.58,207,Home
3262,Milton Lamp 260,6575.24,55,Home
3263,Boldfit Gym Bag 928,3824.09,462,Fitness
3264,Logitech Power Bank 247,2434.15,240,Accessories
3265,Logitech Mouse 352,753.41,204,Accessories
3266,Nivia Yoga Mat 660,3631.36,43,Fitness
3267,Boldfit Yoga Mat 483,2182.09,401,Fitness
3268,boAt Tablet 827,57186.14,66,Electronics
3269,Ambrane Charger 866,1092.72,17,Accessories
3270,Havells Water Bottle 694,6513.85,129,Home
3271,Samsung Mobile 764,52472.93,422,Electronics
3272,Milton Fan 342,4953.16,496,Home
3273,Samsung Smartwatch 544,89180.38,228,Electronics
3274,Lenovo Smartwatch 345,59956.89,300,Electronics
3275,Portronics Earbuds 314,3531.06,124,Accessories
3276,Adidas Gym Bag 517,3100.73,146,Fitness
3277,Milton Water Bottle 201,7634.96,386,Home
3278,Ambrane Earbuds 378,3159.63,488,Accessories
3279,Ambrane USB Cable 940,205.31,407,Accessories
3280,Lenovo Mobile 146,54226.87,411,Electronics
3281,Ambrane Keyboard 847,1974.49,258,Accessories
3282,Adidas Dumbbell Set 544,4092.77,323,Fitness
3283,Logitech Charger 223,3039.65,338,Accessories
3284,Adidas Yoga Mat 703,TBD,410,Fitness
3285,Cosco Dumbbell Set 489,1620.89,71,Fitness
3286,Cosco Yoga Mat 926,206.55,463,Fitness
3287,Zebronics Charger 572,406.14,54,Accessories
3288,Decathlon Skipping Rope 753,1048.81,129,Fitness
3289,Portronics Earbuds 834,993.22,225,Accessories
3290,Realme Monitor 646,89762.77,15,Electronics
3291,Bajaj Lamp 516,3124.31,363,Home
3292,Anker Charger 467,688.52,453,Accessories
3293,Milton Kettle 427,7561.09,459,Home
3294,Bajaj Iron 309,5787.18,409,Home
3295,Zebronics Charger 634,2466.26,80,Accessories
3296,Realme Monitor 326,19659.03,328,Electronics
3297,Samsung Mobile 916,7794.63,402,Electronics
3298,Realme Tablet 792,41079.77,344,Electronics
3299,Milton Kettle 827,3860.52,57,Home
3300,Cosco Dumbbell Set 167,,357,Fitness
3301,Xiaomi Smartwatch 559,15395.60,286,Electronics
3302,Prestige Mixer Grinder 207,7491.92,240,Home
3303,Ambrane Charger 679,3751.16,490,Accessories
3304,Philips Iron 678,5880.63,497,Home
3305,boAt Mobile 105,65090.86,461,Electronics
3306,Xiaomi Speaker 862,75303.34,242,Electronics
3307,Zebronics Earbuds 351,3855.15,425,Accessories
3308,Decathlon Skipping Rope 262,1171.13,448,Fitness
3309,Logitech Mouse 859,-3719.21,440,Accessories
3310,Philips Kettle 332,1449.11,436,Home
3311,Nivia Gym Bag 433,3457.32,93,Fitness
3312,Realme Laptop 638,21389.02,113,Electronics
3313,Prestige Kettle 850,0,250,Home
3314,Realme Mobile 400,56637.82,323,Electronics
3315,Milton Mixer Grinder 843,1381.39,379,Home
3316,Boldfit Dumbbell Set 550,1187.08,41,Fitness
3317,Realme Monitor 778,36001.73,467,Electronics
3318,Portronics Keyboard 666,1580.53,153,Accessories
3319,Xiaomi Laptop 777,11814.56,409,Electronics
3320,Prestige Iron 254,1667.30,45,Home
3321,Nivia Dumbbell Set 664,980.07,110,Fitness
3322,Boldfit Skipping Rope 653,2058.73,24,Fitness
3323,Portronics Charger 635,1131.01,486,Accessories
3324,Samsung Laptop 258,4070.56,340,Electronics
3325,Anker Charger 952,936.53,259,Accessories
3326,Logitech Power Bank 853,3851.89,182,Accessories
3327,boAt Smartwatch 638,26421.44,265,Electronics
3328,Nivia Yoga Mat 868,4303.10,314,Fitness
3329,Havells Fan 103,5735.07,49,Home
3330,Nivia Yoga Mat 441,4180.87,395,Fitness
3331,Nivia Gym Bag 898,4073.92,146,Fitness
3332,Ambrane Mouse 687,3159.91,N/A,Accessories
3333,Boldfit Skipping Rope 641,3145.26,226,Fitness
3334,Portronics Charger 906,891.48,74,Accessories
3335,Prestige Mixer Grinder 238,6342.36,499,Home
3336,Xiaomi Monitor 395,69473.76,14,Electronics
3337,Samsung Monitor 520,20432.65,328,Electronics
3338,Lenovo Mobile 477,60040.61,239,Electronics
3339,Portronics Keyboard 298,2909.13,292,Accessories
3340,Philips Kettle 312,5923.18,16,Home
3341,Cosco Skipping Rope 295,4737.28,22,Fitness
3342,Adidas Skipping Rope 764,393.79,55,Fitness
3343,Realme Smartwatch 359,81868.36,341,Electronics
3344,Xiaomi Speaker 605,14840.70,221,Electronics
3345,Philips Fan 883,6820.46,132,Home
3346,Zebronics USB Cable 738,438.09,355,Accessories
3347,Portronics Keyboard 690,1490.13,490,Accessories
3348,Ambrane Power Bank 741,3891.11,455,Accessories
3349,Zebronics Earbuds 846,2428.37,319,Accessories
3350,Cosco Yoga Mat 842,4408.65,490,Fitness
3351,Adidas Yoga Mat 824,3459.04,246,Fitness
3352,Milton Mixer Grinder 225,1434.78,129,Home
3353,Boldfit Dumbbell Set 206,2326.71,305,Fitness
3354,Portronics Mouse 679,1867.95,338,Accessories
3355,Xiaomi Monitor 983,78217.78,477,Electronics
3356,Milton Water Bottle 996,5756.38,426,Home
3357,Nivia Gym Bag 917,2787.04,27,Fitness
3358,Philips Lamp 303,2723.46,20,Home
3359,Anker USB Cable 266,2869.24,301,Accessories
3360,Realme Monitor 602,15674.62,130,Electronics
3361,Zebronics Earbuds 925,874.35,154,Accessories
3362,Philips Water Bottle 369,4169.66,N/A,Home
3363,Nivia Dumbbell Set 389,3998.45,155,Fitness
3364,Prestige Iron 344,5140.55,271,Home
3365,Nivia Skipping Rope 293,2330.53,33,Fitness
3366,Nivia Dumbbell Set 152,2564.71,2,Fitness
3367,boAt Speaker 227,79108.75,426,Electronics
3368,Logitech Keyboard 705,2987.33,305,Accessories
3369,Prestige Iron 907,2253.11,35,Home
3370,Prestige Iron 556,3719.48,70,Home
3371,Ambrane Power Bank 807,957.89,391,Accessories
3372,Havells Water Bottle 282,1668.13,88,Home
3373,Ambrane Power Bank 607,1990.30,186,Accessories
3374,Ambrane USB Cable 841,1286.49,206,Accessories
3375,Samsung Tablet 518,53103.86,208,Electronics
3376,Havells Lamp 479,6486.38,187,Home
3377,Havells Water Bottle 941,1603.27,412,Home
3378,Milton Kettle 795,7199.95,449,Home
3379,Anker Mouse 846,2515.02,324,Accessories
3380,Portronics Power Bank 139,3344.59,51,Accessories
3381,Portronics Power Bank 458,1808.12,348,Accessories
3382,Anker Keyboard 695,3496.99,222,Accessories
3383,Realme Speaker 997,47907.62,270,Electronics
3384,Philips Iron 505,1442.09,263,Home
3385,Logitech Power Bank 225,385.41,186,Accessories
3386,Decathlon Gym Bag 648,2509.33,118,Fitness
3387,Lenovo Speaker 270,16827.13,296,Electronics
3388,Decathlon Skipping Rope 442,3225.03,268,Fitness
3389,Decathlon Skipping Rope 789,2536.67,408,Fitness
3390,boAt Tablet 548,24790.66,379,Electronics
3391,Nivia Skipping Rope 971,2016.54,452,Fitness
3392,Zebronics USB Cable 115,1995.67,109,Accessories
3393,Logitech USB Cable 176,1753.82,0,Accessories
3394,Realme Mobile 232,80819.65,130,Electronics
3395,Bajaj Kettle 507,6127.13,317,Home
3396,Decathlon Skipping Rope 233,3296.83,173,Fitness
3397,Prestige Lamp 845,4820.84,114,Home
3398,Prestige Mixer Grinder 945,2034.40,36,Home
3399,Samsung Smartwatch 713,83663.40,248,Electronics
3400,Anker Mouse 244,2361.12,435,Accessories
3401,Logitech USB Cable 659,1919.70,182,Accessories
3402,Portronics Mouse 794,3818.24,401,Accessories
3403,Xiaomi Smartwatch 106,16974.70,226,Electronics
3404,Realme Laptop 624,85018.84,423,Electronics
3405,Adidas Dumbbell Set 673,3763.53,254,Fitness
3406,Portronics Mouse 195,309.50,214,Accessories
3407,Cosco Yoga Mat 887,1676.73,255,Fitness
3408,Philips Iron 275,5897.22,279,Home
3409,Anker USB Cable 823,2131.52,453,Accessories
3410,Xiaomi Smartwatch 828,11055.27,402,Electronics
3411,boAt Monitor 986,22662.92,349,Electronics
3412,Anker Earbuds 383,1098.15,175,Accessories
3413,Zebronics USB Cable 878,3845.40,385,Accessories
3414,Milton Mixer Grinder 905,1003.52,418,Home
3415,Boldfit Yoga Mat 373,2977.26,23,Fitness
3416,Portronics Charger 725,3470.07,18,Accessories
3417,Prestige Water Bottle 758,6180.03,418,Home
3418,Havells Kettle 303,4595.31,309,Home
3419,Anker Mouse 536,926.13,9,Accessories
3420,Decathlon Yoga Mat 609,624.25,413,Fitness
3421,Decathlon Resistance Band 662,3310.90,334,Fitness
3422,Havells Kettle 734,6280.05,17,Home
3423,Realme Laptop 885,4661.09,71,Electronics
3424,Havells Kettle 604,5154.68,480,Home
3425,Portronics Power Bank 436,1008.26,143,Accessories
3426,Havells Mixer Grinder 400,6218.21,223,Home
3427,boAt Speaker 303,60045.14,57,Electronics
3428,Realme Tablet 773,19067.98,318,Electronics
3429,Anker Power Bank 830,2939.60,443,Accessories
3430,Samsung Mobile 581,33015.53,49,Electronics
3431,Prestige Water Bottle 708,890.83,260,Home
3432,Xiaomi Mobile 311,63094.85,283,Electronics
3433,Boldfit Dumbbell Set 290,4515.41,438,Fitness
3434,Samsung Smartwatch 536,42107.85,442,Electronics
3435,Lenovo Smartwatch 990,47781.49,460,Electronics
3436,Philips Fan 598,7480.14,0,Home
3437,Philips Iron 448,6580.84,436,Home
3438,Samsung Mobile 132,39266.19,306,Electronics
3439,Havells Mixer Grinder 396,3080.96,150,Home
3440,Adidas Dumbbell Set 908,2398.43,157,Fitness
3441,Lenovo Speaker 272,19560.20,51,Electronics
3442,Xiaomi Speaker 324,7592.65,230,Electronics
3443,Ambrane USB Cable 747,1448.59,391,Accessories
3444,Ambrane Mouse 174,1717.47,258,Accessories
3445,Ambrane Keyboard 686,0,176,Accessories
3446,Decathlon Gym Bag 121,640.03,26,Fitness
3447,Cosco Dumbbell Set 692,597.23,10,Fitness
3448,Ambrane Power Bank 589,416.60,321,Accessories
3449,Milton Mixer Grinder 925,415.84,262,Home
3450,Nivia Resistance Band 862,4227.06,172,Fitness
3451,Cosco Dumbbell Set 473,2168.95,171,Fitness
3452,Samsung Smartwatch 679,71724.84,499,Electronics
3453,Xiaomi Monitor 254,21460.18,221,Electronics
3454,Cosco Yoga Mat 934,3655.59,241,Fitness
3455,Nivia Resistance Band 215,-2628.94,467,Fitness
3456,Prestige Fan 267,4078.79,163,Home
3457,Havells Lamp 350,5242.69,413,Home
3458,Adidas Yoga Mat 702,3817.04,62,Fitness
3459,boAt Monitor 394,76534.32,286,Electronics
3460,Portronics Keyboard 166,401.64,66,Accessories
3461,boAt Mobile 704,37752.43,485,Electronics
3462,Milton Iron 353,3530.87,340,Home
3463,Milton Iron 361,848.94,167,Home
3464,Anker Charger 646,3390.33,471,Accessories
3465,Havells Mixer Grinder 260,2165.33,45,Home
3466,Adidas Gym Bag 584,1793.47,367,Fitness
3467,Decathlon Yoga Mat 494,3019.55,454,Fitness
3468,Milton Mixer Grinder 401,3740.79,90,Home
3469,Philips Fan 163,-4299.09,234,Home
3470,Samsung Laptop 118,45035.79,130,Electronics
3471,Prestige Mixer Grinder 416,6371.98,406,Home
3472,Portronics USB Cable 380,996.08,247,Accessories
3473,Lenovo Tablet 793,81306.13,280,Electronics
3474,Anker Keyboard 616,1462.88,357,Accessories
3475,Anker Charger 349,2424.54,23,Accessories
3476,Portronics Keyboard 509,2741.05,317,Accessories
3477,Ambrane Power Bank 161,2825.62,109,Accessories
3478,Adidas Gym Bag 339,2459.58,340,Fitness
3479,Havells Lamp 325,1072.56,39,Home
3480,Anker Earbuds 266,971.16,497,Accessories
3481,Boldfit Resistance Band 196,4274.08,388,Fitness
3482,Zebronics Charger 400,-1644.69,124,Accessories
3483,Anker Charger 802,1610.86,479,Accessories
3484,boAt Laptop 515,31969.69,417,Electronics
3485,Bajaj Iron 517,3310.92,348,Home
3486,Zebronics Charger 448,1992.96,437,Accessories
3487,Samsung Mobile 215,-22886.07,108,Electronics
3488,Bajaj Mixer Grinder 220,7288.72,331,Home
3489,Lenovo Mobile 263,54139.13,349,Electronics
3490,Boldfit Gym Bag 257,1111.37,314,Fitness
3491,Anker USB Cable 181,1863.28,181,Accessories
3492,Samsung Mobile 135,32166.99,475,Electronics
3493,Milton Water Bottle 929,2328.22,151,Home
3494,Xiaomi Monitor 882,40312.59,410,Electronics
3495,Zebronics Mouse 434,1781.87,277,Accessories
3496,Nivia Yoga Mat 923,884.17,422,Fitness
3497,Decathlon Resistance Band 532,4678.09,205,Fitness
3498,Adidas Skipping Rope 114,2827.78,227,Fitness
3499,Anker Keyboard 774,3360.20,23,Accessories
3500,Milton Kettle 372,4235.61,27,Home
3501,Samsung Speaker 687,82082.58,119,Electronics
3502,Zebronics USB Cable 927,503.63,224,Accessories
3503,Ambrane Keyboard 222,3809.38,45,Accessories
3504,Prestige Lamp 656,-1545.94,119,Home
3505,Portronics Mouse 179,TBD,208,Accessories
3506,Havells Lamp 458,2060.18,493,Home
3507,Milton Iron 677,7369.56,110,Home
3508,Logitech Power Bank 127,273.43,96,Accessories
3509,Bajaj Iron 838,3528.65,381,Home
3510,Decathlon Gym Bag 838,4950.29,79,Fitness
3511,Anker Earbuds 243,319.47,412,Accessories
3512,Prestige Kettle 782,7913.80,143,Home
3513,Prestige Water Bottle 826,522.08,6,Home
3514,Philips Kettle 932,1498.54,114,Home
3515,Ambrane Charger 663,2907.04,71,Accessories
3516,Milton Fan 813,7626.26,369,Home
3517,Zebronics Charger 421,1838.44,180,Accessories
3518,Ambrane Charger 802,267.53,178,Accessories
3519,Samsung Laptop 637,43961.79,381,Electronics
3520,Samsung Tablet 577,78106.28,15,Electronics
3521,Logitech Keyboard 830,1398.92,338,Accessories
3522,Ambrane USB Cable 479,3534.61,265,Accessories
3523,Ambrane Earbuds 371,2417.08,27,Accessories
3524,Xiaomi Laptop 994,7764.84,17,Electronics
3525,Anker Mouse 813,1173.79,257,Accessories
3526,Samsung Laptop 134,58103.95,415,Electronics
3527,Xiaomi Speaker 554,69529.89,406,Electronics
3528,Xiaomi Smartwatch 469,72986.24,265,Electronics
3529,Lenovo Mobile 156,86885.67,441,Electronics
3530,Philips Mixer Grinder 290,6188.30,224,Home
3531,Logitech Keyboard 892,3707.67,9,Accessories
3532,Lenovo Speaker 697,28137.12,211,Electronics
3533,Milton Mixer Grinder 470,5924.83,164,Home
3534,Adidas Skipping Rope 112,2641.16,139,Fitness
3535,Xiaomi Mobile 850,45367.66,157,Electronics
3536,Bajaj Water Bottle 492,6853.64,198,Home
3537,boAt Monitor 947,79523.61,94,Electronics
3538,Decathlon Skipping Rope 136,938.07,457,Fitness
3539,Milton Lamp 832,4733.63,102,Home
3540,Logitech Mouse 659,2528.72,468,Accessories
3541,Lenovo Mobile 266,28515.97,438,Electronics
3542,Realme Tablet 314,49918.71,225,Electronics
3543,Zebronics Mouse 842,-645.06,115,Accessories
3544,Portronics Keyboard 828,722.16,257,Accessories
3545,Anker Earbuds 442,1755.66,495,Accessories
3546,Zebronics Earbuds 178,3368.99,341,Accessories
3547,Boldfit Resistance Band 131,3273.15,329,Fitness
3548,Logitech Keyboard 956,2863.01,354,Accessories
3549,Realme Laptop 412,25636.10,232,Electronics
3550,Boldfit Yoga Mat 942,1589.42,424,Fitness
3551,Lenovo Smartwatch 610,19942.42,71,Electronics
3552,Milton Water Bottle 305,5456.40,266,Home
3553,Ambrane Earbuds 424,2634.07,159,Accessories
3554,Philips Water Bottle 800,4863.47,487,Home
3555,Milton Iron 505,7124.79,101,Home
3556,Ambrane USB Cable 168,408.28,111,Accessories
3557,Milton Lamp 363,1758.89,320,Home
3558,Anker Keyboard 996,191.84,233,Accessories
3559,Milton Iron 649,7655.94,147,Home
3560,Milton Iron 444,5153.29,242,Home
3561,Adidas Skipping Rope 433,3861.64,301,Fitness
3562,Milton Water Bottle 249,6651.24,402,Home
3563,Adidas Skipping Rope 738,3468.43,286,Fitness
3564,Prestige Kettle 444,1151.04,188,Home
3565,Milton Kettle 311,6628.32,45,Home
3566,Havells Iron 299,4896.66,N/A,Home
3567,Lenovo Mobile 912,75969.39,99,Electronics
3568,Ambrane Earbuds 303,1073.44,5,Accessories
3569,Portronics Earbuds 579,2548.75,172,Accessories
3570,Anker Charger 555,919.56,423,Accessories
3571,Samsung Smartwatch 572,51016.58,427,Electronics
3572,Milton Lamp 761,2070.31,257,Home
3573,Decathlon Skipping Rope 679,410.75,447,Fitness
3574,Bajaj Water Bottle 376,1532.25,258,Home
3575,Prestige Mixer Grinder 733,6872.00,453,Home
3576,Adidas Gym Bag 428,606.31,206,Fitness
3577,Zebronics Charger 460,363.15,1,Accessories
3578,Bajaj Fan 910,2045.66,64,Home
3579,Nivia Skipping Rope 350,4226.87,3,Fitness
3580,Realme Speaker 158,76328.02,118,Electronics
3581,Logitech Charger 685,257.10,196,Accessories
3582,boAt Mobile 327,33830.58,454,Electronics
3583,Decathlon Resistance Band 632,1128.93,494,Fitness
3584,Ambrane Keyboard 733,757.14,174,Accessories
3585,Realme Monitor 626,32829.31,14,Electronics
3586,Adidas Skipping Rope 903,1132.56,166,Fitness
3587,Cosco Skipping Rope 545,290.53,389,Fitness
3588,Milton Water Bottle 595,5645.28,395,Home
3589,Realme Mobile 713,32169.33,180,Electronics
3590,Prestige Water Bottle 913,585.20,182,Home
3591,Boldfit Skipping Rope 934,406.39,486,Fitness
3592,Boldfit Skipping Rope 259,3888.89,3,Fitness
3593,Cosco Gym Bag 196,3669.39,223,Fitness
3594,Adidas Gym Bag 585,2148.72,111,Fitness
3595,Lenovo Mobile 586,36677.19,130,Electronics
3596,Cosco Gym Bag 675,827.68,55,Fitness
3597,Nivia Gym Bag 199,894.29,220,Fitness
3598,Nivia Gym Bag 131,2545.76,408,Fitness
3599,Samsung Laptop 753,69938.14,192,Electronics
3600,boAt Speaker 326,45668.14,121,Electronics
3601,Nivia Yoga Mat 513,3777.15,212,Fitness
3602,Anker Keyboard 616,3588.50,428,Accessories
3603,boAt Laptop 260,62274.91,324,Electronics
3604,Lenovo Mobile 324,26833.66,240,Electronics
3605,Boldfit Yoga Mat 968,3543.31,424,Fitness
3606,Nivia Skipping Rope 811,-2747.09,97,Fitness
3607,Xiaomi Smartwatch 802,44023.97,258,Electronics
3608,Portronics USB Cable 830,2558.23,180,Accessories
3609,Anker Power Bank 272,1345.12,79,Accessories
3610,Portronics Power Bank 753,2230.20,143,Accessories
3611,Cosco Resistance Band 281,4171.84,430,Fitness
3612,Portronics Power Bank 764,3457.20,75,Accessories
3613,Decathlon Yoga Mat 878,2579.78,222,Fitness
3614,Xiaomi Laptop 516,87333.68,249,Electronics
3615,Milton Kettle 451,467.14,311,Home
3616,Logitech Charger 998,1330.48,346,Accessories
3617,Ambrane Power Bank 789,3271.42,468,Accessories
3618,Prestige Lamp 784,1404.27,397,Home
3619,Xiaomi Smartwatch 498,86758.06,239,Electronics
3620,Anker Keyboard 653,2331.78,170,Accessories
3621,Realme Tablet 314,8646.37,223,Electronics
3622,Prestige Kettle 743,915.27,438,Home
3623,Realme Tablet 667,24384.01,444,Electronics
3624,Boldfit Resistance Band 706,3259.26,73,Fitness
3625,Adidas Resistance Band 566,1388.24,113,Fitness
3626,boAt Tablet 504,74239.32,136,Electronics
3627,Bajaj Water Bottle 154,6845.03,391,Home
3628,boAt Mobile 764,12096.43,405,Electronics
3629,Lenovo Tablet 171,9109.68,414,Electronics
3630,Ambrane Power Bank 270,2868.75,286,Accessories
3631,Milton Water Bottle 600,2618.52,128,Home
3632,Anker Earbuds 725,3821.43,429,Accessories
3633,Lenovo Laptop 683,7661.90,476,Electronics
3634,Decathlon Resistance Band 851,212.52,69,Fitness
3635,Logitech Earbuds 390,1155.32,240,Accessories
3636,Prestige Kettle 588,6686.67,106,Home
3637,Logitech Earbuds 904,2062.83,454,Accessories
3638,Philips Water Bottle 305,373.97,396,Home
3639,Prestige Fan 712,7594.60,252,Home
3640,Decathlon Gym Bag 364,1169.21,164,Fitness
3641,Nivia Dumbbell Set 635,1204.50,84,Fitness
3642,Realme Laptop 385,76460.17,131,Electronics
3643,Portronics Earbuds 635,735.92,193,Accessories
3644,Ambrane Earbuds 337,1471.03,48,Accessories
3645,Nivia Dumbbell Set 604,2819.31,0,Fitness
3646,Adidas Yoga Mat 418,845.15,244,Fitness
3647,Realme Laptop 115,77117.28,498,Electronics
3648,Realme Mobile 752,19687.02,234,Electronics
3649,Decathlon Skipping Rope 957,590.12,349,Fitness
3650,Decathlon Yoga Mat 864,1363.99,71,Fitness
3651,Boldfit Dumbbell Set 725,4050.87,195,Fitness
3652,Realme Laptop 502,12708.53,490,Electronics
3653,Philips Fan 796,752.12,355,Home
3654,Prestige Iron 805,6724.29,290,Home
3655,Xiaomi Speaker 998,86427.67,423,Electronics
3656,Portronics Mouse 361,-616.46,56,Accessories
3657,Xiaomi Mobile 345,14978.73,165,Electronics
3658,Milton Fan 294,4046.08,72,Home
3659,Havells Iron 420,3346.80,158,Home
3660,Decathlon Resistance Band 874,2406.55,140,Fitness
3661,Zebronics Keyboard 244,2925.58,24,Accessories
3662,Philips Iron 922,2460.70,305,Home
3663,Havells Water Bottle 857,4246.24,59,Home
3664,Anker Earbuds 102,1971.57,446,Accessories
3665,Realme Mobile 773,29791.17,95,Electronics
3666,Milton Iron 934,,360,Home
3667,Boldfit Skipping Rope 612,3505.65,277,Fitness
3668,Boldfit Dumbbell Set 436,1248.92,123,Fitness
3669,Cosco Yoga Mat 726,3876.59,393,Fitness
3670,Portronics Charger 239,2550.89,9,Accessories
3671,Havells Fan 694,6141.43,47,Home
3672,Ambrane Earbuds 270,2698.79,204,Accessories
3673,Logitech Keyboard 124,1384.84,395,Accessories
3674,Havells Water Bottle 761,5718.63,350,Home
3675,Boldfit Dumbbell Set 995,1322.55,422,Fitness
3676,Philips Lamp 670,5232.79,292,Home
3677,Cosco Gym Bag 581,2206.70,474,Fitness
3678,Nivia Skipping Rope 947,,238,Fitness
3679,Milton Kettle 350,3060.17,272,Home
3680,Lenovo Monitor 713,56578.45,219,Electronics
3681,Logitech Keyboard 806,570.40,124,Accessories
3682,Bajaj Lamp 670,1368.62,166,Home
3683,Philips Lamp 781,7784.88,215,Home
3684,Philips Kettle 698,4566.91,343,Home
3685,Samsung Monitor 981,16882.54,293,Electronics
3686,Cosco Resistance Band 967,4491.82,2,Fitness
3687,Havells Water Bottle 643,4710.05,419,Home
3688,Ambrane Keyboard 851,218.98,128,Accessories
3689,boAt Speaker 945,44434.09,273,Electronics
3690,Adidas Yoga Mat 259,3378.47,68,Fitness
3691,Samsung Tablet 725,64908.04,381,Electronics
3692,Bajaj Water Bottle 706,2278.06,137,Home
3693,Havells Fan 673,1069.39,399,Home
3694,Samsung Smartwatch 826,78344.32,203,Electronics
3695,Bajaj Water Bottle 249,5520.01,439,Home
3696,Milton Iron 744,5807.04,341,Home
3697,Logitech Keyboard 879,2541.49,434,Accessories
3698,Milton Lamp 506,3072.07,1,Home
3699,Cosco Yoga Mat 906,4333.50,359,Fitness
3700,Decathlon Dumbbell Set 868,3063.80,252,Fitness
3701,Havells Fan 834,1296.39,52,Home
3702,Philips Iron 626,7216.77,43,Home
3703,Xiaomi Tablet 124,65653.50,397,Electronics
3704,Adidas Skipping Rope 489,3281.33,271,Fitness
3705,Boldfit Resistance Band 384,1404.68,122,Fitness
3706,Xiaomi Mobile 713,48192.52,386,Electronics
3707,Cosco Yoga Mat 397,1515.64,243,Fitness
3708,boAt Speaker 358,67207.80,476,Electronics
3709,Bajaj Mixer Grinder 855,929.93,116,Home
3710,Portronics Keyboard 130,1372.75,392,Accessories
3711,Cosco Resistance Band 661,233.92,302,Fitness
3712,Boldfit Resistance Band 490,3201.03,223,Fitness
3713,Cosco Yoga Mat 986,3534.98,300,Fitness
3714,Philips Water Bottle 981,5772.82,144,Home
3715,Portronics Keyboard 461,3951.83,107,Accessories
3716,Ambrane Earbuds 115,573.22,184,Accessories
3717,Cosco Gym Bag 347,1688.81,171,Fitness
3718,boAt Mobile 928,44130.42,481,Electronics
3719,Prestige Water Bottle 692,3907.50,453,Home
3720,Philips Kettle 395,4047.10,481,Home
3721,Milton Iron 555,4639.19,254,Home
3722,Realme Speaker 727,35101.45,135,Electronics
3723,Cosco Dumbbell Set 836,3963.65,192,Fitness
3724,Decathlon Dumbbell Set 239,3082.30,253,Fitness
3725,Nivia Yoga Mat 357,3082.38,466,Fitness
3726,Havells Mixer Grinder 179,965.88,290,Home
3727,Anker Mouse 494,627.28,429,Accessories
3728,Realme Smartwatch 828,79183.79,492,Electronics
3729,boAt Tablet 245,4593.88,336,Electronics
3730,Portronics Keyboard 358,2375.44,327,Accessories
3731,Adidas Gym Bag 895,212.13,427,Fitness
3732,Realme Mobile 516,30995.81,460,Electronics
3733,Portronics Earbuds 235,904.05,152,Accessories
3734,Cosco Skipping Rope 737,2233.94,56,Fitness
3735,Realme Tablet 850,40007.74,231,Electronics
3736,Lenovo Laptop 232,71010.96,458,Electronics
3737,Xiaomi Mobile 430,74989.26,442,Electronics
3738,boAt Speaker 973,64967.15,488,Electronics
3739,Xiaomi Laptop 754,79139.09,499,Electronics
3740,Boldfit Gym Bag 467,711.94,295,Fitness
3741,Prestige Fan 595,7410.77,193,Home
3742,Samsung Mobile 543,19959.43,406,Electronics
3743,Cosco Gym Bag 607,1470.55,340,Fitness
3744,Anker USB Cable 499,1221.92,462,Accessories
3745,Boldfit Resistance Band 853,3496.89,306,Fitness
3746,Prestige Mixer Grinder 265,7055.41,226,Home
3747,Zebronics Keyboard 919,2243.29,155,Accessories
3748,Havells Water Bottle 341,5433.67,116,Home
3749,Logitech Mouse 837,3982.91,162,Accessories
3750,Philips Fan 244,5683.28,409,Home
3751,Realme Tablet 353,54957.65,56,Electronics
3752,Milton Water Bottle 748,5959.99,172,Home
3753,Ambrane Power Bank 920,,211,Accessories
3754,Prestige Kettle 505,1200.64,312,Home
3755,Zebronics Power Bank 881,581.19,46,Accessories
3756,Bajaj Lamp 528,5639.46,306,Home
3757,Samsung Tablet 122,30511.70,225,Electronics
3758,Samsung Speaker 986,67339.91,269,Electronics
3759,Boldfit Dumbbell Set 987,1863.57,425,Fitness
3760,Philips Water Bottle 423,1670.63,212,Home
3761,Havells Fan 848,2023.57,90,Home
3762,Nivia Resistance Band 777,1097.74,272,Fitness
3763,Philips Water Bottle 971,317.78,177,Home
3764,Realme Monitor 121,36910.69,485,Electronics
3765,Ambrane Earbuds 130,1555.51,255,Accessories
3766,Havells Mixer Grinder 322,,163,Home
3767,Anker Mouse 505,3488.95,215,Accessories
3768,Logitech Power Bank 164,3484.68,0,Accessories
3769,Havells Iron 655,1051.55,355,Home
3770,Logitech USB Cable 934,2727.58,430,Accessories
3771,Ambrane Charger 426,3151.13,353,Accessories
3772,Adidas Yoga Mat 952,3677.10,90,Fitness
3773,Lenovo Smartwatch 369,17743.30,189,Electronics
3774,Philips Lamp 376,5905.02,10,Home
3775,Boldfit Skipping Rope 291,1087.43,229,Fitness
3776,boAt Tablet 768,73887.36,498,Electronics
3777,Boldfit Yoga Mat 354,1736.18,472,Fitness
3778,Anker Keyboard 815,2787.47,471,Accessories
3779,Ambrane Keyboard 535,638.68,459,Accessories
3780,Nivia Resistance Band 684,1643.72,378,Fitness
3781,Nivia Yoga Mat 261,1627.68,226,Fitness
3782,Philips Fan 627,5533.98,356,Home
3783,Decathlon Skipping Rope 968,4556.97,98,Fitness
3784,Adidas Gym Bag 840,3163.18,0,Fitness
3785,Cosco Resistance Band 720,1859.30,262,Fitness
3786,Adidas Yoga Mat 724,1665.83,492,Fitness
3787,Philips Water Bottle 258,7418.20,129,Home
3788,Decathlon Skipping Rope 199,1072.58,447,Fitness
3789,Realme Speaker 607,28088.97,131,Electronics
3790,Decathlon Skipping Rope 398,300.06,356,Fitness
3791,Adidas Dumbbell Set 658,578.85,151,Fitness
3792,Philips Water Bottle 240,3823.00,227,Home
3793,Adidas Gym Bag 146,504.79,108,Fitness
3794,Ambrane Power Bank 620,2286.22,243,Accessories
3795,boAt Smartwatch 838,73436.12,478,Electronics
3796,Boldfit Gym Bag 898,3803.49,200,Fitness
3797,Decathlon Dumbbell Set 561,free,419,Fitness
3798,Decathlon Resistance Band 165,4904.83,274,Fitness
3799,Samsung Speaker 889,71404.36,384,Electronics
3800,Lenovo Speaker 253,58312.49,85,Electronics
3801,Portronics Earbuds 372,2713.48,327,Accessories
3802,Zebronics USB Cable 564,2843.52,250,Accessories
3803,Xiaomi Speaker 691,53692.82,145,Electronics
3804,Anker Charger 406,3046.18,84,Accessories
3805,Decathlon Resistance Band 991,273.67,336,Fitness
3806,Anker Power Bank 616,1280.22,134,Accessories
3807,Decathlon Resistance Band 259,4026.82,322,Fitness
3808,Realme Tablet 527,69206.25,365,Electronics
3809,Xiaomi Mobile 289,72964.23,484,Electronics
3810,Prestige Water Bottle 440,2167.90,447,Home
3811,Decathlon Yoga Mat 279,969.27,78,Fitness
3812,Adidas Gym Bag 536,1493.77,431,Fitness
3813,Boldfit Gym Bag 577,2841.52,493,Fitness
3814,Realme Monitor 817,20321.92,329,Electronics
3815,Logitech Power Bank 713,631.02,74,Accessories
3816,Milton Iron 695,6711.26,315,Home
3817,Zebronics Mouse 974,1643.81,247,Accessories
3818,Prestige Iron 610,431.49,216,Home
3819,Havells Iron 798,4953.66,456,Home
3820,Lenovo Tablet 176,40691.35,358,Electronics
3821,Xiaomi Tablet 993,87293.99,80,Electronics
3822,Bajaj Mixer Grinder 277,6872.78,270,Home
3823,Boldfit Skipping Rope 621,3808.60,499,Fitness
3824,Milton Lamp 686,4440.69,165,Home
3825,Decathlon Resistance Band 732,4802.19,87,Fitness
3826,Decathlon Skipping Rope 766,1105.42,252,Fitness
3827,Adidas Skipping Rope 429,3990.02,11,Fitness
3828,Lenovo Smartwatch 407,57284.61,54,Electronics
3829,Xiaomi Smartwatch 877,67552.99,124,Electronics
3830,Ambrane USB Cable 735,1292.88,497,Accessories
3831,Logitech Earbuds 466,3145.14,361,Accessories
3832,Adidas Dumbbell Set 380,2209.59,204,Fitness
3833,Realme Mobile 961,38488.68,169,Electronics
3834,Nivia Dumbbell Set 284,2794.98,115,Fitness
3835,Bajaj Fan 204,7626.51,76,Home
3836,Nivia Dumbbell Set 524,2117.25,404,Fitness
3837,Samsung Monitor 869,79779.51,89,Electronics
3838,Samsung Tablet 886,35177.77,171,Electronics
3839,Milton Fan 984,6324.38,377,Home
3840,Prestige Iron 681,7050.92,309,Home
3841,Nivia Skipping Rope 598,1637.69,102,Fitness
3842,Boldfit Skipping Rope 721,1363.26,53,Fitness
3843,Samsung Smartwatch 618,70889.97,13,Electronics
3844,Realme Laptop 311,85411.54,235,Electronics
3845,Decathlon Resistance Band 462,3592.58,409,Fitness
3846,Cosco Resistance Band 921,3262.58,40,Fitness
3847,Decathlon Yoga Mat 379,2342.26,ten,Fitness
3848,Cosco Skipping Rope 490,556.93,333,Fitness
3849,Portronics Earbuds 764,465.73,471,Accessories
3850,Logitech Keyboard 529,2162.44,424,Accessories
3851,Havells Water Bottle 486,3506.87,470,Home
3852,Adidas Yoga Mat 272,4837.63,122,Fitness
3853,Bajaj Fan 260,6209.16,400,Home
3854,Ambrane Charger 360,463.38,390,Accessories
3855,Samsung Mobile 451,40818.51,326,Electronics
3856,Cosco Gym Bag 270,2785.89,369,Fitness
3857,Logitech Keyboard 900,3042.17,434,Accessories
3858,Xiaomi Speaker 263,78054.85,406,Electronics
3859,Adidas Skipping Rope 940,418.08,206,Fitness
3860,Bajaj Kettle 159,4201.46,16,Home
3861,Nivia Resistance Band 607,2500.49,124,Fitness
3862,Adidas Gym Bag 530,2640.25,387,Fitness
3863,Prestige Lamp 714,4127.93,16,Home
3864,Samsung Laptop 770,11779.20,477,Electronics
3865,Decathlon Dumbbell Set 948,431.69,378,Fitness
3866,Anker Mouse 731,2925.46,101,Accessories
3867,Philips Mixer Grinder 148,1237.58,228,Home
3868,Samsung Mobile 729,51196.17,344,Electronics
3869,Logitech Mouse 550,3220.28,439,Accessories
3870,Samsung Speaker 379,61739.73,79,Electronics
3871,Milton Fan 315,5514.37,30,Home
3872,Anker Mouse 172,free,390,Accessories
3873,Decathlon Dumbbell Set 464,890.15,218,Fitness
3874,Adidas Yoga Mat 580,1163.78,246,Fitness
3875,Cosco Dumbbell Set 630,3187.68,398,Fitness
3876,boAt Smartwatch 995,19911.68,172,Electronics
3877,Ambrane Earbuds 483,1973.86,18,Accessories
3878,Cosco Gym Bag 137,1882.42,247,Fitness
3879,boAt Speaker 670,81317.12,388,Electronics
3880,boAt Monitor 894,34036.51,276,Electronics
3881,Prestige Iron 600,5474.10,434,Home
3882,Portronics Charger 340,622.58,358,Accessories
3883,Xiaomi Laptop 952,57828.08,96,Electronics
3884,Prestige Water Bottle 341,2978.47,99,Home
3885,Zebronics Keyboard 543,454.28,190,Accessories
3886,Cosco Skipping Rope 556,2157.75,376,Fitness
3887,Decathlon Gym Bag 219,4520.84,158,Fitness
3888,boAt Mobile 592,28669.56,44,Electronics
3889,Prestige Water Bottle 418,382.92,269,Home
3890,Havells Iron 777,0,225,Home
3891,Lenovo Smartwatch 236,43188.89,390,Electronics
3892,Adidas Yoga Mat 108,1152.41,227,Fitness
3893,Xiaomi Speaker 961,85820.40,278,Electronics
3894,Adidas Skipping Rope 870,684.93,479,Fitness
3895,boAt Speaker 869,64128.30,0,Electronics
3896,Prestige Water Bottle 788,2677.50,372,Home
3897,Zebronics Keyboard 917,2876.55,346,Accessories
3898,Philips Lamp 627,1761.72,240,Home
3899,Philips Fan 980,5342.22,269,Home
3900,Cosco Gym Bag 487,2426.62,397,Fitness
3901,Havells Fan 531,2947.59,257,Home
3902,Bajaj Mixer Grinder 556,4569.40,97,Home
3903,Lenovo Mobile 770,67919.02,200,Electronics
3904,Realme Speaker 326,74526.32,65,Electronics
3905,Philips Mixer Grinder 830,4743.88,374,Home
3906,Portronics Power Bank 837,3462.38,199,Accessories
3907,Lenovo Smartwatch 831,-15327.46,289,Electronics
3908,Anker Earbuds 816,2613.76,316,Accessories
3909,Decathlon Dumbbell Set 866,4845.39,26,Fitness
3910,Portronics Charger 350,3457.70,6,Accessories
3911,Ambrane Earbuds 912,258.10,187,Accessories
3912,Prestige Fan 944,1084.08,2,Home
3913,Realme Laptop 376,59006.92,448,Electronics
3914,Prestige Mixer Grinder 269,5428.65,458,Home
3915,Boldfit Gym Bag 833,1781.36,403,Fitness
3916,Prestige Water Bottle 888,4843.51,79,Home
3917,Xiaomi Speaker 995,74774.60,183,Electronics
3918,boAt Monitor 769,41955.96,372,Electronics
3919,Logitech Keyboard 611,1268.31,158,Accessories
3920,Milton Fan 704,3199.85,47,Home
3921,boAt Speaker 496,76740.39,325,Electronics
3922,Prestige Mixer Grinder 506,5694.61,324,Home
3923,Cosco Dumbbell Set 484,2400.19,36,Fitness
3924,Cosco Resistance Band 820,3931.22,311,Fitness
3925,Philips Kettle 373,6751.17,360,Home
3926,Decathlon Yoga Mat 437,673.83,429,Fitness
3927,Lenovo Laptop 923,70609.23,106,Electronics
3928,boAt Monitor 490,4461.04,155,Electronics
3929,Portronics Keyboard 989,2862.15,314,Accessories
3930,Bajaj Water Bottle 159,2946.70,415,Home
3931,Anker Charger 497,1390.16,477,Accessories
3932,Prestige Iron 850,4395.61,249,Home
3933,Decathlon Skipping Rope 485,4845.26,144,Fitness
3934,Prestige Water Bottle 320,6179.70,192,Home
3935,Cosco Yoga Mat 452,3615.19,91,Fitness
3936,Anker Mouse 377,2083.26,256,Accessories
3937,Logitech Power Bank 390,2341.88,168,Accessories
3938,Anker Mouse 374,1415.34,450,Accessories
3939,Realme Monitor 141,89963.23,391,Electronics
3940,Lenovo Mobile 403,19708.43,215,Electronics
3941,Philips Water Bottle 596,5520.06,205,Home
3942,Prestige Fan 973,4607.67,148,Home
3943,Xiaomi Mobile 883,66611.91,493,Electronics
3944,boAt Monitor 900,87820.74,440,Electronics
3945,Cosco Resistance Band 727,582.88,25,Fitness
3946,Anker Power Bank 271,1259.74,121,Accessories
3947,Xiaomi Mobile 246,72300.76,325,Electronics
3948,Anker Power Bank 767,634.94,0,Accessories
3949,Boldfit Gym Bag 123,4439.85,107,Fitness
3950,Boldfit Yoga Mat 442,2315.20,185,Fitness
3951,Samsung Laptop 299,7785.15,215,Electronics
3952,Prestige Lamp 569,,452,Home
3953,Lenovo Laptop 343,55377.67,193,Electronics
3954,Portronics Earbuds 619,2431.63,41,Accessories
3955,Havells Mixer Grinder 343,2518.42,470,Home
3956,Milton Mixer Grinder 736,6889.15,190,Home
3957,Cosco Dumbbell Set 566,3737.79,259,Fitness
3958,boAt Laptop 920,6261.82,300,Electronics
3959,Philips Fan 765,7393.18,500,Home
3960,Logitech Power Bank 595,2708.22,61,Accessories
3961,Milton Iron 607,1719.76,425,Home
3962,Milton Lamp 117,2665.86,465,Home
3963,Milton Water Bottle 116,4097.26,354,Home
3964,Havells Water Bottle 840,7646.07,294,Home
3965,Samsung Tablet 672,44750.22,364,Electronics
3966,Lenovo Tablet 671,31678.74,287,Electronics
3967,Cosco Dumbbell Set 873,4382.85,288,Fitness
3968,Decathlon Yoga Mat 937,3294.14,208,Fitness
3969,Xiaomi Mobile 183,75980.04,236,Electronics
3970,Realme Tablet 581,45564.02,294,Electronics
3971,Boldfit Resistance Band 724,2620.20,252,Fitness
3972,Milton Water Bottle 819,4217.21,482,Home
3973,Samsung Laptop 660,55704.62,143,Electronics
3974,Samsung Monitor 785,61760.45,253,Electronics
3975,Bajaj Fan 876,5840.73,30,Home
3976,Realme Tablet 868,82260.84,155,Electronics
3977,Havells Iron 930,7355.00,465,Home
3978,Realme Monitor 121,13229.03,155,Electronics
3979,Logitech Power Bank 274,2927.39,269,Accessories
3980,Boldfit Yoga Mat 890,3826.91,265,Fitness
3981,Prestige Water Bottle 378,3506.94,182,Home
3982,Philips Water Bottle 196,684.07,42,Home
3983,Realme Monitor 600,79969.95,311,Electronics
3984,Cosco Skipping Rope 320,1096.52,63,Fitness
3985,Prestige Iron 339,6365.07,73,Home
3986,boAt Mobile 441,21592.32,102,Electronics
3987,Adidas Skipping Rope 962,3793.10,307,Fitness
3988,Boldfit Gym Bag 427,4948.30,299,Fitness
3989,boAt Monitor 315,58373.99,274,Electronics
3990,Anker Earbuds 724,1846.21,202,Accessories
3991,Adidas Skipping Rope 430,2431.39,437,Fitness
3992,Samsung Monitor 533,84569.98,373,Electronics
3993,Portronics Keyboard 646,2198.57,191,Accessories
3994,Decathlon Gym Bag 997,4876.29,333,Fitness
3995,Xiaomi Mobile 402,53843.35,168,Electronics
3996,Zebronics Mouse 360,572.82,354,Accessories
3997,Boldfit Skipping Rope 243,4558.24,445,Fitness
3998,Zebronics USB Cable 343,,75,Accessories
3999,Bajaj Lamp 459,5934.84,88,Home
4000,Portronics Keyboard 451,1780.55,463,Accessories
4001,Lenovo Tablet 897,64192.46,483,Electronics
4002,Milton Fan 969,871.64,271,Home
4003,Lenovo Laptop 641,43066.50,85,Electronics
4004,Prestige Lamp 663,5210.26,309,Home
4005,boAt Speaker 123,32481.71,362,Electronics
4006,Decathlon Yoga Mat 905,358.42,237,Fitness
4007,Zebronics Charger 484,1022.56,438,Accessories
4008,Cosco Skipping Rope 262,2067.79,323,Fitness
4009,Zebronics Charger 746,345.23,295,Accessories
4010,Cosco Gym Bag 707,2351.72,56,Fitness
4011,Cosco Yoga Mat 865,1199.21,361,Fitness
4012,Bajaj Mixer Grinder 708,6238.62,25,Home
4013,Prestige Mixer Grinder 923,3656.38,325,Home
4014,boAt Tablet 646,11937.81,409,Electronics
4015,Xiaomi Speaker 394,27182.93,477,Electronics
4016,Portronics Power Bank 790,3596.56,91,Accessories
4017,Milton Lamp 758,1937.22,235,Home
4018,Havells Iron 844,3805.79,251,Home
4019,Milton Mixer Grinder 638,6996.69,467,Home
4020,Milton Iron 719,7666.34,453,Home
4021,Decathlon Yoga Mat 534,4326.63,205,Fitness
4022,Nivia Resistance Band 456,683.71,316,Fitness
4023,Boldfit Gym Bag 541,1217.92,261,Fitness
4024,Xiaomi Monitor 995,55223.33,173,Electronics
4025,Adidas Dumbbell Set 754,3988.17,69,Fitness
4026,Prestige Kettle 866,3093.98,198,Home
4027,Samsung Monitor 633,56648.03,293,Electronics
4028,Cosco Gym Bag 588,3858.58,269,Fitness
4029,Nivia Resistance Band 979,4492.62,355,Fitness
4030,Realme Laptop 240,76169.16,20,Electronics
4031,Anker USB Cable 365,2926.94,465,Accessories
4032,Philips Lamp 434,3219.10,173,Home
4033,Adidas Resistance Band 403,4314.84,183,Fitness
4034,Cosco Gym Bag 200,2937.70,414,Fitness
4035,Portronics Charger 549,1947.34,415,Accessories
4036,Portronics Charger 386,2172.64,11,Accessories
4037,Zebronics Earbuds 839,534.52,206,Accessories
4038,Adidas Yoga Mat 213,1551.52,250,Fitness
4039,Xiaomi Speaker 554,83417.77,214,Electronics
4040,Nivia Gym Bag 977,3721.56,187,Fitness
4041,Portronics Keyboard 818,717.44,201,Accessories
4042,Zebronics USB Cable 819,2293.65,0,Accessories
4043,Prestige Lamp 202,,220,Home
4044,Anker USB Cable 448,2815.40,204,Accessories
4045,Prestige Mixer Grinder 134,5275.97,189,Home
4046,Bajaj Mixer Grinder 131,5579.22,345,Home
4047,Bajaj Kettle 972,N/A,200,Home
4048,Zebronics USB Cable 139,2937.71,74,Accessories
4049,Bajaj Water Bottle 687,4675.07,444,Home
4050,Ambrane USB Cable 400,1668.94,233,Accessories
4051,Logitech Power Bank 985,3456.06,491,Accessories
4052,Xiaomi Laptop 515,51351.72,248,Electronics
4053,Philips Fan 497,7660.90,199,Home
4054,Milton Water Bottle 542,4724.61,359,Home
4055,Prestige Mixer Grinder 478,0,253,Home
4056,Adidas Yoga Mat 224,1008.80,180,Fitness
4057,Havells Water Bottle 244,5646.13,389,Home
4058,Portronics Earbuds 415,877.06,93,Accessories
4059,Portronics Charger 124,3640.47,83,Accessories
4060,Samsung Mobile 776,76365.52,452,Electronics
4061,Logitech Charger 258,3907.79,65,Accessories
4062,Cosco Skipping Rope 983,2786.79,86,Fitness
4063,Ambrane Charger 710,2826.02,411,Accessories
4064,Logitech Power Bank 601,3496.44,352,Accessories
4065,Decathlon Gym Bag 387,4987.62,458,Fitness
4066,Prestige Kettle 975,6926.73,270,Home
4067,Cosco Resistance Band 675,371.65,407,Fitness
4068,Decathlon Yoga Mat 675,704.93,104,Fitness
4069,Realme Monitor 232,78645.99,246,Electronics
4070,Lenovo Laptop 681,29189.50,329,Electronics
4071,Milton Water Bottle 679,6768.83,315,Home
4072,Portronics Mouse 516,1837.43,344,Accessories
4073,Ambrane Charger 289,197.11,100,Accessories
4074,Prestige Water Bottle 454,7355.11,349,Home
4075,Cosco Gym Bag 845,4096.11,191,Fitness
4076,Milton Fan 810,3099.65,425,Home
4077,Prestige Lamp 769,2789.93,162,Home
4078,Ambrane USB Cable 666,2266.86,353,Accessories
4079,Milton Fan 579,599.94,232,Home
4080,boAt Smartwatch 958,75088.98,434,Electronics
4081,Adidas Gym Bag 266,1990.98,278,Fitness
4082,boAt Mobile 747,44313.03,76,Electronics
4083,Prestige Mixer Grinder 518,2930.10,216,Home
4084,Havells Lamp 348,6562.15,176,Home
4085,Philips Mixer Grinder 374,3766.62,389,Home
4086,Portronics Keyboard 751,3137.40,343,Accessories
4087,Realme Laptop 541,9761.62,435,Electronics
4088,boAt Speaker 783,24430.08,349,Electronics
4089,Boldfit Skipping Rope 344,free,27,Fitness
4090,Anker Earbuds 430,-2843.92,432,Accessories
4091,Anker Power Bank 134,2417.47,163,Accessories
4092,Decathlon Skipping Rope 165,3089.44,116,Fitness
4093,Boldfit Dumbbell Set 116,2049.65,43,Fitness
4094,Anker Earbuds 855,1631.47,18,Accessories
4095,Cosco Dumbbell Set 863,2261.11,28,Fitness
4096,Decathlon Dumbbell Set 723,217.81,55,Fitness
4097,Philips Lamp 421,885.42,182,Home
4098,Havells Iron 968,3420.11,128,Home
4099,Boldfit Yoga Mat 945,805.33,145,Fitness
4100,Milton Water Bottle 256,5890.65,486,Home
4101,Lenovo Mobile 182,20198.41,201,Electronics
4102,Xiaomi Tablet 317,80764.65,174,Electronics
4103,Lenovo Speaker 866,87638.74,387,Electronics
4104,Logitech Mouse 820,3933.62,172,Accessories
4105,Anker Mouse 659,1371.92,103,Accessories
4106,Portronics Earbuds 890,2440.83,40,Accessories
4107,Adidas Yoga Mat 863,315.10,392,Fitness
4108,Prestige Mixer Grinder 834,4904.91,142,Home
4109,Portronics USB Cable 653,3164.09,87,Accessories
4110,Lenovo Smartwatch 666,54988.15,283,Electronics
4111,Portronics Keyboard 745,934.98,ten,Accessories
4112,Lenovo Speaker 430,52319.30,495,Electronics
4113,Ambrane Earbuds 255,2062.20,53,Accessories
4114,Havells Fan 345,5022.22,482,Home
4115,Zebronics USB Cable 388,385.45,45,Accessories
4116,Havells Iron 642,6192.28,331,Home
4117,Anker Mouse 812,3356.63,11,Accessories
4118,Xiaomi Mobile 570,68232.61,368,Electronics
4119,boAt Tablet 597,36307.26,243,Electronics
4120,Prestige Water Bottle 184,2842.09,21,Home
4121,Lenovo Mobile 899,7824.57,324,Electronics
4122,Realme Mobile 970,58250.92,477,Electronics
4123,Havells Kettle 357,7708.39,410,Home
4124,Zebronics Earbuds 567,150.20,276,Accessories
4125,Lenovo Mobile 992,52226.65,81,Electronics
4126,Decathlon Resistance Band 461,4260.95,31,Fitness
4127,Prestige Kettle 864,3553.48,132,Home
4128,Ambrane Charger 976,863.10,410,Accessories
4129,Realme Tablet 704,13477.12,13,Electronics
4130,Portronics Mouse 974,2672.32,156,Accessories
4131,Philips Mixer Grinder 946,1131.14,99,Home
4132,Logitech Charger 881,2511.53,413,Accessories
4133,Milton Iron 574,3535.87,357,Home
4134,Prestige Fan 215,6046.97,293,Home
4135,Adidas Skipping Rope 399,678.27,143,Fitness
4136,Ambrane Charger 189,2443.89,60,Accessories
4137,Bajaj Iron 445,5777.51,2,Home
4138,Anker Power Bank 825,2520.90,0,Accessories
4139,Realme Speaker 232,18356.42,149,Electronics
4140,Bajaj Iron 447,4634.01,259,Home
4141,Portronics Power Bank 280,576.37,382,Accessories
4142,Portronics USB Cable 189,3202.74,148,Accessories
4143,boAt Smartwatch 277,,397,Electronics
4144,Decathlon Yoga Mat 975,4349.57,332,Fitness
4145,Realme Speaker 543,16970.17,432,Electronics
4146,Milton Lamp 817,2211.34,420,Home
4147,Milton Water Bottle 625,3268.93,104,Home
4148,Nivia Gym Bag 957,2601.03,170,Fitness
4149,Anker Keyboard 568,2097.28,67,Accessories
4150,Ambrane Mouse 585,1794.43,260,Accessories
4151,Philips Kettle 778,4432.24,485,Home
4152,Milton Lamp 290,4558.39,349,Home
4153,Cosco Dumbbell Set 422,3642.02,419,Fitness
4154,boAt Monitor 957,32484.97,109,Electronics
4155,Xiaomi Speaker 740,49261.86,331,Electronics
4156,boAt Smartwatch 995,32645.98,132,Electronics
4157,Anker Charger 849,-3554.78,145,Accessories
4158,Logitech Charger 207,2411.96,0,Accessories
4159,Logitech Mouse 385,TBD,448,Accessories
4160,Nivia Resistance Band 920,4118.56,23,Fitness
4161,Zebronics Keyboard 579,2242.94,141,Accessories
4162,Zebronics Earbuds 371,1343.61,209,Accessories
4163,Havells Lamp 611,5464.48,62,Home
4164,Milton Iron 591,5021.62,N/A,Home
4165,Portronics Power Bank 713,3101.01,421,Accessories
4166,Samsung Smartwatch 629,33207.02,169,Electronics
4167,Adidas Yoga Mat 794,246.91,406,Fitness
4168,Nivia Skipping Rope 247,416.35,480,Fitness
4169,Anker Keyboard 382,2620.11,46,Accessories
4170,Portronics USB Cable 224,2109.42,390,Accessories
4171,Samsung Mobile 107,79647.92,92,Electronics
4172,Ambrane Charger 401,776.23,11,Accessories
4173,Samsung Speaker 968,4353.45,305,Electronics
4174,Realme Smartwatch 539,27554.44,488,Electronics
4175,Prestige Kettle 835,1888.73,25,Home
4176,Prestige Water Bottle 340,4461.40,180,Home
4177,Decathlon Gym Bag 262,1345.16,499,Fitness
4178,boAt Monitor 325,13819.45,33,Electronics
4179,Ambrane Charger 777,3041.95,447,Accessories
4180,Portronics Mouse 852,921.94,474,Accessories
4181,Ambrane Mouse 977,914.51,371,Accessories
4182,Xiaomi Laptop 144,13290.31,83,Electronics
4183,Cosco Dumbbell Set 797,2657.57,432,Fitness
4184,Zebronics Mouse 786,1963.09,496,Accessories
4185,Zebronics Keyboard 246,3196.43,187,Accessories
4186,Adidas Skipping Rope 285,1367.16,174,Fitness
4187,Lenovo Tablet 308,73042.23,190,Electronics
4188,Samsung Monitor 530,27593.95,102,Electronics
4189,Bajaj Iron 829,3266.64,131,Home
4190,Realme Tablet 533,74536.46,443,Electronics
4191,Philips Water Bottle 116,2663.10,398,Home
4192,Cosco Skipping Rope 361,2170.97,0,Fitness
4193,Zebronics USB Cable 500,1171.44,302,Accessories
4194,Milton Mixer Grinder 132,5424.80,32,Home
4195,Samsung Tablet 324,57832.16,375,Electronics
4196,Logitech Power Bank 199,2849.27,68,Accessories
4197,Xiaomi Laptop 167,29859.35,130,Electronics
4198,Anker Power Bank 751,2855.08,398,Accessories
4199,Cosco Resistance Band 208,4840.69,6,Fitness
4200,Cosco Skipping Rope 660,3806.60,364,Fitness
4201,Boldfit Yoga Mat 527,3563.82,N/A,Fitness
4202,Lenovo Monitor 981,14430.17,443,Electronics
4203,Xiaomi Laptop 980,39461.34,145,Electronics
4204,Portronics USB Cable 194,3887.43,375,Accessories
4205,Havells Water Bottle 363,3785.15,340,Home
4206,Samsung Mobile 441,61103.15,330,Electronics
4207,Boldfit Dumbbell Set 166,788.45,0,Fitness
4208,boAt Monitor 628,73905.94,370,Electronics
4209,Boldfit Dumbbell Set 313,392.06,313,Fitness
4210,boAt Laptop 717,19423.98,0,Electronics
4211,Anker Keyboard 768,2252.70,87,Accessories
4212,Realme Monitor 473,42107.50,449,Electronics
4213,Realme Mobile 869,28956.61,44,Electronics
4214,Decathlon Resistance Band 212,1580.00,145,Fitness
4215,Boldfit Resistance Band 821,4207.16,279,Fitness
4216,Havells Kettle 225,766.24,486,Home
4217,Portronics Earbuds 253,1259.40,65,Accessories
4218,Prestige Iron 500,2811.77,many,Home
4219,Bajaj Lamp 558,2873.24,144,Home
4220,Philips Mixer Grinder 721,6780.03,52,Home
4221,Decathlon Yoga Mat 686,909.32,486,Fitness
4222,Ambrane Mouse 522,3252.24,496,Accessories
4223,Lenovo Tablet 775,59935.40,151,Electronics
4224,Anker Mouse 468,2909.61,310,Accessories
4225,Samsung Laptop 851,15727.00,443,Electronics
4226,Prestige Iron 921,2725.95,93,Home
4227,boAt Mobile 103,21480.66,143,Electronics
4228,Adidas Yoga Mat 683,2330.50,359,Fitness
4229,Zebronics Mouse 665,2250.52,76,Accessories
4230,Decathlon Dumbbell Set 934,3431.24,248,Fitness
4231,boAt Monitor 451,10439.65,155,Electronics
4232,Milton Iron 879,3291.40,0,Home
4233,Adidas Skipping Rope 532,418.60,33,Fitness
4234,Cosco Gym Bag 250,1469.39,401,Fitness
4235,Lenovo Laptop 248,48880.73,173,Electronics
4236,Adidas Skipping Rope 299,2406.04,366,Fitness
4237,Samsung Smartwatch 687,32533.95,359,Electronics
4238,Bajaj Fan 812,1743.86,74,Home
4239,Adidas Skipping Rope 290,853.68,242,Fitness
4240,Xiaomi Mobile 132,84345.51,305,Electronics
4241,Xiaomi Laptop 552,39753.05,129,Electronics
4242,Portronics Power Bank 679,2822.98,194,Accessories
4243,Decathlon Yoga Mat 403,1183.01,488,Fitness
4244,Havells Water Bottle 749,1918.06,40,Home
4245,Portronics Charger 368,1492.42,35,Accessories
4246,Prestige Lamp 458,5864.66,361,Home
4247,Philips Water Bottle 336,5668.07,239,Home
4248,Adidas Resistance Band 763,3644.64,426,Fitness
4249,Xiaomi Laptop 398,41408.53,134,Electronics
4250,Realme Monitor 457,71166.50,0,Electronics
4251,Havells Water Bottle 446,1327.25,417,Home
4252,Havells Water Bottle 899,1039.03,85,Home
4253,Portronics Power Bank 870,2442.84,212,Accessories
4254,Bajaj Water Bottle 820,4357.31,466,Home
4255,Nivia Gym Bag 945,1695.66,415,Fitness
4256,Anker Charger 577,2394.85,467,Accessories
4257,Decathlon Dumbbell Set 697,2626.13,181,Fitness
4258,Cosco Resistance Band 455,1877.67,104,Fitness
4259,Nivia Resistance Band 603,4729.68,340,Fitness
4260,Anker Power Bank 570,3749.38,183,Accessories
4261,Zebronics Earbuds 680,492.89,61,Accessories
4262,Boldfit Gym Bag 391,1897.79,481,Fitness
4263,Realme Tablet 165,25864.57,483,Electronics
4264,Decathlon Skipping Rope 920,4326.67,83,Fitness
4265,Cosco Skipping Rope 271,1893.99,19,Fitness
4266,Logitech Keyboard 519,1500.39,154,Accessories
4267,Realme Smartwatch 308,,54,Electronics
4268,Decathlon Resistance Band 135,2108.67,74,Fitness
4269,Adidas Yoga Mat 832,4796.36,398,Fitness
4270,Bajaj Iron 989,7548.99,335,Home
4271,Portronics Charger 274,1814.39,88,Accessories
4272,Adidas Gym Bag 533,2486.91,47,Fitness
4273,Prestige Lamp 468,4667.65,213,Home
4274,Anker Power Bank 690,3358.57,25,Accessories
4275,Realme Tablet 911,20732.30,185,Electronics
4276,Nivia Resistance Band 589,2133.35,359,Fitness
4277,Cosco Dumbbell Set 354,3251.20,28,Fitness
4278,Havells Kettle 783,4721.10,363,Home
4279,Philips Water Bottle 140,5288.00,496,Home
4280,Ambrane Mouse 259,412.46,284,Accessories
4281,Cosco Gym Bag 684,721.61,367,Fitness
4282,Nivia Yoga Mat 247,4416.26,452,Fitness
4283,Philips Kettle 553,7478.44,471,Home
4284,Adidas Skipping Rope 654,3021.99,200,Fitness
4285,boAt Speaker 699,14852.48,281,Electronics
4286,Samsung Monitor 584,39072.44,80,Electronics
4287,Philips Kettle 110,7633.84,314,Home
4288,Adidas Gym Bag 990,2994.77,355,Fitness
4289,Realme Monitor 616,31777.47,17,Electronics
4290,Adidas Skipping Rope 914,2504.84,342,Fitness
4291,Bajaj Lamp 106,1191.64,399,Home
4292,Boldfit Dumbbell Set 656,3596.93,372,Fitness
4293,Adidas Skipping Rope 477,1175.37,290,Fitness
4294,Zebronics Earbuds 998,2607.02,N/A,Accessories
4295,Realme Tablet 168,8653.61,436,Electronics
4296,Nivia Gym Bag 705,1642.40,451,Fitness
4297,Nivia Gym Bag 760,1044.85,96,Fitness
4298,Logitech Charger 907,378.67,17,Accessories
4299,Ambrane Earbuds 732,N/A,339,Accessories
4300,Cosco Skipping Rope 995,1390.47,462,Fitness
4301,Logitech Earbuds 122,2671.58,308,Accessories
4302,Prestige Water Bottle 556,4788.05,414,Home
4303,Realme Monitor 303,84957.16,107,Electronics
4304,Prestige Water Bottle 862,4841.88,369,Home
4305,Xiaomi Speaker 475,27123.44,489,Electronics
4306,Prestige Water Bottle 229,3584.16,49,Home
4307,Logitech USB Cable 811,3985.05,349,Accessories
4308,Milton Water Bottle 749,2906.54,189,Home
4309,Adidas Skipping Rope 985,2568.44,262,Fitness
4310,Xiaomi Smartwatch 597,84131.72,338,Electronics
4311,Samsung Tablet 194,49011.66,340,Electronics
4312,Zebronics Power Bank 321,2985.32,205,Accessories
4313,Lenovo Mobile 623,10663.21,40,Electronics
4314,Nivia Gym Bag 806,707.76,263,Fitness
4315,Realme Monitor 416,65898.87,342,Electronics
4316,Nivia Yoga Mat 612,2020.97,270,Fitness
4317,Havells Fan 923,7254.73,195,Home
4318,Boldfit Dumbbell Set 354,834.90,168,Fitness
4319,Cosco Gym Bag 997,2162.57,3,Fitness
4320,Havells Lamp 266,7296.15,2,Home
4321,Portronics Power Bank 753,3429.19,371,Accessories
4322,Xiaomi Laptop 736,9722.66,241,Electronics
4323,Samsung Speaker 909,57372.78,126,Electronics
4324,Samsung Monitor 372,79576.97,65,Electronics
4325,boAt Tablet 442,4954.00,21,Electronics
4326,Logitech Earbuds 147,1499.03,62,Accessories
4327,Decathlon Skipping Rope 205,4634.14,174,Fitness
4328,Anker Earbuds 684,1436.66,245,Accessories
4329,Boldfit Resistance Band 549,4019.50,214,Fitness
4330,Milton Iron 688,3107.37,246,Home
4331,Milton Iron 166,708.48,8,Home
4332,Anker Mouse 430,1979.56,191,Accessories
4333,Xiaomi Smartwatch 749,67841.21,324,Electronics
4334,Lenovo Laptop 421,44036.39,499,Electronics
4335,boAt Tablet 106,37495.80,247,Electronics
4336,Realme Mobile 558,9215.78,166,Electronics
4337,Lenovo Tablet 943,7088.39,140,Electronics
4338,Lenovo Tablet 292,53199.46,322,Electronics
4339,Cosco Yoga Mat 825,4597.47,47,Fitness
4340,Nivia Dumbbell Set 116,4405.74,458,Fitness
4341,Adidas Dumbbell Set 769,4073.11,23,Fitness
4342,Ambrane Charger 442,2228.55,63,Accessories
4343,Lenovo Smartwatch 416,6228.23,176,Electronics
4344,Decathlon Skipping Rope 302,2336.81,405,Fitness
4345,Anker Earbuds 271,613.09,498,Accessories
4346,Logitech Charger 451,2016.94,44,Accessories
4347,Nivia Yoga Mat 116,1310.75,180,Fitness
4348,Havells Iron 729,5615.24,114,Home
4349,Adidas Skipping Rope 177,930.87,392,Fitness
4350,Lenovo Laptop 965,23495.72,N/A,Electronics
4351,Samsung Tablet 567,51940.49,411,Electronics
4352,Milton Kettle 178,4655.74,424,Home
4353,Boldfit Skipping Rope 845,1852.27,183,Fitness
4354,Nivia Resistance Band 866,1646.49,254,Fitness
4355,Xiaomi Tablet 400,,306,Electronics
4356,Adidas Resistance Band 297,3192.95,453,Fitness
4357,Cosco Dumbbell Set 159,943.02,297,Fitness
4358,Xiaomi Smartwatch 644,69108.68,150,Electronics
4359,Nivia Dumbbell Set 612,4605.56,246,Fitness
4360,boAt Monitor 991,73795.63,354,Electronics
4361,Nivia Yoga Mat 264,4341.66,187,Fitness
4362,Boldfit Dumbbell Set 882,873.46,498,Fitness
4363,Ambrane Mouse 830,565.83,35,Accessories
4364,Realme Monitor 731,86165.41,457,Electronics
4365,Milton Fan 511,4310.01,145,Home
4366,Milton Fan 777,4003.91,199,Home
4367,Xiaomi Mobile 271,55053.65,249,Electronics
4368,Ambrane Mouse 733,778.54,210,Accessories
4369,Bajaj Kettle 300,4167.47,384,Home
4370,boAt Monitor 374,5186.30,115,Electronics
4371,Decathlon Gym Bag 825,3108.04,475,Fitness
4372,boAt Speaker 317,32706.13,6,Electronics
4373,Nivia Dumbbell Set 716,382.23,113,Fitness
4374,Havells Lamp 865,7670.44,453,Home
4375,Anker Keyboard 534,3678.77,134,Accessories
4376,Lenovo Smartwatch 280,29965.63,254,Electronics
4377,Samsung Smartwatch 560,89201.19,162,Electronics
4378,Portronics Power Bank 256,3540.87,475,Accessories
4379,Zebronics Charger 530,2397.25,345,Accessories
4380,Portronics Charger 500,323.57,94,Accessories
4381,Cosco Dumbbell Set 408,733.70,63,Fitness
4382,Logitech USB Cable 176,3181.28,164,Accessories
4383,Adidas Resistance Band 453,968.72,13,Fitness
4384,Samsung Laptop 640,80589.67,172,Electronics
4385,Nivia Gym Bag 677,4127.29,474,Fitness
4386,Bajaj Fan 835,1591.98,59,Home
4387,Zebronics USB Cable 799,3352.21,131,Accessories
4388,Adidas Skipping Rope 600,4000.54,144,Fitness
4389,Zebronics USB Cable 556,1905.55,346,Accessories
4390,Bajaj Lamp 776,7517.62,55,Home
4391,Bajaj Kettle 631,620.84,195,Home
4392,Milton Iron 446,6854.88,471,Home
4393,Prestige Lamp 650,3318.07,451,Home
4394,Boldfit Resistance Band 706,1058.09,287,Fitness
4395,Anker Charger 627,251.28,236,Accessories
4396,Cosco Yoga Mat 808,4549.33,27,Fitness
4397,Adidas Skipping Rope 818,2525.73,248,Fitness
4398,Portronics Earbuds 758,379.60,76,Accessories
4399,Ambrane Earbuds 757,1981.85,346,Accessories
4400,Lenovo Laptop 143,10134.88,78,Electronics
4401,Bajaj Lamp 554,4290.78,423,Home
4402,Xiaomi Monitor 251,67604.02,445,Electronics
4403,Milton Iron 505,4575.16,0,Home
4404,Philips Fan 693,2959.24,95,Home
4405,Philips Fan 328,995.13,72,Home
4406,Portronics Power Bank 333,392.98,273,Accessories
4407,Philips Lamp 245,799.62,73,Home
4408,Adidas Skipping Rope 949,4337.56,109,Fitness
4409,Havells Kettle 253,2310.83,265,Home
4410,Ambrane Power Bank 994,752.80,301,Accessories
4411,Portronics Earbuds 696,2420.22,252,Accessories
4412,Logitech Power Bank 590,1194.54,112,Accessories
4413,Zebronics Mouse 408,2126.29,275,Accessories
4414,Realme Monitor 529,58030.84,88,Electronics
4415,Milton Water Bottle 597,4596.93,284,Home
4416,Adidas Yoga Mat 601,243.11,297,Fitness
4417,Adidas Resistance Band 710,3262.26,249,Fitness
4418,Adidas Skipping Rope 619,4880.04,497,Fitness
4419,Lenovo Laptop 128,43900.88,146,Electronics
4420,Portronics Earbuds 228,350.61,47,Accessories
4421,Havells Kettle 686,3444.87,385,Home
4422,Adidas Dumbbell Set 426,2110.27,81,Fitness
4423,boAt Smartwatch 572,25959.58,396,Electronics
4424,boAt Mobile 750,85780.78,457,Electronics
4425,boAt Speaker 416,80460.05,197,Electronics
4426,Ambrane USB Cable 687,2822.89,243,Accessories
4427,Prestige Kettle 145,6102.24,280,Home
4428,Portronics Keyboard 115,1823.20,37,Accessories
4429,Decathlon Dumbbell Set 715,3705.83,397,Fitness
4430,Milton Lamp 264,1739.15,185,Home
4431,Decathlon Gym Bag 245,2231.76,159,Fitness
4432,Adidas Skipping Rope 128,3461.69,60,Fitness
4433,Milton Iron 997,6058.24,135,Home
4434,Cosco Dumbbell Set 429,2818.83,237,Fitness
4435,Realme Monitor 142,32942.74,125,Electronics
4436,Decathlon Resistance Band 600,1895.26,486,Fitness
4437,Logitech Mouse 383,2937.46,301,Accessories
4438,Decathlon Gym Bag 993,1200.95,53,Fitness
4439,boAt Smartwatch 534,71932.17,132,Electronics
4440,Bajaj Mixer Grinder 673,1087.10,364,Home
4441,Logitech Mouse 936,3674.19,18,Accessories
4442,Realme Mobile 982,76625.66,350,Electronics
4443,Portronics USB Cable 748,2038.69,353,Accessories
4444,Portronics USB Cable 890,3094.04,73,Accessories
4445,Philips Kettle 289,7743.74,41,Home
4446,Portronics USB Cable 968,1177.05,118,Accessories
4447,boAt Monitor 925,54359.95,76,Electronics
4448,Zebronics Earbuds 445,3839.09,272,Accessories
4449,Boldfit Skipping Rope 430,4159.27,425,Fitness
4450,Lenovo Laptop 832,61197.96,476,Electronics
4451,Prestige Iron 164,5560.93,351,Home
4452,Decathlon Dumbbell Set 342,1903.06,304,Fitness
4453,Prestige Water Bottle 574,5055.46,N/A,Home
4454,Portronics Power Bank 540,3668.08,17,Accessories
4455,Decathlon Yoga Mat 730,1140.75,232,Fitness
4456,Milton Lamp 487,6433.24,43,Home
4457,Ambrane Mouse 972,181.90,10,Accessories
4458,Prestige Fan 107,3669.76,209,Home
4459,Boldfit Gym Bag 858,962.75,83,Fitness
4460,Prestige Mixer Grinder 995,-4198.79,372,Home
4461,Cosco Skipping Rope 739,3005.45,393,Fitness
4462,Philips Fan 108,7081.22,279,Home
4463,Boldfit Yoga Mat 925,4471.58,267,Fitness
4464,Adidas Skipping Rope 579,3531.84,182,Fitness
4465,Ambrane Keyboard 710,2414.44,81,Accessories
4466,Nivia Resistance Band 657,4295.44,17,Fitness
4467,Decathlon Skipping Rope 917,4839.34,237,Fitness
4468,Cosco Resistance Band 208,1741.35,319,Fitness
4469,Realme Mobile 346,20251.93,141,Electronics
4470,Prestige Water Bottle 532,433.00,43,Home
4471,Zebronics Mouse 728,2107.12,357,Accessories
4472,Realme Mobile 805,38825.55,456,Electronics
4473,Milton Mixer Grinder 443,7830.77,10,Home
4474,Zebronics Keyboard 607,2827.24,0,Accessories
4475,boAt Speaker 204,51548.71,482,Electronics
4476,Logitech Power Bank 906,733.70,117,Accessories
4477,Logitech Earbuds 632,2977.11,173,Accessories
4478,Milton Mixer Grinder 622,3283.94,392,Home
4479,Decathlon Resistance Band 354,2145.25,171,Fitness
4480,Samsung Mobile 972,77207.15,71,Electronics
4481,Portronics Charger 730,496.39,357,Accessories
4482,Logitech Earbuds 536,1756.73,497,Accessories
4483,Logitech USB Cable 422,2690.40,448,Accessories
4484,boAt Speaker 237,77857.05,340,Electronics
4485,Philips Iron 176,823.24,274,Home
4486,Anker Charger 786,3535.47,403,Accessories
4487,Xiaomi Tablet 398,56092.27,N/A,Electronics
4488,Cosco Skipping Rope 937,3158.31,102,Fitness
4489,Realme Mobile 543,64785.64,52,Electronics
4490,Prestige Iron 846,4552.86,336,Home
4491,Philips Mixer Grinder 825,5611.83,464,Home
4492,Samsung Smartwatch 512,48039.81,144,Electronics
4493,Logitech Mouse 182,683.50,307,Accessories
4494,Adidas Yoga Mat 110,3938.78,467,Fitness
4495,Ambrane Power Bank 972,2802.77,174,Accessories
4496,Portronics Power Bank 629,1708.33,82,Accessories
4497,Nivia Resistance Band 885,2020.74,470,Fitness
4498,Cosco Resistance Band 659,1983.04,355,Fitness
4499,Boldfit Skipping Rope 505,2840.61,92,Fitness
4500,Samsung Tablet 171,79570.49,488,Electronics
4501,Bajaj Kettle 270,4386.28,485,Home
4502,Philips Iron 143,4828.01,34,Home
4503,Lenovo Mobile 462,59120.88,415,Electronics
4504,Boldfit Yoga Mat 146,2414.28,466,Fitness
4505,Cosco Yoga Mat 882,2502.53,31,Fitness
4506,Lenovo Laptop 855,59772.10,195,Electronics
4507,Boldfit Gym Bag 929,3355.26,167,Fitness
4508,Portronics Keyboard 405,424.25,419,Accessories
4509,Adidas Resistance Band 421,4466.57,ten,Fitness
4510,Philips Fan 210,3237.35,274,Home
4511,Cosco Gym Bag 204,2393.90,468,Fitness
4512,Nivia Dumbbell Set 426,4057.04,66,Fitness
4513,Nivia Gym Bag 832,3818.02,0,Fitness
4514,Samsung Laptop 240,85629.70,301,Electronics
4515,Portronics Charger 148,3798.10,345,Accessories
4516,Nivia Resistance Band 941,4860.53,64,Fitness
4517,Adidas Dumbbell Set 624,2707.77,408,Fitness
4518,Cosco Yoga Mat 768,3722.92,7,Fitness
4519,Portronics Mouse 996,353.40,119,Accessories
4520,Decathlon Gym Bag 364,1711.14,171,Fitness
4521,Logitech Keyboard 150,715.57,120,Accessories
4522,Anker Power Bank 482,757.71,421,Accessories
4523,Nivia Gym Bag 900,303.65,305,Fitness
4524,Prestige Iron 123,1656.26,405,Home
4525,Prestige Water Bottle 522,6782.98,196,Home
4526,Samsung Mobile 924,39376.83,11,Electronics
4527,Ambrane Mouse 830,197.01,226,Accessories
4528,Bajaj Fan 108,3608.42,223,Home
4529,Portronics Power Bank 752,1707.42,372,Accessories
4530,Prestige Fan 794,1777.26,273,Home
4531,Anker Keyboard 346,2913.08,235,Accessories
4532,Cosco Yoga Mat 374,2240.96,249,Fitness
4533,Xiaomi Monitor 226,78999.22,477,Electronics
4534,Philips Fan 218,6002.48,294,Home
4535,Decathlon Yoga Mat 220,1200.71,75,Fitness
4536,Portronics Charger 409,2460.92,45,Accessories
4537,Milton Fan 581,4681.11,86,Home
4538,Samsung Smartwatch 198,75532.38,382,Electronics
4539,Havells Iron 987,7585.29,448,Home
4540,Nivia Skipping Rope 312,1464.78,431,Fitness
4541,Cosco Yoga Mat 531,4806.55,251,Fitness
4542,Bajaj Fan 871,2671.91,63,Home
4543,Adidas Skipping Rope 466,1319.70,133,Fitness
4544,Boldfit Yoga Mat 670,221.50,224,Fitness
4545,Nivia Dumbbell Set 920,4678.18,435,Fitness
4546,Decathlon Resistance Band 816,791.77,60,Fitness
4547,Nivia Gym Bag 371,4046.19,126,Fitness
4548,Milton Mixer Grinder 812,6642.69,133,Home
4549,Realme Tablet 313,52115.14,422,Electronics
4550,Bajaj Lamp 272,917.18,285,Home
4551,Boldfit Yoga Mat 716,3111.81,56,Fitness
4552,Nivia Yoga Mat 427,3845.82,57,Fitness
4553,Decathlon Gym Bag 217,3923.74,77,Fitness
4554,Boldfit Dumbbell Set 589,2888.72,204,Fitness
4555,Lenovo Mobile 280,10463.90,16,Electronics
4556,Milton Iron 602,7562.58,345,Home
4557,Ambrane Charger 268,1260.23,142,Accessories
4558,Lenovo Smartwatch 993,63523.97,460,Electronics
4559,Realme Smartwatch 291,76336.44,417,Electronics
4560,Bajaj Lamp 702,4981.60,205,Home
4561,Samsung Speaker 456,6594.82,341,Electronics
4562,Havells Mixer Grinder 798,6650.14,245,Home
4563,Lenovo Tablet 360,10541.73,196,Electronics
4564,Milton Lamp 859,free,449,Home
4565,Boldfit Resistance Band 137,2253.56,333,Fitness
4566,Ambrane Keyboard 569,386.41,269,Accessories
4567,Milton Mixer Grinder 252,1085.83,111,Home
4568,Decathlon Dumbbell Set 931,3896.10,73,Fitness
4569,Portronics Keyboard 440,3882.67,220,Accessories
4570,Ambrane Power Bank 432,3458.09,229,Accessories
4571,Logitech Power Bank 525,2553.42,392,Accessories
4572,Bajaj Fan 977,5768.21,443,Home
4573,Portronics Power Bank 345,2828.16,283,Accessories
4574,Havells Mixer Grinder 949,7943.73,338,Home
4575,Prestige Kettle 675,5435.55,474,Home
4576,Adidas Gym Bag 176,4131.85,381,Fitness
4577,Anker Mouse 202,1775.98,150,Accessories
4578,Realme Mobile 174,22745.09,253,Electronics
4579,Adidas Dumbbell Set 366,4101.28,167,Fitness
4580,Nivia Yoga Mat 411,760.04,253,Fitness
4581,Philips Mixer Grinder 110,4176.10,155,Home
4582,Adidas Yoga Mat 772,2975.08,150,Fitness
4583,Anker Power Bank 636,300.70,268,Accessories
4584,Xiaomi Laptop 734,49097.14,270,Electronics
4585,Zebronics Charger 596,3516.54,N/A,Accessories
4586,boAt Speaker 394,45595.02,219,Electronics
4587,Cosco Gym Bag 524,3039.35,372,Fitness
4588,Xiaomi Smartwatch 702,79270.95,25,Electronics
4589,Xiaomi Speaker 643,35902.95,455,Electronics
4590,Bajaj Iron 238,1604.89,323,Home
4591,Xiaomi Monitor 465,24869.84,384,Electronics
4592,boAt Speaker 268,25905.68,379,Electronics
4593,Boldfit Yoga Mat 593,1006.65,340,Fitness
4594,Havells Water Bottle 545,3742.90,141,Home
4595,Boldfit Dumbbell Set 253,445.09,251,Fitness
4596,Decathlon Skipping Rope 153,3264.90,443,Fitness
4597,Portronics Charger 181,1925.95,31,Accessories
4598,Prestige Mixer Grinder 334,4948.60,493,Home
4599,Xiaomi Smartwatch 976,7127.52,350,Electronics
4600,Ambrane Keyboard 197,1802.54,1,Accessories
4601,Samsung Speaker 254,16485.83,375,Electronics
4602,Lenovo Laptop 821,9449.76,461,Electronics
4603,Bajaj Lamp 106,4043.45,111,Home
4604,Decathlon Yoga Mat 397,3085.08,138,Fitness
4605,Realme Monitor 653,74520.14,97,Electronics
4606,Ambrane Power Bank 680,2395.06,168,Accessories
4607,boAt Mobile 728,21890.35,170,Electronics
4608,Samsung Smartwatch 789,71920.28,96,Electronics
4609,Adidas Resistance Band 562,0,487,Fitness
4610,Xiaomi Smartwatch 473,TBD,7,Electronics
4611,Xiaomi Mobile 714,31789.38,149,Electronics
4612,Cosco Gym Bag 921,203.32,31,Fitness
4613,Realme Smartwatch 561,81410.20,169,Electronics
4614,Decathlon Dumbbell Set 992,518.76,373,Fitness
4615,Milton Iron 808,997.18,224,Home
4616,Portronics USB Cable 830,2843.80,267,Accessories
4617,Anker Power Bank 137,2737.05,142,Accessories
4618,Lenovo Smartwatch 187,31560.81,431,Electronics
4619,Ambrane Charger 630,1815.58,79,Accessories
4620,Realme Speaker 211,5942.32,347,Electronics
4621,Zebronics Charger 623,657.04,77,Accessories
4622,Havells Fan 559,4255.23,320,Home
4623,Prestige Mixer Grinder 902,1864.09,313,Home
4624,Xiaomi Speaker 283,65319.47,176,Electronics
4625,boAt Laptop 434,43901.87,484,Electronics
4626,Decathlon Skipping Rope 537,290.58,78,Fitness
4627,boAt Smartwatch 680,75733.94,327,Electronics
4628,Nivia Skipping Rope 814,4824.73,448,Fitness
4629,Philips Water Bottle 788,7442.15,80,Home
4630,Lenovo Laptop 755,50876.99,110,Electronics
4631,Adidas Gym Bag 424,3404.37,487,Fitness
4632,Philips Mixer Grinder 440,2530.30,319,Home
4633,Bajaj Mixer Grinder 766,6268.81,301,Home
4634,Milton Lamp 769,2338.79,485,Home
4635,Xiaomi Laptop 452,72173.31,257,Electronics
4636,Samsung Mobile 643,11391.93,235,Electronics
4637,Logitech USB Cable 907,910.29,216,Accessories
4638,Samsung Monitor 748,48347.51,54,Electronics
4639,Samsung Laptop 434,41400.83,463,Electronics
4640,Anker Mouse 313,3565.42,88,Accessories
4641,Adidas Gym Bag 895,4943.23,80,Fitness
4642,Ambrane Keyboard 601,1956.91,500,Accessories
4643,Bajaj Fan 268,6755.13,199,Home
4644,Milton Iron 412,663.05,335,Home
4645,Realme Laptop 496,22750.05,477,Electronics
4646,Milton Mixer Grinder 758,3827.03,48,Home
4647,Adidas Skipping Rope 618,free,291,Fitness
4648,Anker Earbuds 858,3135.60,310,Accessories
4649,Zebronics Charger 812,3938.12,345,Accessories
4650,Ambrane Earbuds 409,2074.81,223,Accessories
4651,Zebronics Keyboard 703,2993.63,390,Accessories
4652,Zebronics Keyboard 479,2525.46,136,Accessories
4653,Realme Laptop 131,62237.77,488,Electronics
4654,Decathlon Gym Bag 987,2690.68,193,Fitness
4655,Cosco Gym Bag 543,833.21,73,Fitness
4656,Adidas Gym Bag 696,2074.09,109,Fitness
4657,Nivia Resistance Band 576,3330.34,491,Fitness
4658,Bajaj Iron 564,862.30,271,Home
4659,Adidas Skipping Rope 979,1769.56,57,Fitness
4660,Prestige Water Bottle 354,7401.51,327,Home
4661,Logitech Mouse 421,1847.19,192,Accessories
4662,Logitech Charger 971,591.30,385,Accessories
4663,Cosco Gym Bag 569,2375.53,270,Fitness
4664,Decathlon Skipping Rope 964,909.17,223,Fitness
4665,Milton Water Bottle 807,2615.90,173,Home
4666,Boldfit Dumbbell Set 155,2944.50,185,Fitness
4667,Decathlon Yoga Mat 873,1618.00,392,Fitness
4668,Anker Charger 399,1039.75,27,Accessories
4669,Ambrane Power Bank 207,1478.12,152,Accessories
4670,Nivia Dumbbell Set 447,2918.05,414,Fitness
4671,boAt Laptop 719,7471.06,140,Electronics
4672,Cosco Skipping Rope 734,2791.41,11,Fitness
4673,Adidas Resistance Band 199,4133.03,419,Fitness
4674,Adidas Yoga Mat 441,1936.88,434,Fitness
4675,Logitech USB Cable 619,926.40,488,Accessories
4676,Havells Kettle 241,-2200.50,50,Home
4677,Boldfit Gym Bag 118,4551.91,313,Fitness
4678,Portronics USB Cable 700,2279.95,443,Accessories
4679,Anker USB Cable 778,2070.04,313,Accessories
4680,Anker Charger 751,2476.04,482,Accessories
4681,Nivia Dumbbell Set 925,2429.85,42,Fitness
4682,Realme Speaker 401,58004.01,0,Electronics
4683,Philips Kettle 420,6811.58,95,Home
4684,Nivia Skipping Rope 310,954.10,499,Fitness
4685,Ambrane USB Cable 890,1490.04,289,Accessories
4686,Milton Fan 732,2959.47,125,Home
4687,Samsung Monitor 582,50950.98,480,Electronics
4688,Decathlon Gym Bag 752,3051.78,280,Fitness
4689,Decathlon Skipping Rope 885,3786.87,49,Fitness
4690,Samsung Smartwatch 845,0,178,Electronics
4691,Logitech Mouse 326,3517.99,101,Accessories
4692,Samsung Speaker 242,56680.61,103,Electronics
4693,Lenovo Smartwatch 453,60689.56,471,Electronics
4694,boAt Smartwatch 824,18167.71,57,Electronics
4695,Anker Earbuds 359,1741.08,470,Accessories
4696,Anker Keyboard 590,3346.98,324,Accessories
4697,Realme Laptop 789,50548.76,252,Electronics
4698,Bajaj Fan 804,827.62,142,Home
4699,Cosco Resistance Band 107,4037.80,365,Fitness
4700,Nivia Yoga Mat 619,3091.70,58,Fitness
4701,Bajaj Water Bottle 416,6037.46,308,Home
4702,Adidas Dumbbell Set 620,3744.99,190,Fitness
4703,Prestige Lamp 801,2520.75,76,Home
4704,Boldfit Skipping Rope 279,4781.53,61,Fitness
4705,Zebronics Earbuds 682,837.12,479,Accessories
4706,Bajaj Kettle 134,5600.49,478,Home
4707,Cosco Resistance Band 924,1780.30,69,Fitness
4708,Bajaj Lamp 120,1070.67,45,Home
4709,Bajaj Fan 396,3897.98,492,Home
4710,Cosco Skipping Rope 304,2126.61,185,Fitness
4711,Portronics Charger 458,702.29,151,Accessories
4712,Portronics Earbuds 780,2369.67,396,Accessories
4713,Bajaj Water Bottle 434,2636.93,471,Home
4714,Xiaomi Speaker 534,22127.21,428,Electronics
4715,Lenovo Monitor 856,21626.50,38,Electronics
4716,Logitech Earbuds 188,1827.79,155,Accessories
4717,Portronics Power Bank 433,335.87,194,Accessories
4718,Prestige Mixer Grinder 533,5603.30,316,Home
4719,Portronics Power Bank 587,1559.52,373,Accessories
4720,Prestige Lamp 405,1253.36,294,Home
4721,Milton Lamp 699,1168.85,87,Home
4722,Portronics Power Bank 729,2640.55,191,Accessories
4723,Adidas Dumbbell Set 179,1976.21,131,Fitness
4724,Portronics Earbuds 249,2850.49,365,Accessories
4725,Boldfit Dumbbell Set 689,815.86,343,Fitness
4726,boAt Monitor 939,58124.57,334,Electronics
4727,Havells Iron 130,3848.92,17,Home
4728,Ambrane Power Bank 207,1163.49,332,Accessories
4729,Bajaj Fan 999,5221.57,119,Home
4730,Bajaj Lamp 161,5476.34,485,Home
4731,Logitech Earbuds 162,1501.21,428,Accessories
4732,Zebronics Mouse 360,1196.58,456,Accessories
4733,Anker Earbuds 463,2885.36,202,Accessories
4734,Bajaj Water Bottle 667,5663.98,469,Home
4735,Lenovo Tablet 713,73516.77,337,Electronics
4736,Milton Lamp 582,2203.70,107,Home
4737,Philips Iron 106,6307.33,178,Home
4738,Lenovo Laptop 269,TBD,74,Electronics
4739,boAt Laptop 378,4667.57,235,Electronics
4740,Adidas Skipping Rope 591,4164.24,254,Fitness
4741,Lenovo Speaker 570,52462.84,242,Electronics
4742,Xiaomi Tablet 880,9883.57,123,Electronics
4743,Anker Power Bank 653,358.47,17,Accessories
4744,Realme Speaker 429,22753.87,ten,Electronics
4745,Zebronics Keyboard 816,349.38,387,Accessories
4746,Cosco Gym Bag 222,1466.66,492,Fitness
4747,Logitech Keyboard 798,2274.37,309,Accessories
4748,Decathlon Resistance Band 562,2416.59,93,Fitness
4749,Nivia Gym Bag 834,2983.48,117,Fitness
4750,Portronics Mouse 348,3362.06,309,Accessories
4751,Nivia Dumbbell Set 705,,476,Fitness
4752,boAt Smartwatch 315,52558.09,38,Electronics
4753,Zebronics Earbuds 367,2687.75,401,Accessories
4754,Nivia Yoga Mat 644,3364.56,283,Fitness
4755,Havells Iron 281,1709.02,363,Home
4756,Logitech Charger 432,662.66,258,Accessories
4757,Nivia Gym Bag 688,3064.35,124,Fitness
4758,Cosco Skipping Rope 800,3855.73,267,Fitness
4759,Xiaomi Monitor 524,37300.13,105,Electronics
4760,Lenovo Monitor 497,89723.20,49,Electronics
4761,Prestige Water Bottle 823,6530.93,290,Home
4762,Nivia Resistance Band 108,2565.89,397,Fitness
4763,Cosco Yoga Mat 636,4575.64,348,Fitness
4764,Boldfit Skipping Rope 893,-4947.13,55,Fitness
4765,Lenovo Tablet 126,34560.14,148,Electronics
4766,Philips Mixer Grinder 163,2467.16,33,Home
4767,Havells Water Bottle 646,1263.81,48,Home
4768,Lenovo Speaker 570,57254.69,352,Electronics
4769,Portronics Power Bank 729,2481.22,308,Accessories
4770,Boldfit Dumbbell Set 883,492.10,464,Fitness
4771,boAt Mobile 617,13185.16,280,Electronics
4772,boAt Mobile 687,49731.57,473,Electronics
4773,Boldfit Skipping Rope 925,804.35,187,Fitness
4774,Prestige Fan 389,5020.73,166,Home
4775,Prestige Kettle 882,6280.20,402,Home
4776,Realme Laptop 888,77641.85,39,Electronics
4777,Philips Mixer Grinder 179,2317.36,254,Home
4778,Decathlon Skipping Rope 143,4128.21,148,Fitness
4779,Havells Iron 494,1492.90,45,Home
4780,Lenovo Speaker 305,32739.89,171,Electronics
4781,Samsung Mobile 353,71186.04,103,Electronics
4782,Cosco Dumbbell Set 669,316.16,439,Fitness
4783,boAt Laptop 360,37126.81,23,Electronics
4784,Bajaj Lamp 854,1481.54,140,Home
4785,Boldfit Skipping Rope 360,1742.20,426,Fitness
4786,Lenovo Mobile 584,74415.89,168,Electronics
4787,Adidas Yoga Mat 669,4109.69,459,Fitness
4788,Ambrane USB Cable 465,673.21,353,Accessories
4789,Lenovo Tablet 584,10117.52,132,Electronics
4790,Bajaj Mixer Grinder 986,6783.29,184,Home
4791,Lenovo Mobile 214,55509.23,476,Electronics
4792,Anker Power Bank 870,739.81,305,Accessories
4793,Logitech Keyboard 970,1999.44,102,Accessories
4794,Philips Iron 981,4930.27,171,Home
4795,Milton Fan 243,2135.88,17,Home
4796,Logitech Power Bank 596,3374.90,148,Accessories
4797,Ambrane Keyboard 897,3794.04,242,Accessories
4798,Portronics Keyboard 478,311.86,92,Accessories
4799,Havells Fan 785,2892.07,336,Home
4800,Philips Water Bottle 850,2852.57,128,Home
4801,Logitech USB Cable 694,3096.87,384,Accessories
4802,Havells Kettle 282,2807.83,295,Home
4803,Zebronics USB Cable 578,220.54,211,Accessories
4804,Decathlon Resistance Band 664,4649.47,287,Fitness
4805,Havells Lamp 542,2482.05,227,Home
4806,Realme Mobile 751,87397.03,186,Electronics
4807,Cosco Resistance Band 781,633.67,127,Fitness
4808,Ambrane Power Bank 369,1296.18,179,Accessories
4809,Nivia Gym Bag 292,3700.17,89,Fitness
4810,Lenovo Tablet 146,32901.44,447,Electronics
4811,Cosco Gym Bag 914,1721.80,370,Fitness
4812,Bajaj Mixer Grinder 698,2294.67,116,Home
4813,Zebronics Charger 918,1319.04,151,Accessories
4814,Cosco Yoga Mat 595,2547.47,44,Fitness
4815,Milton Water Bottle 397,6981.92,196,Home
4816,Nivia Yoga Mat 795,2591.83,295,Fitness
4817,Bajaj Water Bottle 889,2027.84,80,Home
4818,Bajaj Fan 691,1105.88,161,Home
4819,Xiaomi Laptop 806,61726.86,230,Electronics
4820,Bajaj Iron 320,503.16,400,Home
4821,Logitech Earbuds 217,1492.91,472,Accessories
4822,Decathlon Resistance Band 237,1110.91,223,Fitness
4823,Milton Iron 868,2903.82,36,Home
4824,Prestige Kettle 846,6638.37,72,Home
4825,Bajaj Iron 273,5260.83,290,Home
4826,Anker Charger 475,2470.51,212,Accessories
4827,Philips Kettle 136,3511.46,49,Home
4828,Adidas Skipping Rope 480,3196.46,106,Fitness
4829,Samsung Monitor 499,60482.28,417,Electronics
4830,boAt Speaker 843,67109.94,117,Electronics
4831,Cosco Skipping Rope 391,3032.59,218,Fitness
4832,Decathlon Dumbbell Set 679,1220.97,441,Fitness
4833,Philips Mixer Grinder 388,5450.91,43,Home
4834,Portronics Power Bank 743,3251.39,237,Accessories
4835,Bajaj Kettle 682,4226.99,55,Home
4836,Nivia Resistance Band 883,800.30,425,Fitness
4837,Anker Charger 504,1873.05,419,Accessories
4838,Milton Mixer Grinder 884,6454.77,82,Home
4839,Zebronics Keyboard 449,1001.47,308,Accessories
4840,Ambrane Keyboard 335,1544.56,213,Accessories
4841,Cosco Yoga Mat 227,3075.76,458,Fitness
4842,Ambrane Charger 336,1796.75,139,Accessories
4843,Decathlon Resistance Band 808,1827.38,255,Fitness
4844,Xiaomi Speaker 243,61241.73,176,Electronics
4845,Xiaomi Speaker 649,9140.66,406,Electronics
4846,Cosco Resistance Band 247,379.84,317,Fitness
4847,Milton Iron 561,3111.10,93,Home
4848,Lenovo Smartwatch 475,56463.59,415,Electronics
4849,Realme Mobile 950,27047.14,401,Electronics
4850,Lenovo Smartwatch 549,87771.16,0,Electronics
4851,Realme Monitor 716,9679.35,364,Electronics
4852,Decathlon Yoga Mat 217,2168.54,311,Fitness
4853,Adidas Yoga Mat 254,1578.48,90,Fitness
4854,Philips Fan 435,2857.75,475,Home
4855,Realme Monitor 369,61449.09,33,Electronics
4856,Samsung Mobile 365,50362.58,277,Electronics
4857,Ambrane Mouse 710,624.46,202,Accessories
4858,Boldfit Yoga Mat 731,1781.45,426,Fitness
4859,Adidas Gym Bag 677,3415.21,183,Fitness
4860,Bajaj Mixer Grinder 485,3079.75,236,Home
4861,boAt Mobile 447,24768.55,269,Electronics
4862,Portronics Keyboard 382,942.45,390,Accessories
4863,Nivia Gym Bag 825,1568.17,98,Fitness
4864,Nivia Dumbbell Set 368,1277.70,154,Fitness
4865,Havells Mixer Grinder 117,4963.95,477,Home
4866,Milton Water Bottle 883,7362.19,414,Home
4867,Lenovo Tablet 598,81443.31,205,Electronics
4868,Decathlon Resistance Band 790,2940.55,101,Fitness
4869,Realme Monitor 549,53589.30,91,Electronics
4870,Philips Iron 471,4463.07,65,Home
4871,Philips Kettle 754,,325,Home
4872,Ambrane Mouse 384,2179.96,367,Accessories
4873,Portronics Earbuds 904,1663.20,167,Accessories
4874,Portronics Earbuds 612,3070.33,164,Accessories
4875,Anker Keyboard 201,3494.98,483,Accessories
4876,Philips Lamp 759,5947.94,432,Home
4877,Anker Power Bank 718,2422.81,108,Accessories
4878,Logitech Keyboard 629,798.89,307,Accessories
4879,Milton Mixer Grinder 896,4666.07,161,Home
4880,Boldfit Resistance Band 423,2365.40,9,Fitness
4881,Zebronics Keyboard 590,1422.48,470,Accessories
4882,Adidas Yoga Mat 561,3474.43,225,Fitness
4883,Havells Lamp 593,1566.91,244,Home
4884,Prestige Water Bottle 783,2954.02,181,Home
4885,Bajaj Iron 400,2341.56,291,Home
4886,Prestige Kettle 923,N/A,242,Home
4887,Nivia Dumbbell Set 522,2013.06,77,Fitness
4888,Zebronics Mouse 906,2822.38,94,Accessories
4889,Havells Kettle 261,3752.49,295,Home
4890,Philips Iron 691,7320.83,490,Home
4891,Nivia Skipping Rope 537,2113.90,161,Fitness
4892,Lenovo Monitor 212,73616.77,250,Electronics
4893,Bajaj Lamp 607,1237.23,186,Home
4894,Realme Smartwatch 251,82126.44,367,Electronics
4895,Havells Kettle 987,7458.95,247,Home
4896,Prestige Water Bottle 363,2917.74,449,Home
4897,Cosco Yoga Mat 224,433.01,445,Fitness
4898,Logitech Keyboard 923,1743.89,263,Accessories
4899,Cosco Dumbbell Set 862,4710.89,25,Fitness
4900,Logitech USB Cable 175,3703.35,224,Accessories
4901,Lenovo Laptop 585,83447.34,96,Electronics
4902,Logitech Charger 259,674.03,55,Accessories
4903,Milton Lamp 953,3337.93,42,Home
4904,Milton Mixer Grinder 530,2041.91,404,Home
4905,Lenovo Tablet 524,80671.89,76,Electronics
4906,Logitech USB Cable 414,1872.83,136,Accessories
4907,Prestige Mixer Grinder 769,4843.95,75,Home
4908,Samsung Speaker 458,TBD,89,Electronics
4909,Havells Iron 334,1029.53,232,Home
4910,Bajaj Mixer Grinder 130,1411.72,133,Home
4911,boAt Mobile 904,83543.82,147,Electronics
4912,Cosco Yoga Mat 942,3988.72,400,Fitness
4913,Decathlon Gym Bag 446,1465.61,413,Fitness
4914,Anker Earbuds 109,1997.69,147,Accessories
4915,Nivia Yoga Mat 351,4015.96,216,Fitness
4916,Boldfit Gym Bag 851,2379.37,170,Fitness
4917,Zebronics USB Cable 831,2072.36,393,Accessories
4918,Prestige Iron 866,976.01,48,Home
4919,Havells Fan 416,7868.87,0,Home
4920,Boldfit Resistance Band 272,4839.24,376,Fitness
4921,Lenovo Monitor 101,55084.44,251,Electronics
4922,Havells Iron 200,709.31,26,Home
4923,Prestige Mixer Grinder 616,6937.27,370,Home
4924,boAt Smartwatch 474,34112.45,107,Electronics
4925,Boldfit Dumbbell Set 310,3154.75,349,Fitness
4926,Ambrane Charger 149,1649.31,342,Accessories
4927,Zebronics USB Cable 885,1852.28,445,Accessories
4928,Boldfit Gym Bag 436,1683.30,449,Fitness
4929,Anker Mouse 903,2051.74,127,Accessories
4930,Havells Lamp 710,1591.46,303,Home
4931,Zebronics USB Cable 196,1769.57,116,Accessories
4932,Lenovo Speaker 966,30674.58,123,Electronics
4933,Adidas Resistance Band 880,3788.18,334,Fitness
4934,Boldfit Resistance Band 856,4125.23,78,Fitness
4935,Portronics Charger 640,2340.56,N/A,Accessories
4936,Philips Fan 822,3205.84,177,Home
4937,Nivia Gym Bag 444,4520.62,326,Fitness
4938,Samsung Mobile 144,33869.24,94,Electronics
4939,Milton Water Bottle 368,387.38,259,Home
4940,Cosco Yoga Mat 325,2729.28,203,Fitness
4941,Havells Kettle 214,1964.28,192,Home
4942,Decathlon Skipping Rope 206,2579.91,155,Fitness
4943,Boldfit Yoga Mat 554,790.93,445,Fitness
4944,Decathlon Resistance Band 559,891.55,461,Fitness
4945,Samsung Tablet 656,60466.76,106,Electronics
4946,Anker Charger 408,1582.85,63,Accessories
4947,Logitech Earbuds 992,3472.16,299,Accessories
4948,Portronics Keyboard 817,3618.20,274,Accessories
4949,Xiaomi Monitor 652,45472.72,424,Electronics
4950,Philips Water Bottle 645,7125.19,339,Home
4951,Havells Mixer Grinder 820,7246.24,218,Home
4952,Havells Lamp 497,1756.47,114,Home
4953,Adidas Resistance Band 213,2301.95,305,Fitness
4954,Bajaj Iron 642,982.90,77,Home
4955,Samsung Speaker 131,71084.09,43,Electronics
4956,Logitech Earbuds 401,1805.10,284,Accessories
4957,Havells Kettle 554,551.92,228,Home
4958,Bajaj Fan 782,5286.50,448,Home
4959,Zebronics Power Bank 984,522.72,316,Accessories
4960,boAt Speaker 729,19379.85,378,Electronics
4961,Lenovo Speaker 697,25314.81,105,Electronics
4962,Samsung Smartwatch 997,35526.86,328,Electronics
4963,Realme Laptop 646,70463.92,64,Electronics
4964,Nivia Resistance Band 396,209.71,476,Fitness
4965,Anker Mouse 876,2296.76,409,Accessories
4966,Anker Charger 559,2903.66,307,Accessories
4967,Samsung Monitor 627,46889.10,121,Electronics
4968,Adidas Gym Bag 411,3418.86,4,Fitness
4969,Samsung Speaker 912,87285.80,114,Electronics
4970,Bajaj Kettle 835,5919.87,292,Home
4971,Philips Kettle 493,422.86,232,Home
4972,Adidas Gym Bag 120,1706.09,293,Fitness
4973,Zebronics USB Cable 413,2168.02,38,Accessories
4974,Samsung Laptop 700,69912.13,174,Electronics
4975,boAt Smartwatch 533,61537.26,353,Electronics
4976,Philips Kettle 387,4732.18,75,Home
4977,Logitech Mouse 895,925.46,193,Accessories
4978,Bajaj Fan 382,2453.37,285,Home
4979,Samsung Monitor 535,60442.32,378,Electronics
4980,Boldfit Resistance Band 172,4361.90,401,Fitness
4981,Ambrane Earbuds 407,1778.75,24,Accessories
4982,Philips Fan 486,1085.18,250,Home
4983,Havells Kettle 834,5698.62,430,Home
4984,Milton Mixer Grinder 984,2714.59,465,Home
4985,Cosco Resistance Band 487,3339.42,356,Fitness
4986,Portronics Mouse 259,2811.16,33,Accessories
4987,Decathlon Yoga Mat 671,3593.98,457,Fitness
4988,Bajaj Lamp 139,7753.44,409,Home
4989,Lenovo Laptop 359,85300.49,156,Electronics
4990,Nivia Dumbbell Set 643,2225.85,21,Fitness
4991,Realme Smartwatch 487,78716.90,338,Electronics
4992,Portronics Charger 880,2630.73,474,Accessories
4993,Samsung Tablet 752,36844.52,384,Electronics
4994,Decathlon Yoga Mat 953,3765.70,221,Fitness
4995,Milton Mixer Grinder 545,-4073.55,287,Home
4996,Samsung Monitor 403,74943.54,53,Electronics
4997,Nivia Dumbbell Set 967,3979.63,135,Fitness
4998,boAt Speaker 690,64592.86,371,Electronics
4999,Logitech Charger 195,3118.29,497,Accessories
5000,Logitech Power Bank 714,341.66,134,Accessories
5001,Ambrane Keyboard 305,2715.23,80,Accessories
5002,Logitech Earbuds 487,1594.84,311,Accessories
5003,Bajaj Kettle 487,2018.93,158,Home
5004,Anker Mouse 232,1362.37,497,Accessories
5005,Boldfit Gym Bag 803,4933.81,221,Fitness
5006,Adidas Dumbbell Set 292,713.42,62,Fitness
5007,Realme Monitor 530,51257.36,424,Electronics
5008,Nivia Gym Bag 222,3092.83,0,Fitness
5009,Logitech USB Cable 318,2153.81,48,Accessories
5010,Realme Smartwatch 777,61961.31,218,Electronics
5011,Adidas Gym Bag 397,221.96,125,Fitness
5012,Logitech USB Cable 481,3463.71,179,Accessories
5013,Havells Water Bottle 331,1511.89,10,Home
5014,Havells Fan 363,6039.03,403,Home
5015,Logitech Power Bank 856,2087.47,157,Accessories
5016,Cosco Skipping Rope 871,2489.50,200,Fitness
5017,boAt Mobile 557,75549.13,24,Electronics
5018,Lenovo Speaker 289,88284.37,11,Electronics
5019,Ambrane Earbuds 648,723.25,337,Accessories
5020,Adidas Gym Bag 221,2878.54,242,Fitness
5021,Nivia Skipping Rope 285,1082.98,63,Fitness
5022,Philips Kettle 433,1122.63,371,Home
5023,Havells Kettle 698,2134.54,197,Home
5024,Nivia Resistance Band 950,695.78,190,Fitness
5025,Philips Iron 855,2594.19,305,Home
5026,Milton Iron 679,3993.57,258,Home
5027,Boldfit Skipping Rope 259,0,389,Fitness
5028,Lenovo Mobile 426,81930.68,357,Electronics
5029,Nivia Skipping Rope 695,1937.84,147,Fitness
5030,Nivia Resistance Band 690,3376.43,302,Fitness
5031,Samsung Smartwatch 763,28128.48,82,Electronics
5032,Realme Smartwatch 518,67532.36,323,Electronics
5033,Logitech Earbuds 969,1410.50,0,Accessories
5034,Bajaj Lamp 610,7031.94,128,Home
5035,Lenovo Mobile 127,34796.86,236,Electronics
5036,Havells Fan 702,1352.66,61,Home
5037,Zebronics Earbuds 884,2608.79,222,Accessories
5038,boAt Speaker 908,17303.02,277,Electronics
5039,Prestige Lamp 113,1165.06,86,Home
5040,Milton Water Bottle 663,3039.62,94,Home
5041,Decathlon Gym Bag 277,4636.98,375,Fitness
5042,Adidas Yoga Mat 175,2941.73,280,Fitness
5043,Prestige Water Bottle 278,409.36,466,Home
5044,Ambrane Keyboard 811,2587.26,441,Accessories
5045,Prestige Mixer Grinder 418,1331.23,310,Home
5046,Philips Lamp 674,4987.78,260,Home
5047,Prestige Iron 610,3684.74,158,Home
5048,Cosco Gym Bag 526,2441.48,328,Fitness
5049,Philips Fan 783,4644.70,50,Home
5050,Cosco Yoga Mat 891,1930.16,307,Fitness
5051,Boldfit Yoga Mat 472,2376.22,425,Fitness
5052,Xiaomi Monitor 118,17845.93,46,Electronics
5053,Bajaj Mixer Grinder 669,1659.64,389,Home
5054,Anker Earbuds 292,2700.58,285,Accessories
5055,Lenovo Laptop 450,83093.80,206,Electronics
5056,Nivia Dumbbell Set 818,1409.00,14,Fitness
5057,Logitech Earbuds 516,169.95,335,Accessories
5058,Cosco Gym Bag 709,1865.65,392,Fitness
5059,Decathlon Skipping Rope 809,3671.42,480,Fitness
5060,Lenovo Speaker 479,33859.52,36,Electronics
5061,boAt Smartwatch 349,12591.85,44,Electronics
5062,Bajaj Fan 147,3926.11,372,Home
5063,Decathlon Gym Bag 647,-4645.68,31,Fitness
5064,Zebronics Charger 780,1117.49,278,Accessories
5065,Boldfit Resistance Band 534,2945.80,391,Fitness
5066,Logitech USB Cable 614,349.30,27,Accessories
5067,Lenovo Speaker 994,17436.97,170,Electronics
5068,Cosco Yoga Mat 546,2416.86,219,Fitness
5069,Nivia Dumbbell Set 483,2418.07,280,Fitness
5070,Nivia Yoga Mat 874,-4157.59,43,Fitness
5071,Anker Power Bank 519,2417.12,227,Accessories
5072,Cosco Gym Bag 460,355.82,119,Fitness
5073,boAt Mobile 584,52368.49,321,Electronics
5074,Nivia Dumbbell Set 321,1204.67,47,Fitness
5075,Adidas Resistance Band 462,free,120,Fitness
5076,Lenovo Speaker 472,69230.54,61,Electronics
5077,Samsung Mobile 210,74938.83,461,Electronics
5078,Cosco Yoga Mat 757,2460.53,279,Fitness
5079,Boldfit Skipping Rope 507,2847.13,342,Fitness
5080,boAt Speaker 866,61303.52,290,Electronics
5081,Portronics Mouse 177,-236.60,330,Accessories
5082,Logitech Mouse 586,3808.69,288,Accessories
5083,Xiaomi Speaker 603,83998.15,476,Electronics
5084,Bajaj Iron 333,6689.29,98,Home
5085,Xiaomi Monitor 761,40924.64,228,Electronics
5086,Logitech Charger 553,1956.46,95,Accessories
5087,Realme Mobile 998,70341.34,369,Electronics
5088,Nivia Yoga Mat 242,3750.05,325,Fitness
5089,Boldfit Gym Bag 818,468.69,488,Fitness
5090,Zebronics USB Cable 209,2997.67,47,Accessories
5091,boAt Laptop 239,44762.94,383,Electronics
5092,Adidas Skipping Rope 917,611.33,127,Fitness
5093,Havells Water Bottle 392,5228.89,457,Home
5094,Anker USB Cable 754,1123.98,491,Accessories
5095,Boldfit Gym Bag 991,1794.13,343,Fitness
5096,Philips Lamp 272,7649.88,60,Home
5097,Xiaomi Smartwatch 176,82716.39,473,Electronics
5098,Boldfit Skipping Rope 875,3755.35,245,Fitness
5099,Bajaj Iron 943,3672.91,397,Home
5100,Logitech Keyboard 441,330.53,298,Accessories
5101,Cosco Dumbbell Set 520,1194.28,500,Fitness
5102,Decathlon Skipping Rope 595,3228.93,272,Fitness
5103,Portronics Earbuds 693,269.66,51,Accessories
5104,boAt Tablet 966,5380.88,77,Electronics
5105,Philips Lamp 100,-1926.42,469,Home
5106,Prestige Iron 101,5196.75,389,Home
5107,Cosco Yoga Mat 252,3063.02,493,Fitness
5108,Anker USB Cable 953,2532.59,438,Accessories
5109,Xiaomi Laptop 506,75842.60,166,Electronics
5110,boAt Monitor 525,63176.48,385,Electronics
5111,Bajaj Mixer Grinder 510,2773.38,171,Home
5112,Logitech Power Bank 778,1175.21,476,Accessories
5113,Cosco Skipping Rope 843,2814.04,283,Fitness
5114,Nivia Yoga Mat 864,1722.84,452,Fitness
5115,Logitech Mouse 668,2198.64,243,Accessories
5116,Adidas Dumbbell Set 411,4790.78,372,Fitness
5117,Lenovo Laptop 140,83614.31,457,Electronics
5118,Portronics Keyboard 126,2445.99,184,Accessories
5119,Zebronics Power Bank 774,3989.77,281,Accessories
5120,Portronics Power Bank 884,2318.11,282,Accessories
5121,Lenovo Monitor 470,27568.63,452,Electronics
5122,Prestige Water Bottle 746,3492.04,176,Home
5123,Cosco Resistance Band 804,4045.05,383,Fitness
5124,Logitech Keyboard 119,1190.31,329,Accessories
5125,Xiaomi Speaker 173,41781.63,375,Electronics
5126,Samsung Monitor 369,9794.90,99,Electronics
5127,Havells Lamp 458,3195.38,5,Home
5128,Decathlon Gym Bag 328,4658.72,291,Fitness
5129,Lenovo Monitor 918,51568.82,458,Electronics
5130,Lenovo Mobile 750,37579.02,199,Electronics
5131,Lenovo Laptop 529,11544.05,103,Electronics
5132,Portronics USB Cable 178,497.16,259,Accessories
5133,Milton Kettle 299,4851.49,379,Home
5134,Bajaj Kettle 575,553.61,216,Home
5135,Boldfit Skipping Rope 114,3513.20,many,Fitness
5136,Anker Power Bank 219,1948.29,236,Accessories
5137,Havells Kettle 883,3980.99,417,Home
5138,Ambrane Charger 904,2007.22,196,Accessories
5139,Samsung Laptop 425,43136.63,241,Electronics
5140,Decathlon Yoga Mat 682,3321.40,250,Fitness
5141,Portronics Power Bank 129,1728.09,372,Accessories
5142,Decathlon Resistance Band 289,649.72,418,Fitness
5143,boAt Monitor 740,66862.28,301,Electronics
5144,Prestige Kettle 651,2875.52,361,Home
5145,Cosco Resistance Band 872,1707.64,199,Fitness
5146,Decathlon Resistance Band 174,4494.32,3,Fitness
5147,Decathlon Gym Bag 223,2985.66,127,Fitness
5148,Milton Kettle 958,713.46,39,Home
5149,Havells Fan 218,2077.86,355,Home
5150,Portronics Keyboard 378,160.86,350,Accessories
5151,Milton Lamp 845,6117.87,318,Home
5152,Anker Power Bank 741,1148.50,468,Accessories
5153,boAt Tablet 392,28898.14,125,Electronics
5154,Milton Fan 957,5295.12,4,Home
5155,Boldfit Resistance Band 294,-1005.88,112,Fitness
5156,Xiaomi Tablet 181,33256.00,351,Electronics
5157,Decathlon Skipping Rope 287,3533.02,227,Fitness
5158,Samsung Smartwatch 881,76824.96,192,Electronics
5159,Adidas Gym Bag 532,3465.96,90,Fitness
5160,Decathlon Skipping Rope 178,4772.98,490,Fitness
5161,Milton Water Bottle 535,5732.08,0,Home
5162,Logitech Charger 971,368.99,96,Accessories
5163,Zebronics Charger 843,2566.90,376,Accessories
5164,Portronics Charger 689,1067.45,49,Accessories
5165,Milton Iron 157,7937.98,339,Home
5166,Boldfit Resistance Band 804,4089.13,84,Fitness
5167,Cosco Yoga Mat 490,1340.46,199,Fitness
5168,boAt Laptop 271,65205.40,75,Electronics
5169,Prestige Lamp 977,1803.43,496,Home
5170,Decathlon Yoga Mat 439,3683.30,209,Fitness
5171,Nivia Yoga Mat 535,2669.27,359,Fitness
5172,Adidas Skipping Rope 280,2801.70,416,Fitness
5173,Havells Mixer Grinder 872,6553.46,425,Home
5174,Cosco Resistance Band 420,1978.13,280,Fitness
5175,Logitech USB Cable 444,3640.72,319,Accessories
5176,Adidas Gym Bag 650,2388.96,498,Fitness
5177,Decathlon Yoga Mat 255,2650.10,454,Fitness
5178,Cosco Dumbbell Set 869,4261.13,190,Fitness
5179,Bajaj Kettle 897,800.19,45,Home
5180,Realme Monitor 112,82960.45,164,Electronics
5181,Zebronics Power Bank 448,3476.50,479,Accessories
5182,Boldfit Resistance Band 364,1552.66,358,Fitness
5183,Adidas Skipping Rope 482,2260.70,460,Fitness
5184,Havells Iron 329,6121.11,4,Home
5185,Zebronics USB Cable 165,3010.36,374,Accessories
5186,Decathlon Skipping Rope 760,3867.95,329,Fitness
5187,Realme Mobile 891,82987.22,226,Electronics
5188,Anker USB Cable 802,653.25,323,Accessories
5189,Adidas Gym Bag 967,4345.97,428,Fitness
5190,Lenovo Laptop 365,74444.68,66,Electronics
5191,Zebronics Mouse 961,1428.68,446,Accessories
5192,Xiaomi Mobile 355,18941.41,17,Electronics
5193,Anker USB Cable 761,3975.96,416,Accessories
5194,Milton Mixer Grinder 894,4470.37,327,Home
5195,Ambrane Keyboard 290,2947.44,84,Accessories
5196,Bajaj Mixer Grinder 970,6092.45,479,Home
5197,Realme Monitor 506,59515.22,445,Electronics
5198,Boldfit Resistance Band 976,396.33,137,Fitness
5199,Cosco Gym Bag 550,2560.20,443,Fitness
5200,Realme Smartwatch 520,60672.52,240,Electronics
5201,Cosco Gym Bag 230,1765.68,99,Fitness
5202,boAt Smartwatch 856,24473.50,450,Electronics
5203,Portronics Mouse 278,3730.20,283,Accessories
5204,Lenovo Laptop 466,8744.97,64,Electronics
5205,Havells Kettle 921,2310.25,427,Home
5206,Boldfit Gym Bag 137,1387.16,180,Fitness
5207,Milton Lamp 233,2517.31,221,Home
5208,Anker Earbuds 565,3835.84,383,Accessories
5209,Bajaj Kettle 855,3141.86,444,Home
5210,Milton Kettle 720,3700.04,313,Home
5211,Cosco Resistance Band 896,813.34,261,Fitness
5212,boAt Monitor 402,26727.52,73,Electronics
5213,Realme Laptop 311,14681.02,427,Electronics
5214,Realme Smartwatch 558,17825.64,425,Electronics
5215,Philips Iron 127,2060.92,58,Home
5216,Cosco Skipping Rope 930,4685.33,140,Fitness
5217,Portronics Power Bank 190,3851.83,194,Accessories
5218,Havells Lamp 706,3799.98,11,Home
5219,Realme Speaker 767,86266.23,339,Electronics
5220,Decathlon Yoga Mat 885,3128.15,351,Fitness
5221,Xiaomi Smartwatch 675,45676.37,259,Electronics
5222,Philips Water Bottle 798,5828.02,11,Home
5223,Havells Mixer Grinder 543,3668.37,238,Home
5224,Cosco Gym Bag 541,4513.21,378,Fitness
5225,Xiaomi Tablet 639,20594.82,228,Electronics
5226,Philips Kettle 307,817.12,233,Home
5227,Zebronics Mouse 406,434.37,328,Accessories
5228,Ambrane Earbuds 963,837.38,135,Accessories
5229,Samsung Smartwatch 578,35563.64,333,Electronics
5230,Realme Smartwatch 670,47093.50,454,Electronics
5231,Lenovo Mobile 729,5305.45,423,Electronics
5232,Realme Monitor 621,43305.20,422,Electronics
5233,Prestige Iron 835,4856.36,76,Home
5234,boAt Smartwatch 193,24753.85,444,Electronics
5235,Realme Tablet 110,20323.60,231,Electronics
5236,Lenovo Speaker 299,65918.40,302,Electronics
5237,Lenovo Laptop 628,48433.01,208,Electronics
5238,Boldfit Skipping Rope 962,4153.06,462,Fitness
5239,Ambrane Keyboard 644,2051.54,163,Accessories
5240,boAt Tablet 864,27375.84,207,Electronics
5241,Ambrane USB Cable 369,3709.32,92,Accessories
5242,Havells Water Bottle 144,924.88,189,Home
5243,Bajaj Water Bottle 785,7201.65,54,Home
5244,Zebronics USB Cable 511,992.90,123,Accessories
5245,Boldfit Skipping Rope 973,3832.98,133,Fitness
5246,Portronics Earbuds 517,1372.76,20,Accessories
5247,Portronics Charger 252,807.62,119,Accessories
5248,Ambrane Power Bank 374,2184.04,125,Accessories
5249,Boldfit Dumbbell Set 512,818.58,463,Fitness
5250,Anker Mouse 615,1781.72,266,Accessories
5251,Cosco Resistance Band 543,967.57,124,Fitness
5252,Xiaomi Monitor 503,65592.18,0,Electronics
5253,Realme Laptop 486,4240.42,177,Electronics
5254,Anker Keyboard 912,2868.43,432,Accessories
5255,Logitech Charger 436,3619.82,1,Accessories
5256,Adidas Skipping Rope 626,2314.60,464,Fitness
5257,Prestige Water Bottle 969,1807.01,229,Home
5258,Xiaomi Laptop 596,33663.82,149,Electronics
5259,Portronics Keyboard 742,2849.24,377,Accessories
5260,Bajaj Lamp 293,3743.61,302,Home
5261,Logitech Keyboard 438,2971.96,384,Accessories
5262,Ambrane Mouse 903,1694.98,147,Accessories
5263,Samsung Speaker 650,86451.37,94,Electronics
5264,Decathlon Skipping Rope 232,2609.78,0,Fitness
5265,Havells Water Bottle 832,7362.65,427,Home
5266,Nivia Skipping Rope 604,440.33,404,Fitness
5267,Samsung Tablet 484,17292.35,82,Electronics
5268,Ambrane Keyboard 651,1384.67,420,Accessories
5269,Portronics Mouse 775,3209.27,262,Accessories
5270,Milton Lamp 803,6086.74,320,Home
5271,Boldfit Yoga Mat 168,4102.95,97,Fitness
5272,Ambrane Power Bank 884,3300.93,65,Accessories
5273,Anker Earbuds 875,1507.77,453,Accessories
5274,Philips Lamp 212,6707.62,162,Home
5275,Nivia Resistance Band 793,4080.07,261,Fitness
5276,Anker USB Cable 590,3565.62,14,Accessories
5277,Xiaomi Mobile 551,60759.26,194,Electronics
5278,Philips Iron 266,6540.90,337,Home
5279,Cosco Resistance Band 619,1946.60,388,Fitness
5280,Milton Lamp 637,7028.07,110,Home
5281,Anker Mouse 224,3648.64,189,Accessories
5282,Prestige Iron 439,3956.67,345,Home
5283,Philips Fan 211,7356.41,406,Home
5284,Cosco Resistance Band 209,3371.52,323,Fitness
5285,Xiaomi Smartwatch 957,63341.44,488,Electronics
5286,Lenovo Tablet 996,63469.08,380,Electronics
5287,Zebronics USB Cable 433,3502.69,395,Accessories
5288,Zebronics Mouse 796,1383.79,217,Accessories
5289,Portronics Keyboard 773,1731.08,197,Accessories
5290,Ambrane Power Bank 917,2580.53,281,Accessories
5291,boAt Smartwatch 435,62953.75,254,Electronics
5292,Havells Kettle 857,7446.19,172,Home
5293,Portronics Mouse 141,638.31,328,Accessories
5294,Milton Water Bottle 984,1265.28,215,Home
5295,Havells Kettle 510,4736.00,184,Home
5296,Bajaj Kettle 785,442.11,134,Home
5297,Adidas Gym Bag 746,4686.44,244,Fitness
5298,Lenovo Monitor 975,41553.11,380,Electronics
5299,Xiaomi Speaker 255,61204.74,148,Electronics
5300,Lenovo Tablet 404,11075.14,188,Electronics
5301,Ambrane USB Cable 907,2568.76,226,Accessories
5302,Cosco Gym Bag 722,309.01,144,Fitness
5303,Prestige Lamp 348,1925.19,427,Home
5304,Samsung Mobile 536,13109.72,201,Electronics
5305,Portronics Earbuds 999,1887.51,210,Accessories
5306,Nivia Dumbbell Set 688,495.05,30,Fitness
5307,Samsung Monitor 880,83127.45,128,Electronics
5308,Bajaj Fan 131,319.67,156,Home
5309,Anker Charger 802,2931.94,465,Accessories
5310,Decathlon Resistance Band 941,369.93,137,Fitness
5311,Realme Tablet 249,35202.48,445,Electronics
5312,Lenovo Smartwatch 169,41179.86,443,Electronics
5313,Lenovo Monitor 993,35493.59,387,Electronics
5314,Milton Fan 256,5194.01,223,Home
5315,Bajaj Fan 148,3838.93,491,Home
5316,Lenovo Monitor 143,46052.64,279,Electronics
5317,Decathlon Skipping Rope 721,2524.41,74,Fitness
5318,Anker Keyboard 387,2312.41,354,Accessories
5319,Realme Laptop 156,30888.83,161,Electronics
5320,Bajaj Fan 644,6682.05,220,Home
5321,Realme Speaker 901,55334.23,498,Electronics
5322,Milton Kettle 935,2952.44,98,Home
5323,Portronics USB Cable 541,3515.89,13,Accessories
5324,Bajaj Kettle 411,7671.92,396,Home
5325,Portronics Mouse 448,2777.51,124,Accessories
5326,Nivia Resistance Band 214,734.87,440,Fitness
5327,Philips Fan 420,5040.50,275,Home
5328,Decathlon Skipping Rope 285,1887.12,61,Fitness
5329,Samsung Tablet 437,24474.61,427,Electronics
5330,Philips Iron 355,6551.90,373,Home
5331,Bajaj Kettle 528,682.06,283,Home
5332,Nivia Resistance Band 377,1595.37,181,Fitness
5333,Prestige Lamp 904,1663.36,391,Home
5334,Logitech USB Cable 369,1201.72,144,Accessories
5335,Cosco Dumbbell Set 978,3541.35,58,Fitness
5336,Xiaomi Smartwatch 985,75203.18,484,Electronics
5337,Havells Fan 950,2950.72,353,Home
5338,Zebronics USB Cable 952,953.14,192,Accessories
5339,Nivia Skipping Rope 829,1505.51,500,Fitness
5340,Bajaj Water Bottle 993,4265.38,7,Home
5341,Boldfit Resistance Band 365,4216.25,238,Fitness
5342,boAt Mobile 835,51939.66,281,Electronics
5343,boAt Speaker 367,88030.95,285,Electronics
5344,Anker Mouse 181,2497.56,141,Accessories
5345,Cosco Yoga Mat 391,1974.22,177,Fitness
5346,Havells Lamp 717,5175.88,43,Home
5347,Prestige Water Bottle 535,2611.55,246,Home
5348,Anker USB Cable 967,1159.27,154,Accessories
5349,Nivia Skipping Rope 714,4366.84,160,Fitness
5350,Xiaomi Speaker 823,49439.24,478,Electronics
5351,Lenovo Smartwatch 280,72508.72,82,Electronics
5352,Portronics Charger 609,2421.91,99,Accessories
5353,Nivia Gym Bag 885,4267.21,69,Fitness
5354,Cosco Dumbbell Set 180,TBD,405,Fitness
5355,Zebronics Power Bank 899,993.24,172,Accessories
5356,Realme Tablet 348,23694.86,106,Electronics
5357,Xiaomi Monitor 404,72888.74,358,Electronics
5358,Cosco Skipping Rope 734,,317,Fitness
5359,Zebronics Charger 813,0,494,Accessories
5360,Realme Mobile 355,23077.97,31,Electronics
5361,Boldfit Yoga Mat 825,1960.04,269,Fitness
5362,Milton Lamp 571,7760.06,489,Home
5363,Bajaj Mixer Grinder 382,429.17,368,Home
5364,Portronics Power Bank 402,415.17,420,Accessories
5365,Realme Laptop 873,63764.62,208,Electronics
5366,Bajaj Kettle 949,5961.35,379,Home
5367,Prestige Mixer Grinder 877,5812.53,338,Home
5368,Lenovo Tablet 672,44258.71,23,Electronics
5369,Philips Kettle 177,7897.98,221,Home
5370,Cosco Gym Bag 144,1447.12,249,Fitness
5371,Xiaomi Tablet 373,71256.35,237,Electronics
5372,Boldfit Yoga Mat 755,2233.16,275,Fitness
5373,Milton Water Bottle 426,634.15,317,Home
5374,Zebronics Earbuds 226,2448.90,253,Accessories
5375,Lenovo Laptop 671,20103.19,476,Electronics
5376,Philips Water Bottle 835,677.96,37,Home
5377,Ambrane Power Bank 457,217.52,278,Accessories
5378,Logitech Keyboard 581,3471.04,48,Accessories
5379,Cosco Yoga Mat 843,2865.28,91,Fitness
5380,Portronics Power Bank 746,1295.08,163,Accessories
5381,Xiaomi Tablet 181,7940.90,438,Electronics
5382,Boldfit Dumbbell Set 615,595.75,467,Fitness
5383,Anker Earbuds 882,1836.91,83,Accessories
5384,Havells Mixer Grinder 252,6456.42,144,Home
5385,Logitech Earbuds 774,2555.42,336,Accessories
5386,Decathlon Gym Bag 782,3411.57,60,Fitness
5387,Lenovo Laptop 795,67662.98,342,Electronics
5388,Prestige Lamp 178,6822.96,410,Home
5389,Prestige Kettle 401,6017.18,298,Home
5390,Anker USB Cable 225,170.50,21,Accessories
5391,Ambrane Keyboard 930,1851.92,268,Accessories
5392,Boldfit Gym Bag 828,2674.70,0,Fitness
5393,Prestige Iron 519,3434.85,284,Home
5394,Boldfit Dumbbell Set 210,4417.14,186,Fitness
5395,Cosco Yoga Mat 941,1344.12,171,Fitness
5396,Adidas Skipping Rope 591,3324.47,90,Fitness
5397,Lenovo Laptop 750,86916.08,163,Electronics
5398,Milton Kettle 464,1665.57,208,Home
5399,Xiaomi Tablet 742,14137.36,388,Electronics
5400,Adidas Gym Bag 205,4854.24,115,Fitness
5401,Havells Lamp 870,3969.46,365,Home
5402,Logitech Mouse 455,3137.24,385,Accessories
5403,Nivia Gym Bag 796,490.22,483,Fitness
5404,Prestige Water Bottle 674,832.03,31,Home
5405,Prestige Mixer Grinder 126,5083.44,494,Home
5406,Logitech Charger 320,1421.23,105,Accessories
5407,Logitech Earbuds 184,1073.97,413,Accessories
5408,Anker Earbuds 806,2479.64,317,Accessories
5409,Realme Monitor 141,19469.57,411,Electronics
5410,Lenovo Smartwatch 897,10159.18,50,Electronics
5411,Philips Lamp 921,6301.63,213,Home
5412,Zebronics Keyboard 626,2819.28,183,Accessories
5413,Bajaj Fan 238,1606.75,227,Home
5414,Zebronics Mouse 482,183.35,101,Accessories
5415,Decathlon Yoga Mat 689,2108.51,274,Fitness
5416,Logitech Mouse 856,2227.55,39,Accessories
5417,Logitech Power Bank 683,329.63,496,Accessories
5418,Realme Mobile 429,37979.67,251,Electronics
5419,Lenovo Monitor 253,63060.28,376,Electronics
5420,boAt Tablet 679,39911.46,232,Electronics
5421,Anker Mouse 853,2252.70,246,Accessories
5422,Zebronics Earbuds 763,660.94,47,Accessories
5423,Boldfit Yoga Mat 215,1446.86,255,Fitness
5424,Adidas Yoga Mat 203,4081.15,215,Fitness
5425,Adidas Yoga Mat 756,1681.21,123,Fitness
5426,Prestige Water Bottle 308,2917.46,325,Home
5427,Lenovo Laptop 869,-22434.41,43,Electronics
5428,Portronics Earbuds 360,534.79,460,Accessories
5429,Philips Fan 688,640.95,418,Home
5430,Cosco Gym Bag 817,2569.40,401,Fitness
5431,Philips Lamp 660,4740.52,122,Home
5432,Prestige Iron 560,405.75,242,Home
5433,Adidas Gym Bag 966,2863.86,418,Fitness
5434,Logitech Keyboard 289,1364.86,99,Accessories
5435,Zebronics Keyboard 999,2790.18,378,Accessories
5436,Cosco Skipping Rope 828,1283.99,43,Fitness
5437,Adidas Skipping Rope 661,4879.91,228,Fitness
5438,Prestige Lamp 299,4584.07,3,Home
5439,Nivia Dumbbell Set 218,2656.33,188,Fitness
5440,Zebronics Keyboard 293,208.11,298,Accessories
5441,Prestige Iron 108,6462.99,430,Home
5442,Adidas Gym Bag 136,609.63,247,Fitness
5443,Prestige Lamp 777,1616.05,330,Home
5444,Milton Mixer Grinder 464,1163.44,298,Home
5445,Prestige Water Bottle 724,3880.01,46,Home
5446,Bajaj Iron 730,6860.47,154,Home
5447,Realme Mobile 452,75893.53,492,Electronics
5448,Lenovo Speaker 310,48699.52,353,Electronics
5449,Havells Mixer Grinder 814,374.75,361,Home
5450,Havells Lamp 479,377.32,14,Home
5451,Logitech USB Cable 250,3650.81,24,Accessories
5452,Portronics Earbuds 919,3714.19,416,Accessories
5453,Decathlon Yoga Mat 762,3690.46,162,Fitness
5454,Nivia Gym Bag 435,402.86,424,Fitness
5455,Cosco Dumbbell Set 311,2553.77,320,Fitness
5456,Logitech USB Cable 941,3308.04,314,Accessories
5457,Philips Mixer Grinder 991,5609.69,403,Home
5458,Xiaomi Monitor 581,5028.15,187,Electronics
5459,Cosco Skipping Rope 826,4986.86,34,Fitness
5460,Anker Power Bank 164,490.23,209,Accessories
5461,Nivia Skipping Rope 588,2883.18,445,Fitness
5462,Anker Power Bank 663,2642.02,246,Accessories
5463,Adidas Gym Bag 951,1859.73,389,Fitness
5464,Bajaj Iron 807,-7807.92,335,Home
5465,Ambrane Power Bank 552,2126.69,320,Accessories
5466,Decathlon Yoga Mat 730,1014.58,many,Fitness
5467,Lenovo Mobile 219,52692.28,471,Electronics
5468,boAt Tablet 421,32150.09,412,Electronics
5469,Nivia Yoga Mat 569,1717.65,319,Fitness
5470,Realme Speaker 704,16933.30,133,Electronics
5471,Realme Smartwatch 891,20879.19,275,Electronics
5472,boAt Mobile 704,62196.16,217,Electronics
5473,Anker Mouse 620,2132.07,475,Accessories
5474,Milton Lamp 394,3915.39,376,Home
5475,Adidas Resistance Band 294,2883.32,291,Fitness
5476,Cosco Gym Bag 773,2379.47,3,Fitness
5477,Havells Water Bottle 497,2345.48,82,Home
5478,Havells Water Bottle 651,4324.53,262,Home
5479,Nivia Dumbbell Set 666,1629.34,90,Fitness
5480,Adidas Resistance Band 812,-3140.36,95,Fitness
5481,Realme Monitor 368,49914.84,88,Electronics
5482,Xiaomi Mobile 327,58219.66,242,Electronics
5483,boAt Smartwatch 316,70461.02,275,Electronics
5484,Ambrane Earbuds 988,2033.75,427,Accessories
5485,Milton Fan 960,5392.87,51,Home
5486,Boldfit Skipping Rope 708,4230.35,202,Fitness
5487,Prestige Iron 599,4632.95,392,Home
5488,boAt Smartwatch 465,84779.26,267,Electronics
5489,Anker Power Bank 445,1451.18,123,Accessories
5490,Lenovo Tablet 473,,441,Electronics
5491,Lenovo Mobile 115,41807.43,165,Electronics
5492,boAt Tablet 101,11866.15,313,Electronics
5493,Adidas Yoga Mat 193,3860.13,453,Fitness
5494,Zebronics USB Cable 410,603.31,151,Accessories
5495,Decathlon Dumbbell Set 430,4499.75,9,Fitness
5496,Havells Iron 877,443.58,466,Home
5497,Havells Mixer Grinder 424,3780.94,443,Home
5498,Samsung Monitor 906,67597.33,113,Electronics
5499,Zebronics Charger 214,1147.51,46,Accessories
5500,Cosco Yoga Mat 447,1162.92,232,Fitness
5501,Xiaomi Tablet 515,74693.98,36,Electronics
5502,Zebronics Charger 234,1579.64,165,Accessories
5503,Logitech Power Bank 866,831.63,425,Accessories
5504,boAt Mobile 456,64442.78,251,Electronics
5505,Portronics Keyboard 606,3308.54,104,Accessories
5506,Milton Kettle 888,7566.80,6,Home
5507,Adidas Skipping Rope 399,465.93,377,Fitness
5508,Boldfit Resistance Band 241,4063.59,434,Fitness
5509,Havells Water Bottle 381,6362.78,305,Home
5510,Anker Keyboard 588,1074.87,247,Accessories
5511,Anker Charger 259,1581.37,73,Accessories
5512,Portronics Charger 873,3176.01,98,Accessories
5513,Xiaomi Speaker 691,5964.29,86,Electronics
5514,Bajaj Water Bottle 580,3277.04,385,Home
5515,Havells Lamp 797,4172.76,234,Home
5516,Lenovo Laptop 167,37470.05,337,Electronics
5517,Portronics Mouse 882,3080.59,82,Accessories
5518,Portronics Keyboard 574,3704.07,254,Accessories
5519,Lenovo Smartwatch 965,71742.03,33,Electronics
5520,Prestige Iron 210,4284.97,149,Home
5521,Decathlon Yoga Mat 873,3782.07,182,Fitness
5522,Xiaomi Monitor 429,37036.33,42,Electronics
5523,Cosco Skipping Rope 133,4716.92,365,Fitness
5524,Logitech USB Cable 191,1663.76,96,Accessories
5525,Ambrane Power Bank 607,3291.45,74,Accessories
5526,Realme Mobile 367,9259.36,189,Electronics
5527,Philips Iron 298,1736.47,275,Home
5528,Prestige Mixer Grinder 886,6592.83,366,Home
5529,Boldfit Resistance Band 147,4616.64,375,Fitness
5530,Logitech USB Cable 841,697.95,316,Accessories
5531,Xiaomi Mobile 717,30999.81,125,Electronics
5532,Ambrane Charger 802,3674.10,335,Accessories
5533,Lenovo Laptop 355,8185.16,192,Electronics
5534,Bajaj Kettle 258,1097.72,337,Home
5535,Havells Water Bottle 388,7712.88,19,Home
5536,Prestige Lamp 757,6159.59,281,Home
5537,Lenovo Monitor 710,51994.28,405,Electronics
5538,Boldfit Yoga Mat 211,3013.18,326,Fitness
5539,Boldfit Yoga Mat 784,1041.86,485,Fitness
5540,Lenovo Monitor 561,85596.40,433,Electronics
5541,Philips Lamp 757,2576.80,202,Home
5542,Samsung Tablet 130,35202.27,285,Electronics
5543,Philips Fan 252,4314.99,285,Home
5544,Xiaomi Tablet 492,6335.88,164,Electronics
5545,Anker USB Cable 817,966.01,458,Accessories
5546,Samsung Tablet 905,28710.48,489,Electronics
5547,Boldfit Resistance Band 395,3759.33,84,Fitness
5548,Havells Kettle 162,804.70,73,Home
5549,Xiaomi Speaker 453,54428.90,463,Electronics
5550,Boldfit Resistance Band 584,3049.16,428,Fitness
5551,Philips Lamp 243,2339.06,225,Home
5552,Nivia Dumbbell Set 782,3770.84,102,Fitness
5553,Milton Fan 594,319.89,353,Home
5554,Boldfit Skipping Rope 396,1672.03,345,Fitness
5555,Adidas Dumbbell Set 364,303.09,16,Fitness
5556,Realme Laptop 216,36045.51,206,Electronics
5557,Cosco Resistance Band 560,332.79,311,Fitness
5558,Adidas Resistance Band 413,3307.90,223,Fitness
5559,Realme Laptop 496,88871.90,441,Electronics
5560,Ambrane Keyboard 455,2525.07,N/A,Accessories
5561,Decathlon Gym Bag 960,4996.36,262,Fitness
5562,Zebronics Mouse 584,2682.69,58,Accessories
5563,Logitech Charger 669,2306.58,160,Accessories
5564,Boldfit Skipping Rope 281,4711.83,84,Fitness
5565,Logitech USB Cable 949,935.56,422,Accessories
5566,Boldfit Dumbbell Set 303,1042.64,227,Fitness
5567,Havells Lamp 413,4731.62,240,Home
5568,Cosco Resistance Band 499,1164.44,139,Fitness
5569,Cosco Gym Bag 132,3365.17,67,Fitness
5570,Boldfit Resistance Band 943,3507.29,84,Fitness
5571,Boldfit Gym Bag 880,4404.56,279,Fitness
5572,Realme Tablet 444,8805.87,285,Electronics
5573,Philips Lamp 867,1732.86,124,Home
5574,Boldfit Dumbbell Set 212,2608.92,491,Fitness
5575,Havells Water Bottle 511,7612.42,155,Home
5576,Milton Iron 290,1774.01,176,Home
5577,Boldfit Yoga Mat 275,2586.24,12,Fitness
5578,Philips Kettle 639,3712.34,430,Home
5579,Decathlon Skipping Rope 794,4539.08,485,Fitness
5580,Samsung Tablet 669,38888.99,333,Electronics
5581,Cosco Dumbbell Set 221,4404.02,428,Fitness
5582,Decathlon Resistance Band 152,1613.66,425,Fitness
5583,Portronics Power Bank 671,2810.25,368,Accessories
5584,Philips Water Bottle 918,6533.06,320,Home
5585,Xiaomi Smartwatch 438,89883.43,339,Electronics
5586,Anker Power Bank 582,2994.31,11,Accessories
5587,boAt Tablet 725,79068.27,416,Electronics
5588,boAt Laptop 165,89474.02,316,Electronics
5589,Milton Fan 426,2779.03,285,Home
5590,Adidas Dumbbell Set 504,2572.98,152,Fitness
5591,Logitech Keyboard 673,3587.85,324,Accessories
5592,Anker Power Bank 651,1372.41,299,Accessories
5593,Zebronics USB Cable 606,3768.83,107,Accessories
5594,Philips Kettle 471,6951.61,39,Home
5595,Nivia Skipping Rope 756,2872.69,202,Fitness
5596,Ambrane Power Bank 902,2001.00,458,Accessories
5597,Realme Laptop 377,67656.90,447,Electronics
5598,Portronics Keyboard 178,2761.24,126,Accessories
5599,boAt Tablet 637,77385.98,318,Electronics
5600,Zebronics Power Bank 439,1495.54,389,Accessories
5601,Bajaj Mixer Grinder 694,7318.71,325,Home
5602,Portronics Charger 886,1267.86,60,Accessories
5603,Cosco Dumbbell Set 807,1780.79,282,Fitness
5604,Boldfit Skipping Rope 542,3443.41,45,Fitness
5605,Portronics Power Bank 350,1410.47,324,Accessories
5606,Anker Earbuds 166,1448.80,31,Accessories
5607,Milton Lamp 646,6271.46,333,Home
5608,Bajaj Fan 529,3685.33,231,Home
5609,Lenovo Monitor 774,45066.59,198,Electronics
5610,Philips Lamp 528,1364.30,282,Home
5611,Xiaomi Speaker 166,77920.52,69,Electronics
5612,Zebronics Power Bank 120,1963.22,81,Accessories
5613,boAt Laptop 861,42863.36,219,Electronics
5614,Adidas Skipping Rope 551,2733.01,272,Fitness
5615,Bajaj Kettle 679,5898.11,31,Home
5616,Havells Water Bottle 128,6507.82,361,Home
5617,Decathlon Gym Bag 478,1770.32,127,Fitness
5618,Philips Mixer Grinder 390,7364.87,292,Home
5619,Bajaj Lamp 438,1056.16,183,Home
5620,Portronics Charger 555,1697.18,142,Accessories
5621,Anker USB Cable 775,2946.30,27,Accessories
5622,Milton Lamp 453,7186.62,30,Home
5623,Zebronics Earbuds 860,1116.33,245,Accessories
5624,Cosco Resistance Band 220,4773.58,73,Fitness
5625,Ambrane USB Cable 561,3348.31,125,Accessories
5626,Decathlon Skipping Rope 738,2956.25,145,Fitness
5627,Cosco Resistance Band 871,2496.69,135,Fitness
5628,Lenovo Mobile 773,87083.56,215,Electronics
5629,Cosco Dumbbell Set 322,3302.26,294,Fitness
5630,boAt Monitor 160,6820.17,241,Electronics
5631,Zebronics Keyboard 804,1929.70,286,Accessories
5632,Lenovo Monitor 814,9129.15,222,Electronics
5633,Nivia Yoga Mat 103,3934.54,496,Fitness
5634,Bajaj Iron 920,7417.19,43,Home
5635,Ambrane Charger 985,-296.77,498,Accessories
5636,Philips Iron 267,3850.04,28,Home
5637,Philips Water Bottle 726,428.55,419,Home
5638,Realme Speaker 543,74428.37,244,Electronics
5639,Prestige Iron 488,4160.90,241,Home
5640,boAt Laptop 350,36673.25,167,Electronics
5641,Logitech Earbuds 223,773.91,444,Accessories
5642,Adidas Skipping Rope 472,-1601.55,324,Fitness
5643,Adidas Gym Bag 581,3368.38,244,Fitness
5644,Logitech Power Bank 124,2958.07,310,Accessories
5645,Nivia Gym Bag 985,3871.97,206,Fitness
5646,Zebronics Keyboard 489,2796.45,493,Accessories
5647,Anker Keyboard 908,3074.94,237,Accessories
5648,Logitech Charger 892,3725.22,478,Accessories
5649,Nivia Gym Bag 906,4114.84,64,Fitness
5650,Zebronics Mouse 734,1031.23,106,Accessories
5651,Boldfit Gym Bag 780,4727.46,159,Fitness
5652,Samsung Mobile 390,77580.33,168,Electronics
5653,Realme Speaker 742,15519.51,ten,Electronics
5654,Adidas Skipping Rope 808,569.62,21,Fitness
5655,Philips Iron 565,4276.68,51,Home
5656,Bajaj Fan 475,423.80,78,Home
5657,Ambrane Earbuds 176,3253.97,91,Accessories
5658,Ambrane Power Bank 178,2625.56,219,Accessories
5659,Lenovo Tablet 926,81901.62,51,Electronics
5660,Adidas Skipping Rope 244,-1151.59,136,Fitness
5661,Realme Speaker 864,37263.94,355,Electronics
5662,Prestige Iron 213,3718.60,80,Home
5663,Logitech Power Bank 116,3667.08,413,Accessories
5664,Cosco Skipping Rope 476,1865.24,27,Fitness
5665,Ambrane Mouse 902,1079.02,153,Accessories
5666,Adidas Dumbbell Set 950,3714.03,233,Fitness
5667,Ambrane Charger 158,3275.52,370,Accessories
5668,Lenovo Mobile 139,18292.94,454,Electronics
5669,Boldfit Dumbbell Set 442,2555.73,168,Fitness
5670,Portronics Keyboard 348,0,329,Accessories
5671,Realme Monitor 502,42212.47,161,Electronics
5672,Ambrane Power Bank 730,3558.84,209,Accessories
5673,Anker USB Cable 337,952.73,92,Accessories
5674,Portronics Earbuds 918,2118.41,57,Accessories
5675,Philips Lamp 157,2220.01,475,Home
5676,Ambrane Earbuds 322,1574.26,264,Accessories
5677,Samsung Monitor 477,56088.66,290,Electronics
5678,Anker Keyboard 701,1614.00,416,Accessories
5679,Lenovo Smartwatch 823,59418.18,301,Electronics
5680,Zebronics Mouse 874,2322.64,97,Accessories
5681,Anker Charger 431,701.83,40,Accessories
5682,Decathlon Dumbbell Set 911,1286.89,395,Fitness
5683,Adidas Gym Bag 638,508.23,73,Fitness
5684,Milton Kettle 624,3521.12,290,Home
5685,Havells Iron 212,6995.52,436,Home
5686,Samsung Tablet 232,54040.98,ten,Electronics
5687,Philips Water Bottle 337,4260.87,102,Home
5688,Anker Power Bank 489,1567.49,many,Accessories
5689,Decathlon Dumbbell Set 448,4543.79,473,Fitness
5690,Lenovo Mobile 291,46722.89,75,Electronics
5691,Prestige Lamp 149,1926.11,191,Home
5692,Philips Iron 670,3396.89,415,Home
5693,Xiaomi Monitor 830,13531.23,497,Electronics
5694,Nivia Yoga Mat 220,2456.09,258,Fitness
5695,Decathlon Resistance Band 622,4901.36,130,Fitness
5696,Cosco Gym Bag 722,1047.90,253,Fitness
5697,Adidas Resistance Band 584,free,303,Fitness
5698,Cosco Gym Bag 399,1782.86,408,Fitness
5699,Prestige Mixer Grinder 167,6641.42,193,Home
5700,Havells Fan 744,3776.59,140,Home
5701,boAt Mobile 352,79350.71,150,Electronics
5702,Samsung Tablet 465,45922.74,167,Electronics
5703,Adidas Resistance Band 424,3364.15,138,Fitness
5704,boAt Monitor 702,54682.63,121,Electronics
5705,Prestige Lamp 976,7482.67,219,Home
5706,Lenovo Monitor 330,12949.26,333,Electronics
5707,Bajaj Water Bottle 916,6897.65,392,Home
5708,Milton Kettle 155,6379.61,109,Home
5709,Portronics USB Cable 815,716.75,75,Accessories
5710,Nivia Yoga Mat 660,4201.03,53,Fitness
5711,Lenovo Tablet 969,29188.43,184,Electronics
5712,Xiaomi Smartwatch 990,11404.19,454,Electronics
5713,Prestige Lamp 730,2194.24,210,Home
5714,Portronics Earbuds 375,2788.47,155,Accessories
5715,Philips Iron 630,7787.02,347,Home
5716,Portronics Keyboard 674,1169.79,276,Accessories
5717,Xiaomi Smartwatch 192,19875.05,371,Electronics
5718,Havells Water Bottle 657,6728.52,292,Home
5719,Cosco Dumbbell Set 861,3622.78,413,Fitness
5720,Bajaj Fan 150,935.60,281,Home
5721,Havells Fan 669,302.72,343,Home
5722,Milton Water Bottle 332,7298.71,413,Home
5723,Nivia Gym Bag 723,2561.31,0,Fitness
5724,Xiaomi Mobile 851,39638.74,123,Electronics
5725,Lenovo Monitor 803,,52,Electronics
5726,Logitech Earbuds 497,3790.53,73,Accessories
5727,Boldfit Dumbbell Set 859,692.41,491,Fitness
5728,Boldfit Gym Bag 187,3265.69,408,Fitness
5729,Ambrane Mouse 372,3810.39,394,Accessories
5730,Nivia Yoga Mat 541,1571.59,69,Fitness
5731,Milton Water Bottle 877,2798.75,140,Home
5732,Adidas Gym Bag 595,1057.85,130,Fitness
5733,Logitech USB Cable 702,1977.29,172,Accessories
5734,Philips Fan 850,1379.61,247,Home
5735,Prestige Kettle 296,6464.56,98,Home
5736,Xiaomi Smartwatch 586,74201.30,405,Electronics
5737,Ambrane Keyboard 828,816.38,294,Accessories
5738,Philips Lamp 279,4088.66,59,Home
5739,Adidas Skipping Rope 302,4065.25,309,Fitness
5740,boAt Laptop 839,13515.55,307,Electronics
5741,Logitech Charger 975,1499.85,276,Accessories
5742,Xiaomi Smartwatch 143,8513.55,22,Electronics
5743,Zebronics Power Bank 597,3218.62,287,Accessories
5744,Nivia Skipping Rope 787,3294.44,35,Fitness
5745,Nivia Gym Bag 319,3250.13,148,Fitness
5746,Boldfit Skipping Rope 952,721.52,490,Fitness
5747,Prestige Lamp 542,7368.56,253,Home
5748,Prestige Iron 616,6458.28,187,Home
5749,boAt Monitor 307,80365.94,43,Electronics
5750,Bajaj Kettle 364,4597.25,209,Home
5751,Portronics Keyboard 931,3727.01,287,Accessories
5752,Portronics Earbuds 309,466.31,366,Accessories
5753,Anker Charger 635,600.23,344,Accessories
5754,Decathlon Gym Bag 436,3103.27,467,Fitness
5755,Xiaomi Monitor 418,60043.06,38,Electronics
5756,Samsung Monitor 461,12586.99,365,Electronics
5757,Prestige Lamp 755,2702.48,119,Home
5758,Samsung Monitor 272,13859.44,147,Electronics
5759,Xiaomi Smartwatch 671,61937.22,300,Electronics
5760,Milton Mixer Grinder 883,637.46,227,Home
5761,Havells Fan 593,878.05,367,Home
5762,Anker Earbuds 664,2634.10,261,Accessories
5763,boAt Smartwatch 620,56830.52,332,Electronics
5764,Zebronics Earbuds 458,1464.19,237,Accessories
5765,Realme Tablet 383,73725.41,138,Electronics
5766,Xiaomi Smartwatch 646,54013.39,40,Electronics
5767,Zebronics Charger 443,1443.30,279,Accessories
5768,Zebronics USB Cable 147,1405.97,413,Accessories
5769,Bajaj Kettle 726,3899.02,453,Home
5770,boAt Laptop 999,14861.41,431,Electronics
5771,Portronics Mouse 815,552.28,395,Accessories
5772,Zebronics Charger 682,3108.91,8,Accessories
5773,Zebronics Mouse 577,-1795.57,205,Accessories
5774,Boldfit Resistance Band 794,256.94,162,Fitness
5775,Adidas Skipping Rope 326,1140.14,10,Fitness
5776,Xiaomi Smartwatch 586,61981.25,38,Electronics
5777,Bajaj Fan 339,7866.54,165,Home
5778,Logitech Charger 573,1123.15,14,Accessories
5779,Nivia Yoga Mat 240,2600.37,366,Fitness
5780,Decathlon Dumbbell Set 729,1692.57,143,Fitness
5781,Lenovo Smartwatch 549,74136.20,223,Electronics
5782,Cosco Gym Bag 395,4523.68,351,Fitness
5783,Prestige Water Bottle 170,390.98,367,Home
5784,Logitech Power Bank 920,1933.24,474,Accessories
5785,Portronics Charger 807,1028.23,181,Accessories
5786,Milton Water Bottle 494,6657.70,288,Home
5787,Zebronics Keyboard 530,1060.44,298,Accessories
5788,Logitech USB Cable 108,3993.86,395,Accessories
5789,Nivia Dumbbell Set 438,2762.24,109,Fitness
5790,Bajaj Iron 142,5795.06,266,Home
5791,Logitech Charger 686,3506.47,336,Accessories
5792,Milton Water Bottle 673,4380.04,22,Home
5793,Realme Laptop 793,56884.73,315,Electronics
5794,Logitech USB Cable 724,1740.27,0,Accessories
5795,Cosco Gym Bag 951,4520.87,393,Fitness
5796,Lenovo Smartwatch 292,61662.91,250,Electronics
5797,Milton Fan 590,3263.79,124,Home
5798,Realme Laptop 515,71073.03,349,Electronics
5799,Logitech Mouse 519,-349.21,291,Accessories
5800,Cosco Dumbbell Set 380,442.68,189,Fitness
5801,Logitech Mouse 124,658.20,225,Accessories
5802,Logitech Earbuds 656,3525.08,349,Accessories
5803,Nivia Resistance Band 386,4317.00,115,Fitness
5804,Decathlon Dumbbell Set 803,4156.29,43,Fitness
5805,boAt Monitor 581,71721.82,391,Electronics
5806,Philips Kettle 407,2165.22,419,Home
5807,Samsung Mobile 408,82133.52,342,Electronics
5808,Portronics Power Bank 247,3331.72,387,Accessories
5809,Philips Iron 601,3639.22,184,Home
5810,Ambrane USB Cable 581,free,448,Accessories
5811,Lenovo Monitor 526,12330.88,336,Electronics
5812,boAt Smartwatch 407,27245.68,424,Electronics
5813,boAt Smartwatch 604,30015.96,22,Electronics
5814,Havells Water Bottle 259,5162.74,342,Home
5815,Adidas Dumbbell Set 179,461.88,199,Fitness
5816,Havells Iron 663,5524.86,N/A,Home
5817,Bajaj Mixer Grinder 893,6090.29,42,Home
5818,Cosco Resistance Band 368,2170.21,83,Fitness
5819,Decathlon Dumbbell Set 779,3190.32,128,Fitness
5820,Portronics Charger 671,848.24,248,Accessories
5821,Cosco Gym Bag 403,1199.39,454,Fitness
5822,Lenovo Monitor 772,16279.76,102,Electronics
5823,Cosco Dumbbell Set 402,2167.32,91,Fitness
5824,Philips Fan 850,5626.22,64,Home
5825,Zebronics Keyboard 815,3679.47,340,Accessories
5826,Adidas Yoga Mat 301,0,254,Fitness
5827,Xiaomi Tablet 457,54779.85,415,Electronics
5828,Boldfit Skipping Rope 569,4360.68,171,Fitness
5829,Nivia Resistance Band 377,3054.24,N/A,Fitness
5830,Logitech USB Cable 574,2338.29,281,Accessories
5831,Milton Lamp 860,4084.19,192,Home
5832,Boldfit Skipping Rope 145,3642.22,399,Fitness
5833,Cosco Resistance Band 211,3328.27,70,Fitness
5834,Xiaomi Speaker 503,12868.99,496,Electronics
5835,boAt Tablet 488,23764.76,309,Electronics
5836,Cosco Skipping Rope 699,2983.80,95,Fitness
5837,Realme Speaker 451,37831.94,489,Electronics
5838,Bajaj Water Bottle 726,4660.84,406,Home
5839,Milton Fan 113,4984.65,21,Home
5840,Milton Lamp 100,4419.04,457,Home
5841,Decathlon Yoga Mat 972,440.38,149,Fitness
5842,Realme Laptop 613,68001.23,484,Electronics
5843,Lenovo Smartwatch 430,59016.08,277,Electronics
5844,Logitech Earbuds 950,1200.25,224,Accessories
5845,Ambrane Power Bank 993,1177.20,20,Accessories
5846,Decathlon Dumbbell Set 207,3786.60,276,Fitness
5847,Nivia Yoga Mat 257,4273.56,202,Fitness
5848,Xiaomi Smartwatch 271,36770.72,449,Electronics
5849,Cosco Yoga Mat 445,4620.01,419,Fitness
5850,Philips Fan 722,832.77,446,Home
5851,Samsung Laptop 204,46296.57,490,Electronics
5852,boAt Speaker 770,9853.35,0,Electronics
5853,Ambrane Mouse 781,1924.21,107,Accessories
5854,Adidas Yoga Mat 855,542.89,390,Fitness
5855,Xiaomi Smartwatch 273,59180.92,127,Electronics
5856,Logitech Earbuds 834,2786.70,116,Accessories
5857,Nivia Skipping Rope 980,3354.77,211,Fitness
5858,Decathlon Skipping Rope 773,650.81,14,Fitness
5859,Prestige Kettle 531,6993.83,244,Home
5860,Havells Fan 578,1946.22,299,Home
5861,Bajaj Lamp 748,3259.91,199,Home
5862,Nivia Skipping Rope 456,576.69,451,Fitness
5863,Adidas Yoga Mat 275,2747.10,473,Fitness
5864,Nivia Gym Bag 920,2132.23,59,Fitness
5865,Philips Iron 359,487.55,415,Home
5866,Logitech Keyboard 493,2755.86,129,Accessories
5867,Milton Iron 647,7235.41,418,Home
5868,Prestige Water Bottle 427,1423.20,159,Home
5869,Havells Kettle 626,5639.84,47,Home
5870,Ambrane Power Bank 396,3705.61,61,Accessories
5871,Anker Keyboard 842,3127.81,399,Accessories
5872,Portronics Keyboard 823,3423.69,310,Accessories
5873,Cosco Resistance Band 419,4670.59,139,Fitness
5874,Xiaomi Speaker 810,70391.72,245,Electronics
5875,Philips Water Bottle 547,3167.21,168,Home
5876,Decathlon Resistance Band 177,4004.14,76,Fitness
5877,boAt Speaker 180,33610.93,374,Electronics
5878,Milton Water Bottle 978,7666.11,179,Home
5879,Samsung Smartwatch 975,61586.43,26,Electronics
5880,Boldfit Resistance Band 113,3844.29,80,Fitness
5881,Boldfit Skipping Rope 560,2424.82,69,Fitness
5882,Xiaomi Smartwatch 414,50606.78,13,Electronics
5883,Nivia Gym Bag 228,402.19,453,Fitness
5884,Nivia Dumbbell Set 653,2716.12,9,Fitness
5885,Anker USB Cable 912,1586.80,74,Accessories
5886,Boldfit Dumbbell Set 614,4376.43,417,Fitness
5887,boAt Mobile 941,17765.62,199,Electronics
5888,Portronics Charger 196,3689.50,51,Accessories
5889,Zebronics Mouse 898,2075.43,481,Accessories
5890,Havells Water Bottle 312,6959.25,192,Home
5891,Bajaj Mixer Grinder 915,6847.26,290,Home
5892,Anker Keyboard 284,877.11,332,Accessories
5893,Lenovo Mobile 511,59801.62,199,Electronics
5894,Ambrane Power Bank 622,1588.04,264,Accessories
5895,Xiaomi Smartwatch 337,11116.51,109,Electronics
5896,Logitech Power Bank 438,2822.07,49,Accessories
5897,Zebronics Keyboard 927,831.56,354,Accessories
5898,Prestige Mixer Grinder 282,3860.17,43,Home
5899,Logitech Charger 293,2129.18,61,Accessories
5900,Zebronics Power Bank 151,1336.82,319,Accessories
5901,Xiaomi Monitor 371,10300.42,68,Electronics
5902,Milton Mixer Grinder 217,5292.20,208,Home
5903,Zebronics Charger 874,2803.32,77,Accessories
5904,Samsung Monitor 310,68891.32,301,Electronics
5905,Nivia Resistance Band 493,4145.35,33,Fitness
5906,Philips Iron 371,7797.51,486,Home
5907,Bajaj Iron 890,2064.19,63,Home
5908,Adidas Gym Bag 814,866.79,249,Fitness
5909,Anker Charger 581,291.48,129,Accessories
5910,Portronics Keyboard 999,2327.28,240,Accessories
5911,Prestige Lamp 766,1193.89,230,Home
5912,Prestige Lamp 501,2897.33,82,Home
5913,Boldfit Gym Bag 954,1061.69,55,Fitness
5914,Philips Mixer Grinder 303,3585.83,247,Home
5915,Milton Water Bottle 910,5099.18,109,Home
5916,Adidas Skipping Rope 792,1779.66,307,Fitness
5917,Ambrane Mouse 658,1481.43,122,Accessories
5918,boAt Laptop 497,46305.94,299,Electronics
5919,Xiaomi Smartwatch 661,28508.39,297,Electronics
5920,Philips Lamp 203,7327.94,252,Home
5921,Adidas Dumbbell Set 189,1751.73,88,Fitness
5922,Anker Mouse 759,2905.37,483,Accessories
5923,Decathlon Dumbbell Set 680,740.09,302,Fitness
5924,boAt Tablet 242,69450.51,482,Electronics
5925,Lenovo Speaker 404,26714.01,227,Electronics
5926,Boldfit Skipping Rope 899,3820.70,143,Fitness
5927,Boldfit Gym Bag 537,326.82,84,Fitness
5928,Logitech Mouse 875,3827.40,28,Accessories
5929,Zebronics Mouse 640,987.10,378,Accessories
5930,Havells Mixer Grinder 638,4053.39,2,Home
5931,Portronics Power Bank 211,965.37,223,Accessories
5932,Nivia Dumbbell Set 384,3840.76,3,Fitness
5933,Cosco Resistance Band 672,626.21,165,Fitness
5934,Realme Mobile 312,33372.73,284,Electronics
5935,Adidas Yoga Mat 968,1017.86,40,Fitness
5936,Havells Mixer Grinder 423,6871.37,0,Home
5937,Logitech USB Cable 791,2680.06,308,Accessories
5938,boAt Mobile 160,57914.43,194,Electronics
5939,Nivia Yoga Mat 867,2933.84,230,Fitness
5940,Xiaomi Smartwatch 775,53056.17,280,Electronics
5941,Samsung Speaker 926,4829.49,175,Electronics
5942,boAt Laptop 520,64718.87,75,Electronics
5943,Logitech Earbuds 922,3957.74,104,Accessories
5944,Philips Kettle 920,6299.00,177,Home
5945,Xiaomi Monitor 120,88532.68,405,Electronics
5946,Realme Mobile 656,38949.33,59,Electronics
5947,Bajaj Water Bottle 239,5975.63,336,Home
5948,Adidas Resistance Band 751,4385.67,217,Fitness
5949,Prestige Fan 803,6232.85,492,Home
5950,boAt Speaker 336,33826.49,63,Electronics
5951,Nivia Dumbbell Set 130,2996.58,429,Fitness
5952,Decathlon Resistance Band 146,1061.85,43,Fitness
5953,boAt Mobile 416,24004.11,122,Electronics
5954,Havells Lamp 490,4970.56,203,Home
5955,Havells Kettle 858,2150.54,358,Home
5956,Prestige Iron 794,5852.42,328,Home
5957,Logitech USB Cable 603,2957.27,247,Accessories
5958,Anker USB Cable 124,1000.03,310,Accessories
5959,Samsung Speaker 815,28651.44,160,Electronics
5960,Realme Laptop 261,32944.25,375,Electronics
5961,Philips Kettle 205,3003.47,75,Home
5962,Samsung Laptop 841,33281.04,0,Electronics
5963,Milton Kettle 102,6610.35,189,Home
5964,boAt Laptop 945,51984.40,225,Electronics
5965,Realme Mobile 983,21872.67,353,Electronics
5966,boAt Laptop 344,84963.81,453,Electronics
5967,Portronics Mouse 724,3398.77,458,Accessories
5968,Lenovo Smartwatch 415,61505.14,211,Electronics
5969,Anker Power Bank 663,1276.92,439,Accessories
5970,Havells Lamp 920,7135.52,96,Home
5971,Xiaomi Speaker 380,25147.71,14,Electronics
5972,Nivia Gym Bag 593,3473.32,27,Fitness
5973,Philips Fan 585,4627.19,417,Home
5974,Philips Lamp 106,1102.34,271,Home
5975,boAt Tablet 376,83585.10,366,Electronics
5976,Lenovo Monitor 530,81139.33,190,Electronics
5977,Logitech Power Bank 421,2447.71,94,Accessories
5978,Prestige Lamp 137,6259.85,458,Home
5979,Ambrane Power Bank 367,2329.77,424,Accessories
5980,Havells Kettle 306,4081.49,380,Home
5981,Cosco Skipping Rope 962,3773.99,322,Fitness
5982,Nivia Yoga Mat 265,4274.72,176,Fitness
5983,Prestige Water Bottle 313,2972.38,0,Home
5984,Realme Smartwatch 690,19318.33,143,Electronics
5985,Prestige Water Bottle 634,6397.94,144,Home
5986,Anker Keyboard 242,502.73,419,Accessories
5987,Samsung Speaker 294,86199.05,380,Electronics
5988,Philips Kettle 659,6379.42,492,Home
5989,Lenovo Smartwatch 269,15119.84,262,Electronics
5990,Anker USB Cable 351,3918.17,159,Accessories
5991,Philips Kettle 761,7406.58,71,Home
5992,Xiaomi Mobile 976,67439.36,139,Electronics
5993,Bajaj Fan 572,959.10,280,Home
5994,Havells Lamp 510,7058.91,260,Home
5995,Lenovo Speaker 471,74774.29,397,Electronics
5996,Nivia Skipping Rope 677,4205.59,100,Fitness
5997,Bajaj Water Bottle 171,650.23,154,Home
5998,Lenovo Smartwatch 994,11621.71,0,Electronics
5999,Havells Iron 845,-4263.23,337,Home
6000,Ambrane Power Bank 444,1100.81,122,Accessories
6001,Cosco Dumbbell Set 993,4810.12,328,Fitness
6002,boAt Laptop 621,29393.69,129,Electronics
6003,Realme Monitor 352,85194.57,99,Electronics
6004,Boldfit Gym Bag 927,3835.30,136,Fitness
6005,Cosco Yoga Mat 421,1248.43,53,Fitness
6006,Zebronics Keyboard 751,295.77,174,Accessories
6007,Ambrane Power Bank 428,959.34,321,Accessories
6008,Bajaj Kettle 269,3627.76,96,Home
6009,Logitech Earbuds 410,1782.46,147,Accessories
6010,Decathlon Dumbbell Set 309,2941.30,448,Fitness
6011,Portronics Keyboard 666,301.54,139,Accessories
6012,Samsung Monitor 746,66558.58,16,Electronics
6013,Milton Iron 189,5618.10,65,Home
6014,Samsung Laptop 616,87727.87,436,Electronics
6015,Logitech Power Bank 740,2145.99,227,Accessories
6016,Nivia Skipping Rope 130,798.47,300,Fitness
6017,Philips Iron 971,0,430,Home
6018,Philips Mixer Grinder 426,3290.54,306,Home
6019,Havells Kettle 637,5862.11,491,Home
6020,Cosco Skipping Rope 903,2527.70,229,Fitness
6021,Havells Kettle 193,4009.16,201,Home
6022,Nivia Gym Bag 391,692.42,241,Fitness
6023,Anker Earbuds 440,2699.49,276,Accessories
6024,Decathlon Gym Bag 133,851.20,167,Fitness
6025,Bajaj Mixer Grinder 659,6866.28,62,Home
6026,Cosco Resistance Band 615,925.99,150,Fitness
6027,Havells Water Bottle 625,7493.04,117,Home
6028,Philips Mixer Grinder 420,7681.67,127,Home
6029,Philips Lamp 269,7523.33,0,Home
6030,Lenovo Smartwatch 304,50376.60,0,Electronics
6031,Decathlon Skipping Rope 325,2401.18,454,Fitness
6032,Anker Keyboard 411,3938.81,121,Accessories
6033,Havells Iron 390,1094.95,312,Home
6034,Philips Mixer Grinder 292,6891.67,277,Home
6035,Anker Earbuds 120,472.77,405,Accessories
6036,Nivia Dumbbell Set 835,686.86,281,Fitness
6037,Anker Charger 759,1810.58,N/A,Accessories
6038,Logitech Mouse 114,3025.48,49,Accessories
6039,Ambrane Power Bank 377,523.06,212,Accessories
6040,Havells Fan 405,6618.23,429,Home
6041,Ambrane Power Bank 720,1475.43,38,Accessories
6042,Anker Power Bank 674,174.22,116,Accessories
6043,Decathlon Yoga Mat 700,1932.76,159,Fitness
6044,Decathlon Gym Bag 840,2167.72,308,Fitness
6045,Bajaj Mixer Grinder 475,3214.95,39,Home
6046,Xiaomi Speaker 291,N/A,136,Electronics
6047,Decathlon Resistance Band 505,3222.85,15,Fitness
6048,Bajaj Fan 198,6654.29,488,Home
6049,Xiaomi Laptop 861,31616.95,18,Electronics
6050,Portronics Keyboard 499,1329.45,103,Accessories
6051,Realme Smartwatch 466,52951.30,381,Electronics
6052,Logitech Power Bank 312,-2672.61,65,Accessories
6053,Prestige Water Bottle 469,6980.07,141,Home
6054,Adidas Dumbbell Set 642,3135.81,145,Fitness
6055,Zebronics Keyboard 826,3011.11,184,Accessories
6056,boAt Tablet 535,62593.47,220,Electronics
6057,boAt Mobile 391,65180.48,43,Electronics
6058,Logitech Keyboard 616,3498.96,17,Accessories
6059,Lenovo Laptop 518,57020.06,ten,Electronics
6060,Bajaj Mixer Grinder 608,1511.93,311,Home
6061,Decathlon Skipping Rope 264,2000.56,315,Fitness
6062,boAt Smartwatch 199,4218.08,410,Electronics
6063,Zebronics USB Cable 659,183.31,424,Accessories
6064,Boldfit Yoga Mat 977,679.84,249,Fitness
6065,Philips Lamp 152,4427.08,325,Home
6066,Philips Lamp 618,6847.57,89,Home
6067,Havells Lamp 578,6383.82,425,Home
6068,Xiaomi Speaker 974,49116.97,244,Electronics
6069,Decathlon Dumbbell Set 297,2866.40,228,Fitness
6070,Decathlon Dumbbell Set 103,3114.65,82,Fitness
6071,Ambrane Power Bank 767,2057.70,104,Accessories
6072,Decathlon Yoga Mat 689,914.88,412,Fitness
6073,Philips Iron 968,7174.47,109,Home
6074,Boldfit Yoga Mat 564,851.77,137,Fitness
6075,Havells Iron 203,-3621.50,480,Home
6076,Xiaomi Monitor 835,84644.20,309,Electronics
6077,Xiaomi Smartwatch 690,86558.77,284,Electronics
6078,Samsung Smartwatch 103,62851.23,289,Electronics
6079,Samsung Monitor 323,69371.74,79,Electronics
6080,Philips Mixer Grinder 368,5552.89,221,Home
6081,Philips Water Bottle 407,830.45,347,Home
6082,Nivia Dumbbell Set 470,2129.60,158,Fitness
6083,Xiaomi Mobile 251,64738.68,139,Electronics
6084,Bajaj Water Bottle 241,561.16,67,Home
6085,Xiaomi Speaker 853,56711.16,91,Electronics
6086,Zebronics USB Cable 805,3064.38,228,Accessories
6087,Xiaomi Monitor 522,7775.42,359,Electronics
6088,Samsung Mobile 858,70103.62,339,Electronics
6089,Realme Speaker 978,20215.54,124,Electronics
6090,Bajaj Kettle 191,7035.59,469,Home
6091,boAt Speaker 163,,135,Electronics
6092,Anker Keyboard 300,503.68,131,Accessories
6093,Samsung Monitor 268,45081.20,127,Electronics
6094,Philips Water Bottle 638,4615.72,487,Home
6095,Xiaomi Smartwatch 184,66179.08,476,Electronics
6096,Xiaomi Laptop 878,40731.49,94,Electronics
6097,Nivia Skipping Rope 108,426.71,310,Fitness
6098,boAt Laptop 951,38870.54,382,Electronics
6099,Xiaomi Laptop 879,26970.41,101,Electronics
6100,Philips Fan 899,1585.61,448,Home
6101,Ambrane Mouse 291,1528.90,56,Accessories
6102,Logitech Mouse 800,2662.02,410,Accessories
6103,Zebronics Charger 872,2598.60,29,Accessories
6104,Havells Fan 778,7696.30,203,Home
6105,Adidas Resistance Band 630,2213.63,153,Fitness
6106,Milton Kettle 448,4126.47,383,Home
6107,boAt Tablet 639,58511.52,219,Electronics
6108,Anker Charger 880,3305.47,196,Accessories
6109,Bajaj Water Bottle 506,4959.80,497,Home
6110,boAt Tablet 937,64949.25,418,Electronics
6111,Ambrane Power Bank 571,3757.76,192,Accessories
6112,Anker USB Cable 881,536.45,483,Accessories
6113,Logitech Power Bank 617,3449.54,255,Accessories
6114,Bajaj Mixer Grinder 408,6615.00,0,Home
6115,Nivia Resistance Band 565,1276.02,314,Fitness
6116,Prestige Fan 672,4620.04,44,Home
6117,Samsung Monitor 417,83598.74,254,Electronics
6118,Logitech Power Bank 603,0,207,Accessories
6119,Lenovo Tablet 733,35352.70,321,Electronics
6120,Havells Fan 875,476.54,394,Home
6121,Decathlon Gym Bag 136,2126.61,395,Fitness
6122,Realme Smartwatch 840,28671.21,291,Electronics
6123,Xiaomi Tablet 188,66989.91,222,Electronics
6124,Cosco Skipping Rope 217,3857.15,0,Fitness
6125,Cosco Yoga Mat 944,695.91,363,Fitness
6126,Boldfit Yoga Mat 898,1318.47,476,Fitness
6127,Philips Fan 846,4285.92,34,Home
6128,Ambrane Keyboard 918,2380.57,198,Accessories
6129,Cosco Dumbbell Set 574,3621.87,67,Fitness
6130,Lenovo Tablet 696,65460.14,414,Electronics
6131,Milton Mixer Grinder 908,4591.74,337,Home
6132,Portronics Keyboard 960,2216.90,273,Accessories
6133,Realme Speaker 848,42638.00,188,Electronics
6134,Logitech Charger 702,1134.00,179,Accessories
6135,Milton Kettle 332,2298.46,323,Home
6136,Havells Kettle 355,3940.04,208,Home
6137,Lenovo Speaker 196,25169.54,455,Electronics
6138,Decathlon Dumbbell Set 112,3309.90,152,Fitness
6139,Adidas Resistance Band 350,2322.77,426,Fitness
6140,Zebronics Power Bank 179,1262.55,470,Accessories
6141,Bajaj Mixer Grinder 523,6680.48,424,Home
6142,Adidas Gym Bag 572,3030.47,482,Fitness
6143,Cosco Skipping Rope 965,3017.62,235,Fitness
6144,Ambrane USB Cable 353,774.57,29,Accessories
6145,Logitech Mouse 507,1770.42,178,Accessories
6146,Realme Mobile 441,43128.35,212,Electronics
6147,Samsung Speaker 342,89005.55,328,Electronics
6148,Adidas Yoga Mat 126,1675.47,144,Fitness
6149,Milton Iron 917,485.88,314,Home
6150,Samsung Tablet 931,41712.82,204,Electronics
6151,Havells Iron 709,4717.31,249,Home
6152,Boldfit Gym Bag 781,4584.74,7,Fitness
6153,Lenovo Monitor 454,12490.62,372,Electronics
6154,Havells Iron 365,6448.82,479,Home
6155,Prestige Iron 866,1168.06,433,Home
6156,Lenovo Smartwatch 200,52595.37,324,Electronics
6157,Prestige Lamp 923,5438.20,181,Home
6158,Cosco Yoga Mat 803,4581.99,298,Fitness
6159,Portronics Mouse 244,2146.99,37,Accessories
6160,Bajaj Kettle 294,1058.65,146,Home
6161,Nivia Dumbbell Set 556,1522.12,33,Fitness
6162,Boldfit Resistance Band 128,2439.45,468,Fitness
6163,Milton Iron 249,4154.61,65,Home
6164,Cosco Resistance Band 233,4244.33,244,Fitness
6165,Lenovo Tablet 495,71203.94,143,Electronics
6166,Milton Mixer Grinder 336,5148.59,332,Home
6167,Milton Fan 209,3818.79,235,Home
6168,Adidas Skipping Rope 169,477.48,199,Fitness
6169,Zebronics Charger 913,1185.63,335,Accessories
6170,Boldfit Dumbbell Set 919,1401.92,408,Fitness
6171,Portronics Charger 441,3664.51,78,Accessories
6172,Nivia Gym Bag 528,2162.50,132,Fitness
6173,Lenovo Tablet 126,87216.56,70,Electronics
6174,Havells Fan 330,1567.86,178,Home
6175,Zebronics Power Bank 461,3654.48,136,Accessories
6176,Lenovo Tablet 411,87463.71,274,Electronics
6177,Milton Fan 842,7628.08,171,Home
6178,Samsung Laptop 425,19695.08,303,Electronics
6179,Boldfit Skipping Rope 106,4291.96,296,Fitness
6180,Nivia Resistance Band 946,4794.63,473,Fitness
6181,Ambrane Charger 514,2204.53,477,Accessories
6182,Xiaomi Mobile 880,37862.73,63,Electronics
6183,Realme Monitor 182,27636.11,415,Electronics
6184,Cosco Gym Bag 929,2076.36,416,Fitness
6185,Anker USB Cable 769,3313.99,97,Accessories
6186,Xiaomi Laptop 218,40638.51,416,Electronics
6187,Lenovo Mobile 852,60356.00,177,Electronics
6188,Anker Power Bank 798,330.79,443,Accessories
6189,Prestige Iron 501,4332.58,311,Home
6190,Portronics Charger 160,1946.50,315,Accessories
6191,Anker Charger 333,784.80,115,Accessories
6192,Cosco Dumbbell Set 720,602.18,160,Fitness
6193,Samsung Laptop 943,61416.56,339,Electronics
6194,Xiaomi Smartwatch 459,56487.45,370,Electronics
6195,Havells Lamp 856,6472.29,60,Home
6196,Decathlon Gym Bag 210,1640.83,216,Fitness
6197,Anker Charger 186,2785.09,392,Accessories
6198,Lenovo Monitor 107,70465.29,192,Electronics
6199,Ambrane USB Cable 514,471.83,42,Accessories
6200,Adidas Gym Bag 777,4628.02,68,Fitness
6201,Portronics Power Bank 420,861.59,158,Accessories
6202,Samsung Tablet 917,68909.59,492,Electronics
6203,Nivia Gym Bag 358,2332.71,243,Fitness
6204,Havells Iron 827,1721.63,499,Home
6205,Milton Water Bottle 163,3588.61,246,Home
6206,boAt Laptop 835,43165.79,357,Electronics
6207,Philips Kettle 455,4112.82,327,Home
6208,Bajaj Mixer Grinder 749,5204.45,141,Home
6209,Realme Laptop 481,61237.58,230,Electronics
6210,Samsung Tablet 832,62667.65,407,Electronics
6211,Ambrane Mouse 138,2479.69,361,Accessories
6212,Samsung Monitor 601,55119.36,287,Electronics
6213,Ambrane Earbuds 626,3103.64,191,Accessories
6214,Logitech Power Bank 831,1585.31,367,Accessories
6215,Realme Laptop 923,-35958.79,323,Electronics
6216,Boldfit Yoga Mat 501,848.50,110,Fitness
6217,boAt Speaker 631,26251.50,286,Electronics
6218,Lenovo Mobile 580,13187.27,415,Electronics
6219,Philips Lamp 830,7042.64,117,Home
6220,Ambrane Earbuds 855,2935.46,146,Accessories
6221,Logitech Earbuds 817,215.89,434,Accessories
6222,Logitech Earbuds 213,1597.44,357,Accessories
6223,Milton Water Bottle 413,2014.98,0,Home
6224,Bajaj Water Bottle 545,6348.48,221,Home
6225,Milton Lamp 186,1176.03,0,Home
6226,Portronics Keyboard 597,671.61,64,Accessories
6227,Havells Lamp 129,3323.27,229,Home
6228,Xiaomi Monitor 412,80485.85,288,Electronics
6229,Realme Monitor 495,64694.85,351,Electronics
6230,boAt Mobile 187,57779.99,499,Electronics
6231,Portronics Charger 980,2090.42,299,Accessories
6232,Cosco Gym Bag 407,2520.30,256,Fitness
6233,Decathlon Resistance Band 106,735.06,164,Fitness
6234,boAt Smartwatch 167,31376.93,248,Electronics
6235,Lenovo Mobile 992,71442.60,456,Electronics
6236,Lenovo Mobile 402,13583.70,233,Electronics
6237,Nivia Resistance Band 171,3222.96,489,Fitness
6238,Anker Mouse 260,1869.74,305,Accessories
6239,Decathlon Gym Bag 368,4477.60,482,Fitness
6240,Ambrane Charger 928,1211.25,339,Accessories
6241,boAt Laptop 690,63153.32,126,Electronics
6242,boAt Mobile 785,35394.80,445,Electronics
6243,boAt Smartwatch 959,43801.47,28,Electronics
6244,Zebronics Power Bank 350,2648.92,73,Accessories
6245,Anker Power Bank 789,1282.12,91,Accessories
6246,Anker Keyboard 289,1233.01,285,Accessories
6247,Logitech Power Bank 162,1061.66,409,Accessories
6248,Decathlon Yoga Mat 201,2586.91,378,Fitness
6249,Ambrane Keyboard 116,666.97,74,Accessories
6250,Cosco Resistance Band 905,3126.38,395,Fitness
6251,Adidas Yoga Mat 518,2549.85,454,Fitness
6252,Boldfit Yoga Mat 991,486.43,165,Fitness
6253,Cosco Skipping Rope 590,4114.23,80,Fitness
6254,Zebronics Keyboard 280,1546.58,222,Accessories
6255,Samsung Tablet 708,8703.58,50,Electronics
6256,Realme Speaker 583,12617.02,52,Electronics
6257,boAt Smartwatch 216,21066.88,167,Electronics
6258,Boldfit Skipping Rope 802,4698.61,316,Fitness
6259,Lenovo Monitor 386,37226.00,423,Electronics
6260,Havells Iron 871,300.72,232,Home
6261,Xiaomi Smartwatch 159,60873.57,197,Electronics
6262,Boldfit Dumbbell Set 768,290.07,328,Fitness
6263,Ambrane Mouse 432,1119.97,324,Accessories
6264,Cosco Resistance Band 495,1963.23,358,Fitness
6265,Bajaj Fan 312,6668.61,370,Home
6266,Ambrane Power Bank 636,292.50,41,Accessories
6267,Havells Fan 923,6413.20,112,Home
6268,Philips Iron 547,2211.46,94,Home
6269,Ambrane Keyboard 850,2213.23,138,Accessories
6270,Bajaj Fan 826,5983.47,191,Home
6271,Ambrane Power Bank 624,2937.44,56,Accessories
6272,Samsung Tablet 273,78728.84,11,Electronics
6273,Adidas Dumbbell Set 984,2963.47,192,Fitness
6274,Prestige Water Bottle 241,6969.99,87,Home
6275,Cosco Dumbbell Set 933,2042.32,356,Fitness
6276,Prestige Fan 159,2895.02,176,Home
6277,Xiaomi Mobile 701,47187.23,408,Electronics
6278,Boldfit Resistance Band 802,4587.19,310,Fitness
6279,Realme Laptop 166,30802.06,72,Electronics
6280,Milton Fan 127,2419.29,264,Home
6281,Prestige Mixer Grinder 673,592.97,135,Home
6282,Portronics Power Bank 447,1805.77,424,Accessories
6283,Havells Fan 228,6787.24,162,Home
6284,Logitech Power Bank 104,549.03,394,Accessories
6285,boAt Smartwatch 182,26109.86,456,Electronics
6286,Prestige Kettle 384,2218.25,329,Home
6287,Logitech Charger 678,1837.54,57,Accessories
6288,Havells Water Bottle 289,4073.64,372,Home
6289,Samsung Smartwatch 673,53449.22,255,Electronics
6290,Lenovo Speaker 362,33787.26,383,Electronics
6291,Prestige Kettle 487,4810.46,420,Home
6292,Cosco Gym Bag 931,912.25,416,Fitness
6293,Bajaj Iron 781,4011.36,386,Home
6294,Bajaj Mixer Grinder 114,5216.45,147,Home
6295,Milton Iron 777,6812.64,125,Home
6296,Prestige Kettle 631,4565.96,17,Home
6297,Milton Water Bottle 599,6886.42,198,Home
6298,Zebronics USB Cable 783,1983.21,52,Accessories
6299,Boldfit Resistance Band 710,3062.76,240,Fitness
6300,Anker Mouse 918,2580.99,478,Accessories
6301,Adidas Skipping Rope 117,1102.79,341,Fitness
6302,Cosco Gym Bag 926,4201.98,335,Fitness
6303,Zebronics Keyboard 742,2153.96,many,Accessories
6304,Ambrane Earbuds 614,2057.02,495,Accessories
6305,Portronics USB Cable 102,2856.91,105,Accessories
6306,Nivia Gym Bag 317,2054.43,171,Fitness
6307,Decathlon Resistance Band 474,4950.86,8,Fitness
6308,boAt Mobile 572,28513.17,146,Electronics
6309,Realme Laptop 912,7415.68,150,Electronics
6310,Nivia Skipping Rope 342,4486.89,314,Fitness
6311,Philips Iron 618,6177.79,254,Home
6312,Samsung Mobile 489,85261.13,412,Electronics
6313,boAt Tablet 187,17048.52,128,Electronics
6314,Milton Fan 829,709.90,33,Home
6315,Bajaj Lamp 755,6169.84,362,Home
6316,Havells Lamp 499,4308.59,310,Home
6317,boAt Mobile 970,86635.71,39,Electronics
6318,Decathlon Resistance Band 697,3174.61,74,Fitness
6319,Realme Speaker 323,17170.78,310,Electronics
6320,Lenovo Smartwatch 735,42993.37,318,Electronics
6321,Decathlon Resistance Band 323,4068.04,74,Fitness
6322,Portronics Charger 615,3988.11,25,Accessories
6323,Philips Iron 673,2253.92,344,Home
6324,Bajaj Mixer Grinder 726,7925.23,262,Home
6325,Havells Kettle 649,5340.46,121,Home
6326,Anker Power Bank 508,1614.60,102,Accessories
6327,Ambrane Power Bank 699,free,287,Accessories
6328,Realme Tablet 759,54437.66,115,Electronics
6329,Portronics Power Bank 191,1989.15,375,Accessories
6330,Lenovo Tablet 469,47503.96,308,Electronics
6331,boAt Mobile 754,60965.67,107,Electronics
6332,Decathlon Resistance Band 995,4298.38,237,Fitness
6333,Lenovo Speaker 210,20670.42,495,Electronics
6334,Samsung Monitor 962,61199.23,433,Electronics
6335,boAt Monitor 774,81308.23,319,Electronics
6336,Anker Charger 108,1476.10,151,Accessories
6337,Decathlon Dumbbell Set 847,1183.46,105,Fitness
6338,Bajaj Mixer Grinder 605,5422.89,347,Home
6339,Lenovo Monitor 669,73975.22,384,Electronics
6340,Boldfit Skipping Rope 331,1240.55,21,Fitness
6341,Portronics Earbuds 757,2367.12,90,Accessories
6342,Bajaj Lamp 763,-3401.91,400,Home
6343,Decathlon Gym Bag 290,4988.15,374,Fitness
6344,Lenovo Monitor 482,39681.13,121,Electronics
6345,Boldfit Dumbbell Set 291,342.75,430,Fitness
6346,Logitech Charger 252,2565.95,491,Accessories
6347,Decathlon Yoga Mat 790,2393.13,124,Fitness
6348,Nivia Gym Bag 545,3794.88,371,Fitness
6349,Nivia Resistance Band 546,4188.58,446,Fitness
6350,Realme Smartwatch 201,65343.85,164,Electronics
6351,Realme Mobile 315,51684.61,55,Electronics
6352,Havells Water Bottle 513,1177.95,296,Home
6353,Samsung Speaker 770,76908.58,165,Electronics
6354,Lenovo Speaker 877,32271.57,451,Electronics
6355,Milton Kettle 381,5373.36,466,Home
6356,Zebronics USB Cable 307,1547.57,339,Accessories
6357,Logitech Earbuds 617,1709.20,135,Accessories
6358,Zebronics Charger 261,2847.46,180,Accessories
6359,Zebronics Power Bank 915,3841.75,484,Accessories
6360,Philips Mixer Grinder 129,5574.95,410,Home
6361,Decathlon Yoga Mat 746,3470.04,403,Fitness
6362,Realme Smartwatch 361,72782.04,261,Electronics
6363,Portronics Charger 391,2734.49,318,Accessories
6364,Lenovo Smartwatch 813,65389.24,402,Electronics
6365,Boldfit Dumbbell Set 751,4876.39,15,Fitness
6366,Portronics Earbuds 925,1190.11,154,Accessories
6367,Anker USB Cable 960,2891.97,185,Accessories
6368,Lenovo Monitor 229,85590.24,200,Electronics
6369,Cosco Resistance Band 167,3378.98,15,Fitness
6370,Realme Mobile 333,31041.30,265,Electronics
6371,Anker Power Bank 403,700.25,111,Accessories
6372,Adidas Skipping Rope 507,1077.78,114,Fitness
6373,Ambrane Earbuds 460,1826.02,98,Accessories
6374,Bajaj Iron 115,,260,Home
6375,Lenovo Mobile 535,83198.79,216,Electronics
6376,Philips Iron 916,1700.17,133,Home
6377,Prestige Mixer Grinder 911,-1411.91,264,Home
6378,Lenovo Laptop 723,15588.56,413,Electronics
6379,Ambrane Earbuds 421,3929.09,212,Accessories
6380,boAt Mobile 844,51561.81,2,Electronics
6381,boAt Tablet 156,46668.69,256,Electronics
6382,Cosco Yoga Mat 763,1312.71,205,Fitness
6383,Milton Fan 527,6812.67,108,Home
6384,Cosco Dumbbell Set 166,2616.02,422,Fitness
6385,Ambrane Keyboard 260,2039.76,224,Accessories
6386,Anker Mouse 564,3483.16,340,Accessories
6387,Philips Fan 451,2469.52,105,Home
6388,Cosco Skipping Rope 375,385.31,338,Fitness
6389,Prestige Fan 528,1125.31,481,Home
6390,Cosco Yoga Mat 120,796.75,384,Fitness
6391,Ambrane Mouse 255,3238.48,0,Accessories
6392,Zebronics Mouse 348,3947.63,291,Accessories
6393,Havells Kettle 405,3755.50,221,Home
6394,Havells Iron 523,5010.28,337,Home
6395,Logitech Keyboard 951,2455.35,382,Accessories
6396,Logitech Charger 491,2578.40,401,Accessories
6397,Boldfit Skipping Rope 945,2575.20,474,Fitness
6398,Samsung Mobile 548,60678.60,384,Electronics
6399,Lenovo Mobile 773,30822.73,171,Electronics
6400,Havells Kettle 720,2975.56,494,Home
6401,Portronics Keyboard 671,902.98,N/A,Accessories
6402,Realme Mobile 370,16102.40,40,Electronics
6403,Logitech Mouse 872,519.51,87,Accessories
6404,Logitech Keyboard 397,923.42,352,Accessories
6405,Adidas Dumbbell Set 332,2980.96,1,Fitness
6406,Anker USB Cable 697,2132.63,445,Accessories
6407,Milton Water Bottle 697,7444.10,421,Home
6408,Bajaj Iron 915,786.06,212,Home
6409,boAt Smartwatch 523,60558.79,28,Electronics
6410,Samsung Laptop 771,37964.31,245,Electronics
6411,Philips Mixer Grinder 330,7752.39,N/A,Home
6412,Decathlon Dumbbell Set 112,942.50,278,Fitness
6413,boAt Mobile 540,4546.52,201,Electronics
6414,Nivia Resistance Band 133,3431.84,8,Fitness
6415,Havells Fan 314,6569.56,477,Home
6416,Samsung Laptop 101,62713.07,494,Electronics
6417,Boldfit Skipping Rope 834,268.19,55,Fitness
6418,Samsung Smartwatch 185,20892.62,244,Electronics
6419,Prestige Kettle 737,6999.73,280,Home
6420,Anker Earbuds 582,2833.93,37,Accessories
6421,Prestige Iron 954,1628.17,466,Home
6422,Milton Water Bottle 521,2950.86,467,Home
6423,Nivia Dumbbell Set 727,4495.37,9,Fitness
6424,Ambrane Charger 385,559.85,280,Accessories
6425,Logitech Earbuds 753,345.45,120,Accessories
6426,Anker Mouse 663,3401.42,26,Accessories
6427,Lenovo Speaker 489,82923.75,354,Electronics
6428,Adidas Yoga Mat 111,2386.48,253,Fitness
6429,Milton Mixer Grinder 109,5494.17,119,Home
6430,Logitech Earbuds 472,free,474,Accessories
6431,Milton Lamp 177,5134.16,325,Home
6432,Xiaomi Smartwatch 222,55173.02,483,Electronics
6433,Nivia Resistance Band 239,4631.50,364,Fitness
6434,Nivia Skipping Rope 225,1313.34,277,Fitness
6435,Logitech Keyboard 628,2100.81,63,Accessories
6436,Nivia Skipping Rope 938,1161.38,86,Fitness
6437,Philips Fan 396,5307.20,141,Home
6438,Nivia Gym Bag 261,4733.83,61,Fitness
6439,Boldfit Dumbbell Set 537,3501.74,208,Fitness
6440,Philips Kettle 934,6507.65,12,Home
6441,Realme Laptop 253,48250.55,96,Electronics
6442,Havells Mixer Grinder 440,4322.38,207,Home
6443,Cosco Dumbbell Set 525,3049.58,208,Fitness
6444,Xiaomi Mobile 557,42570.42,155,Electronics
6445,Xiaomi Speaker 912,68718.68,166,Electronics
6446,Samsung Tablet 728,49274.57,104,Electronics
6447,Ambrane Mouse 486,3667.27,391,Accessories
6448,Decathlon Resistance Band 681,314.41,342,Fitness
6449,Philips Mixer Grinder 757,326.77,239,Home
6450,Adidas Resistance Band 998,3163.37,211,Fitness
6451,Portronics Keyboard 393,1397.33,211,Accessories
6452,Prestige Iron 971,762.20,314,Home
6453,Xiaomi Monitor 649,52991.43,391,Electronics
6454,Zebronics Mouse 291,1870.92,481,Accessories
6455,Anker Mouse 302,3083.83,250,Accessories
6456,Zebronics Power Bank 796,2543.79,293,Accessories
6457,boAt Tablet 526,64779.75,356,Electronics
6458,Logitech Power Bank 625,1493.01,33,Accessories
6459,Bajaj Water Bottle 865,-6006.91,429,Home
6460,Anker Power Bank 125,3221.39,361,Accessories
6461,Anker USB Cable 809,3867.52,293,Accessories
6462,Zebronics Earbuds 307,1390.81,175,Accessories
6463,Milton Fan 919,2824.51,468,Home
6464,boAt Smartwatch 835,62562.62,70,Electronics
6465,Zebronics USB Cable 881,2072.31,421,Accessories
6466,Ambrane Power Bank 843,934.45,260,Accessories
6467,Bajaj Fan 873,7136.10,445,Home
6468,boAt Monitor 972,7750.41,436,Electronics
6469,Havells Iron 368,7359.28,219,Home
6470,Havells Fan 418,5162.62,351,Home
6471,Portronics Power Bank 106,3054.96,266,Accessories
6472,Philips Water Bottle 963,3871.10,130,Home
6473,Adidas Gym Bag 384,3023.01,295,Fitness
6474,Realme Smartwatch 820,81532.16,215,Electronics
6475,Xiaomi Smartwatch 269,47157.98,118,Electronics
6476,Portronics Charger 507,,473,Accessories
6477,Lenovo Mobile 427,11427.02,45,Electronics
6478,Havells Water Bottle 295,7234.06,393,Home
6479,Philips Fan 896,2232.55,289,Home
6480,Zebronics Keyboard 469,3785.87,283,Accessories
6481,Prestige Iron 181,4244.59,233,Home
6482,Adidas Resistance Band 338,2128.08,443,Fitness
6483,Bajaj Fan 474,5753.89,330,Home
6484,Adidas Yoga Mat 844,2618.43,402,Fitness
6485,Prestige Mixer Grinder 406,670.28,363,Home
6486,Ambrane Keyboard 188,3398.79,162,Accessories
6487,Samsung Smartwatch 254,4022.25,89,Electronics
6488,Decathlon Gym Bag 335,4107.60,259,Fitness
6489,Prestige Kettle 659,2771.33,395,Home
6490,Zebronics Mouse 927,2975.11,471,Accessories
6491,Logitech Earbuds 712,534.52,250,Accessories
6492,Portronics Mouse 330,521.10,161,Accessories
6493,Zebronics Power Bank 550,3872.42,228,Accessories
6494,Nivia Gym Bag 988,-2588.55,348,Fitness
6495,Portronics Charger 744,3076.93,443,Accessories
6496,Boldfit Skipping Rope 409,3442.00,346,Fitness
6497,Realme Tablet 608,76023.51,393,Electronics
6498,Bajaj Kettle 530,7848.72,479,Home
6499,Ambrane Power Bank 802,2370.41,420,Accessories
6500,Boldfit Skipping Rope 820,2100.24,419,Fitness
6501,Havells Mixer Grinder 198,2784.02,268,Home
6502,Samsung Speaker 328,46650.04,355,Electronics
6503,Realme Laptop 982,15416.82,193,Electronics
6504,Decathlon Gym Bag 350,1302.86,398,Fitness
6505,Decathlon Resistance Band 245,220.12,52,Fitness
6506,Zebronics Charger 423,2061.06,143,Accessories
6507,boAt Tablet 789,7004.27,310,Electronics
6508,Lenovo Mobile 975,11667.12,97,Electronics
6509,Havells Iron 585,3241.28,60,Home
6510,Portronics USB Cable 830,1858.57,337,Accessories
6511,Lenovo Speaker 983,-41098.74,319,Electronics
6512,Portronics Earbuds 914,745.04,460,Accessories
6513,Boldfit Skipping Rope 263,3293.25,381,Fitness
6514,Nivia Resistance Band 193,4819.66,183,Fitness
6515,boAt Smartwatch 933,52233.49,186,Electronics
6516,Zebronics USB Cable 352,1335.08,483,Accessories
6517,Decathlon Dumbbell Set 381,1029.47,144,Fitness
6518,Logitech Earbuds 517,802.07,3,Accessories
6519,Milton Iron 688,3537.54,60,Home
6520,Lenovo Speaker 428,36308.52,351,Electronics
6521,Anker Keyboard 866,1256.06,421,Accessories
6522,Milton Lamp 828,5428.44,17,Home
6523,Prestige Lamp 453,2546.66,403,Home
6524,Adidas Resistance Band 400,1820.70,147,Fitness
6525,Boldfit Dumbbell Set 698,4332.03,20,Fitness
6526,Bajaj Kettle 697,4637.00,498,Home
6527,Realme Laptop 670,79690.09,351,Electronics
6528,Boldfit Skipping Rope 408,2064.66,47,Fitness
6529,Logitech Earbuds 229,161.11,433,Accessories
6530,Cosco Skipping Rope 315,1510.46,236,Fitness
6531,Milton Mixer Grinder 707,5999.16,271,Home
6532,Prestige Lamp 852,6186.50,0,Home
6533,Bajaj Mixer Grinder 847,2858.83,302,Home
6534,Zebronics Charger 938,3903.70,361,Accessories
6535,Nivia Skipping Rope 448,4663.39,164,Fitness
6536,Logitech Keyboard 571,3083.51,390,Accessories
6537,Havells Mixer Grinder 638,7053.47,389,Home
6538,Logitech Power Bank 259,291.41,276,Accessories
6539,Realme Speaker 884,69150.07,425,Electronics
6540,Portronics Charger 938,2861.83,329,Accessories
6541,Cosco Gym Bag 707,3680.96,140,Fitness
6542,Prestige Mixer Grinder 614,5249.81,55,Home
6543,Adidas Gym Bag 582,3837.21,483,Fitness
6544,Anker Mouse 104,1900.82,134,Accessories
6545,Zebronics Power Bank 746,3492.79,314,Accessories
6546,boAt Mobile 191,40542.64,154,Electronics
6547,Bajaj Kettle 689,531.10,258,Home
6548,Havells Lamp 964,555.38,315,Home
6549,Bajaj Fan 211,1060.04,17,Home
6550,Ambrane Earbuds 689,1176.13,434,Accessories
6551,Xiaomi Smartwatch 983,21819.17,121,Electronics
6552,Boldfit Resistance Band 274,624.90,274,Fitness
6553,Nivia Gym Bag 684,4533.33,462,Fitness
6554,boAt Tablet 292,81089.07,75,Electronics
6555,Ambrane Power Bank 514,1392.46,169,Accessories
6556,Samsung Speaker 292,57068.24,60,Electronics
6557,Philips Iron 301,594.77,346,Home
6558,Prestige Kettle 198,6618.05,409,Home
6559,Ambrane Keyboard 464,1240.48,228,Accessories
6560,Bajaj Iron 643,5538.74,201,Home
6561,Philips Kettle 820,1360.03,485,Home
6562,Prestige Kettle 545,4097.05,142,Home
6563,Portronics Mouse 609,1770.59,many,Accessories
6564,Milton Kettle 617,7532.99,155,Home
6565,Realme Smartwatch 258,61897.74,324,Electronics
6566,Philips Mixer Grinder 661,7879.80,201,Home
6567,Ambrane Earbuds 190,2673.83,113,Accessories
6568,Prestige Kettle 242,6865.95,246,Home
6569,Lenovo Laptop 499,9303.13,75,Electronics
6570,Havells Water Bottle 241,6830.84,72,Home
6571,Prestige Kettle 630,6639.52,145,Home
6572,Portronics USB Cable 199,2991.39,19,Accessories
6573,Lenovo Smartwatch 116,59937.21,488,Electronics
6574,Adidas Dumbbell Set 860,691.90,332,Fitness
6575,Decathlon Skipping Rope 839,3831.10,372,Fitness
6576,Cosco Resistance Band 486,1149.53,259,Fitness
6577,Xiaomi Monitor 240,57320.24,148,Electronics
6578,Realme Smartwatch 889,76369.44,226,Electronics
6579,Prestige Water Bottle 871,923.14,42,Home
6580,Boldfit Yoga Mat 228,3310.89,14,Fitness
6581,Boldfit Gym Bag 400,4469.11,4,Fitness
6582,Anker USB Cable 536,387.09,328,Accessories
6583,boAt Smartwatch 986,33321.22,219,Electronics
6584,Philips Lamp 507,3741.23,259,Home
6585,Xiaomi Laptop 828,87177.00,21,Electronics
6586,Havells Mixer Grinder 339,5491.41,0,Home
6587,Adidas Skipping Rope 559,761.32,358,Fitness
6588,Lenovo Speaker 776,31198.86,254,Electronics
6589,Zebronics Power Bank 256,650.51,2,Accessories
6590,Boldfit Resistance Band 102,425.08,26,Fitness
6591,Portronics Power Bank 231,545.48,49,Accessories
6592,Ambrane Power Bank 351,417.40,233,Accessories
6593,Milton Water Bottle 314,2834.91,357,Home
6594,Logitech Earbuds 376,1337.50,414,Accessories
6595,Ambrane Mouse 432,2210.06,429,Accessories
6596,Boldfit Skipping Rope 884,341.52,0,Fitness
6597,Portronics Power Bank 631,311.45,143,Accessories
6598,Anker Power Bank 162,1003.83,262,Accessories
6599,Prestige Kettle 348,1469.65,417,Home
6600,Samsung Speaker 103,82529.92,493,Electronics
6601,Bajaj Water Bottle 645,4871.68,251,Home
6602,Adidas Resistance Band 190,3649.31,318,Fitness
6603,Prestige Lamp 124,5675.48,105,Home
6604,Ambrane Charger 359,3336.48,232,Accessories
6605,Prestige Kettle 821,1142.59,96,Home
6606,Havells Lamp 562,1115.95,179,Home
6607,Havells Kettle 255,7444.46,12,Home
6608,Bajaj Water Bottle 813,5084.62,230,Home
6609,Milton Fan 794,7594.11,495,Home
6610,Zebronics Mouse 757,1788.55,280,Accessories
6611,Logitech Mouse 970,972.10,246,Accessories
6612,boAt Speaker 452,33436.61,284,Electronics
6613,Realme Smartwatch 490,13344.15,474,Electronics
6614,Portronics Charger 289,3820.16,430,Accessories
6615,Zebronics USB Cable 138,3861.67,58,Accessories
6616,Boldfit Skipping Rope 754,2893.66,238,Fitness
6617,Adidas Dumbbell Set 908,0,92,Fitness
6618,Havells Iron 996,5110.64,54,Home
6619,Adidas Dumbbell Set 991,881.29,318,Fitness
6620,Havells Fan 832,6656.75,494,Home
6621,Cosco Dumbbell Set 430,4517.84,337,Fitness
6622,Philips Mixer Grinder 476,2665.16,251,Home
6623,Prestige Kettle 466,2892.37,157,Home
6624,Prestige Water Bottle 957,1412.77,358,Home
6625,Nivia Dumbbell Set 111,4519.95,377,Fitness
6626,Philips Water Bottle 298,5652.60,387,Home
6627,Lenovo Speaker 713,77047.72,104,Electronics
6628,Ambrane Power Bank 461,2720.21,91,Accessories
6629,Nivia Gym Bag 242,1846.16,388,Fitness
6630,Prestige Water Bottle 594,557.66,361,Home
6631,Decathlon Skipping Rope 591,1049.32,238,Fitness
6632,Milton Iron 991,1390.58,469,Home
6633,Xiaomi Mobile 971,85965.47,170,Electronics
6634,Anker Mouse 269,644.31,136,Accessories
6635,Cosco Resistance Band 614,2416.06,271,Fitness
6636,Nivia Resistance Band 554,4122.10,411,Fitness
6637,Realme Tablet 103,30745.39,408,Electronics
6638,Zebronics Earbuds 864,3593.12,350,Accessories
6639,Nivia Gym Bag 640,3257.14,124,Fitness
6640,Lenovo Monitor 135,-66187.35,487,Electronics
6641,Havells Fan 702,880.49,290,Home
6642,Havells Kettle 448,460.34,421,Home
6643,Milton Iron 883,1526.26,202,Home
6644,Prestige Water Bottle 851,6806.34,N/A,Home
6645,Xiaomi Mobile 684,48964.02,72,Electronics
6646,Nivia Yoga Mat 555,4524.00,493,Fitness
6647,Xiaomi Speaker 618,60295.67,441,Electronics
6648,Bajaj Mixer Grinder 465,5197.07,375,Home
6649,Milton Lamp 938,2466.33,ten,Home
6650,Lenovo Mobile 916,40643.27,50,Electronics
6651,Portronics Charger 749,1721.09,288,Accessories
6652,Portronics USB Cable 287,3565.76,279,Accessories
6653,Prestige Mixer Grinder 428,1807.48,115,Home
6654,Milton Water Bottle 871,3825.71,85,Home
6655,Lenovo Monitor 155,12217.62,14,Electronics
6656,Ambrane USB Cable 692,2255.31,184,Accessories
6657,Bajaj Lamp 185,2108.56,252,Home
6658,Decathlon Dumbbell Set 158,3038.34,356,Fitness
6659,Prestige Mixer Grinder 674,2859.75,87,Home
6660,Samsung Laptop 999,4570.07,297,Electronics
6661,Adidas Yoga Mat 535,1882.49,69,Fitness
6662,Samsung Laptop 380,26426.61,296,Electronics
6663,Milton Iron 492,4267.14,463,Home
6664,Zebronics Charger 757,3852.62,51,Accessories
6665,Milton Water Bottle 469,506.07,178,Home
6666,Zebronics Power Bank 389,1913.69,10,Accessories
6667,Philips Iron 295,884.03,268,Home
6668,Ambrane Keyboard 842,1395.68,461,Accessories
6669,Boldfit Gym Bag 346,3859.02,376,Fitness
6670,Philips Kettle 725,4671.92,439,Home
6671,Prestige Iron 489,2843.36,336,Home
6672,Boldfit Skipping Rope 652,1502.83,323,Fitness
6673,Lenovo Laptop 921,63997.28,247,Electronics
6674,Realme Smartwatch 523,39106.03,430,Electronics
6675,Adidas Skipping Rope 324,2985.86,N/A,Fitness
6676,Adidas Dumbbell Set 351,838.95,112,Fitness
6677,Prestige Fan 560,3397.07,194,Home
6678,Zebronics Charger 751,449.58,334,Accessories
6679,Adidas Gym Bag 848,899.37,194,Fitness
6680,Anker USB Cable 382,2904.35,461,Accessories
6681,Boldfit Yoga Mat 295,377.98,312,Fitness
6682,boAt Smartwatch 743,0,59,Electronics
6683,Bajaj Lamp 534,6910.56,294,Home
6684,Lenovo Smartwatch 983,87535.33,69,Electronics
6685,Xiaomi Smartwatch 454,41224.92,340,Electronics
6686,Philips Fan 633,2124.16,114,Home
6687,Realme Speaker 427,28292.87,297,Electronics
6688,Prestige Fan 677,585.86,332,Home
6689,Zebronics Mouse 865,3795.10,461,Accessories
6690,Boldfit Resistance Band 406,2768.47,5,Fitness
6691,Portronics USB Cable 673,308.53,113,Accessories
6692,Ambrane USB Cable 952,2067.01,345,Accessories
6693,Havells Water Bottle 846,3922.70,277,Home
6694,Boldfit Yoga Mat 228,2866.15,359,Fitness
6695,Lenovo Tablet 426,48075.64,440,Electronics
6696,Decathlon Dumbbell Set 905,1773.23,320,Fitness
6697,Logitech Power Bank 257,3888.60,104,Accessories
6698,Boldfit Resistance Band 561,2868.69,313,Fitness
6699,Realme Monitor 836,4847.62,142,Electronics
6700,Cosco Yoga Mat 548,3519.88,291,Fitness
6701,Xiaomi Smartwatch 431,19891.18,480,Electronics
6702,Prestige Lamp 119,854.98,236,Home
6703,Adidas Skipping Rope 810,1229.94,470,Fitness
6704,Zebronics Mouse 562,2272.58,208,Accessories
6705,Logitech Power Bank 284,2689.66,483,Accessories
6706,Samsung Monitor 635,26240.83,104,Electronics
6707,Boldfit Gym Bag 958,2014.39,189,Fitness
6708,Bajaj Lamp 998,7643.95,292,Home
6709,Philips Lamp 315,1433.15,441,Home
6710,Milton Lamp 671,1102.81,276,Home
6711,Cosco Resistance Band 253,3652.93,383,Fitness
6712,Philips Iron 296,4484.71,492,Home
6713,Samsung Smartwatch 706,40029.56,351,Electronics
6714,Philips Water Bottle 229,1309.74,217,Home
6715,Zebronics Charger 399,242.96,472,Accessories
6716,Nivia Gym Bag 440,1591.25,134,Fitness
6717,Prestige Water Bottle 616,4251.99,459,Home
6718,Realme Laptop 401,68182.81,155,Electronics
6719,Realme Speaker 727,29506.74,278,Electronics
6720,Portronics Charger 199,3851.51,211,Accessories
6721,Logitech Earbuds 188,1821.14,299,Accessories
6722,Philips Kettle 747,6062.08,171,Home
6723,Samsung Smartwatch 681,53849.48,386,Electronics
6724,Nivia Gym Bag 119,1313.15,217,Fitness
6725,Portronics Power Bank 742,375.05,27,Accessories
6726,Logitech Keyboard 943,1463.91,337,Accessories
6727,Cosco Dumbbell Set 518,922.90,177,Fitness
6728,Cosco Skipping Rope 916,4903.28,348,Fitness
6729,Ambrane Keyboard 685,253.56,11,Accessories
6730,Samsung Tablet 752,85665.18,234,Electronics
6731,Havells Mixer Grinder 168,5304.58,454,Home
6732,boAt Monitor 778,81995.88,14,Electronics
6733,Lenovo Mobile 997,25772.84,278,Electronics
6734,Decathlon Skipping Rope 824,2378.15,441,Fitness
6735,Portronics Power Bank 284,639.80,277,Accessories
6736,Lenovo Laptop 415,15899.46,316,Electronics
6737,Adidas Yoga Mat 972,3771.82,250,Fitness
6738,Realme Smartwatch 534,19552.97,110,Electronics
6739,Ambrane USB Cable 158,2548.77,224,Accessories
6740,Decathlon Gym Bag 255,439.38,many,Fitness
6741,Milton Fan 258,343.47,21,Home
6742,Nivia Resistance Band 952,1461.45,439,Fitness
6743,Prestige Mixer Grinder 493,2439.48,94,Home
6744,Lenovo Mobile 572,84250.00,15,Electronics
6745,Cosco Yoga Mat 432,4856.68,120,Fitness
6746,Portronics USB Cable 873,2734.02,208,Accessories
6747,Ambrane Keyboard 615,3990.92,47,Accessories
6748,boAt Speaker 446,14091.83,304,Electronics
6749,Philips Mixer Grinder 234,3284.89,352,Home
6750,Samsung Mobile 662,67375.60,146,Electronics
6751,Adidas Gym Bag 447,907.06,488,Fitness
6752,Boldfit Resistance Band 354,3910.04,383,Fitness
6753,Realme Laptop 555,14729.69,5,Electronics
6754,Bajaj Mixer Grinder 339,5925.77,52,Home
6755,Philips Fan 209,1047.64,115,Home
6756,Adidas Skipping Rope 656,2135.58,38,Fitness
6757,Xiaomi Monitor 524,67422.28,212,Electronics
6758,Boldfit Gym Bag 556,3245.16,329,Fitness
6759,boAt Mobile 192,78914.17,105,Electronics
6760,Zebronics USB Cable 527,1382.78,63,Accessories
6761,Prestige Iron 290,1640.69,152,Home
6762,Anker USB Cable 333,2981.35,221,Accessories
6763,Adidas Gym Bag 263,3688.99,194,Fitness
6764,Zebronics Earbuds 848,3263.93,235,Accessories
6765,Decathlon Yoga Mat 982,4547.74,474,Fitness
6766,boAt Monitor 347,43886.76,414,Electronics
6767,Zebronics Power Bank 578,928.05,144,Accessories
6768,Havells Kettle 176,2749.04,484,Home
6769,Adidas Yoga Mat 489,,118,Fitness
6770,Havells Kettle 198,5386.60,26,Home
6771,Cosco Skipping Rope 884,4440.04,492,Fitness
6772,Xiaomi Speaker 940,78318.35,220,Electronics
6773,boAt Tablet 467,78262.33,353,Electronics
6774,Philips Water Bottle 270,3225.98,189,Home
6775,Prestige Iron 294,2872.18,0,Home
6776,Philips Kettle 921,-2467.94,259,Home
6777,Havells Iron 718,1832.19,383,Home
6778,Boldfit Yoga Mat 860,484.47,349,Fitness
6779,Prestige Kettle 141,2761.45,405,Home
6780,Portronics Power Bank 455,2850.77,268,Accessories
6781,Lenovo Tablet 375,26216.07,242,Electronics
6782,Havells Water Bottle 131,3924.27,83,Home
6783,Logitech Mouse 125,2006.42,32,Accessories
6784,Nivia Skipping Rope 786,free,196,Fitness
6785,Cosco Dumbbell Set 331,749.77,366,Fitness
6786,Logitech Power Bank 355,1894.69,28,Accessories
6787,Portronics USB Cable 892,2407.57,76,Accessories
6788,Samsung Smartwatch 592,25343.58,275,Electronics
6789,Lenovo Smartwatch 647,25514.67,212,Electronics
6790,boAt Smartwatch 398,39132.51,17,Electronics
6791,Cosco Yoga Mat 195,4422.39,44,Fitness
6792,Adidas Yoga Mat 915,4650.79,356,Fitness
6793,Xiaomi Smartwatch 727,41569.40,358,Electronics
6794,Xiaomi Smartwatch 977,14983.38,79,Electronics
6795,Havells Lamp 514,5199.19,488,Home
6796,Samsung Speaker 322,48129.78,99,Electronics
6797,Prestige Fan 758,7815.83,150,Home
6798,Boldfit Resistance Band 575,3867.03,444,Fitness
6799,Prestige Fan 738,4301.60,301,Home
6800,Adidas Yoga Mat 535,3720.69,272,Fitness
6801,Portronics USB Cable 394,3314.49,336,Accessories
6802,Prestige Mixer Grinder 842,4756.86,219,Home
6803,Realme Monitor 386,56536.32,379,Electronics
6804,Zebronics Earbuds 800,1838.18,213,Accessories
6805,boAt Monitor 238,26905.41,243,Electronics
6806,Decathlon Dumbbell Set 803,4009.55,0,Fitness
6807,Logitech Power Bank 982,482.93,111,Accessories
6808,Portronics Charger 928,1153.86,354,Accessories
6809,Prestige Iron 839,3024.97,96,Home
6810,Xiaomi Monitor 722,6266.43,441,Electronics
6811,Ambrane Charger 456,2868.99,480,Accessories
6812,Samsung Tablet 707,18669.71,300,Electronics
6813,boAt Mobile 310,45767.06,472,Electronics
6814,Zebronics Charger 626,TBD,103,Accessories
6815,Zebronics USB Cable 795,2433.60,234,Accessories
6816,Milton Lamp 624,3896.24,485,Home
6817,Milton Kettle 690,4668.86,419,Home
6818,Adidas Skipping Rope 749,1116.37,434,Fitness
6819,Ambrane Power Bank 518,1981.82,471,Accessories
6820,Logitech Power Bank 417,3220.59,236,Accessories
6821,Prestige Lamp 376,558.14,91,Home
6822,Philips Kettle 483,5944.43,96,Home
6823,Portronics Mouse 643,679.26,361,Accessories
6824,Zebronics Power Bank 426,3784.99,78,Accessories
6825,Havells Iron 198,5014.97,298,Home
6826,Havells Mixer Grinder 879,6887.41,62,Home
6827,Ambrane Power Bank 464,768.76,268,Accessories
6828,Xiaomi Mobile 383,14971.94,480,Electronics
6829,Logitech Power Bank 134,3736.23,320,Accessories
6830,Anker Power Bank 225,2916.77,477,Accessories
6831,Ambrane Earbuds 197,3455.02,32,Accessories
6832,Samsung Monitor 858,86084.71,315,Electronics
6833,Bajaj Lamp 987,6440.44,381,Home
6834,Cosco Gym Bag 822,4676.73,140,Fitness
6835,Zebronics Earbuds 174,1140.99,68,Accessories
6836,Anker Keyboard 486,979.58,16,Accessories
6837,Milton Iron 994,5459.10,341,Home
6838,Bajaj Iron 230,1127.45,402,Home
6839,Logitech Charger 835,498.85,221,Accessories
6840,Ambrane Charger 492,2368.82,ten,Accessories
6841,Cosco Gym Bag 532,3207.63,316,Fitness
6842,Xiaomi Tablet 928,47753.95,466,Electronics
6843,Samsung Laptop 941,49643.88,231,Electronics
6844,Xiaomi Mobile 659,63271.72,201,Electronics
6845,Prestige Water Bottle 230,6295.47,429,Home
6846,Lenovo Monitor 944,19519.60,435,Electronics
6847,Lenovo Monitor 788,55079.20,361,Electronics
6848,Zebronics Charger 471,3838.13,320,Accessories
6849,Milton Kettle 690,5375.51,252,Home
6850,Lenovo Laptop 675,76763.57,133,Electronics
6851,Lenovo Smartwatch 845,56847.41,10,Electronics
6852,Adidas Yoga Mat 277,410.81,406,Fitness
6853,Realme Speaker 984,77308.30,138,Electronics
6854,boAt Smartwatch 510,72149.06,303,Electronics
6855,Portronics Keyboard 176,1282.58,96,Accessories
6856,Portronics USB Cable 870,3639.23,427,Accessories
6857,Havells Mixer Grinder 384,5770.79,373,Home
6858,Boldfit Yoga Mat 165,4644.14,135,Fitness
6859,Realme Speaker 281,26498.27,281,Electronics
6860,Ambrane Mouse 177,639.66,390,Accessories
6861,Philips Water Bottle 126,643.50,55,Home
6862,Adidas Yoga Mat 624,4030.87,192,Fitness
6863,Portronics Keyboard 963,1696.02,41,Accessories
6864,Havells Lamp 792,5167.37,464,Home
6865,Philips Iron 391,7082.65,81,Home
6866,Boldfit Skipping Rope 503,1045.06,358,Fitness
6867,Realme Laptop 166,75534.99,237,Electronics
6868,Havells Fan 696,2399.35,359,Home
6869,Bajaj Lamp 454,0,443,Home
6870,Milton Mixer Grinder 720,7764.59,71,Home
6871,boAt Smartwatch 347,31971.88,465,Electronics
6872,Logitech Charger 863,3005.61,33,Accessories
6873,Lenovo Laptop 482,40354.12,497,Electronics
6874,Cosco Resistance Band 820,1087.74,325,Fitness
6875,boAt Speaker 497,40956.19,99,Electronics
6876,Portronics Power Bank 513,1283.56,289,Accessories
6877,Havells Water Bottle 124,1778.58,251,Home
6878,Logitech Keyboard 723,3364.61,271,Accessories
6879,Prestige Kettle 146,1699.01,82,Home
6880,Anker Keyboard 640,1429.47,207,Accessories
6881,boAt Speaker 156,10049.20,495,Electronics
6882,Bajaj Lamp 893,4195.59,26,Home
6883,Samsung Speaker 562,20297.56,88,Electronics
6884,Ambrane Earbuds 324,3414.06,470,Accessories
6885,Cosco Yoga Mat 182,-3832.25,467,Fitness
6886,Prestige Kettle 618,5748.07,443,Home
6887,Ambrane Power Bank 452,2376.50,359,Accessories
6888,Prestige Iron 292,479.34,0,Home
6889,Boldfit Skipping Rope 449,3219.70,27,Fitness
6890,Logitech Charger 545,2643.41,42,Accessories
6891,Adidas Dumbbell Set 248,1138.17,488,Fitness
6892,Decathlon Resistance Band 399,1213.60,250,Fitness
6893,Ambrane Earbuds 666,1103.98,308,Accessories
6894,Xiaomi Monitor 867,78011.65,490,Electronics
6895,Lenovo Laptop 994,31910.91,78,Electronics
6896,Samsung Smartwatch 488,11134.96,384,Electronics
6897,Bajaj Mixer Grinder 934,7444.09,421,Home
6898,Realme Monitor 862,43593.52,90,Electronics
6899,Boldfit Gym Bag 520,3871.18,270,Fitness
6900,Boldfit Yoga Mat 385,1220.65,233,Fitness
6901,Portronics USB Cable 138,645.59,17,Accessories
6902,boAt Mobile 496,34023.86,323,Electronics
6903,Milton Water Bottle 133,7537.54,337,Home
6904,Philips Kettle 800,2889.41,252,Home
6905,Anker Mouse 757,1769.42,144,Accessories
6906,Havells Iron 184,1018.72,191,Home
6907,Boldfit Resistance Band 533,3633.51,244,Fitness
6908,Milton Fan 161,4028.05,0,Home
6909,Portronics Keyboard 493,555.91,387,Accessories
6910,Anker Charger 737,2103.22,20,Accessories
6911,Realme Smartwatch 849,free,121,Electronics
6912,Milton Water Bottle 940,5187.81,384,Home
6913,boAt Smartwatch 264,69568.74,117,Electronics
6914,Decathlon Resistance Band 879,2252.45,ten,Fitness
6915,Zebronics Earbuds 140,3623.71,149,Accessories
6916,Boldfit Skipping Rope 999,595.30,213,Fitness
6917,Boldfit Resistance Band 842,1057.17,12,Fitness
6918,Nivia Gym Bag 512,3932.99,93,Fitness
6919,Zebronics Keyboard 836,2675.29,289,Accessories
6920,Anker Mouse 607,2560.07,25,Accessories
6921,Decathlon Yoga Mat 398,3258.37,394,Fitness
6922,Milton Kettle 208,6706.95,420,Home
6923,Logitech Charger 742,2911.22,424,Accessories
6924,Bajaj Water Bottle 783,4629.56,364,Home
6925,Havells Iron 806,6937.54,176,Home
6926,Nivia Yoga Mat 691,1437.46,268,Fitness
6927,Lenovo Mobile 838,41123.27,35,Electronics
6928,Adidas Resistance Band 217,2641.38,138,Fitness
6929,Cosco Dumbbell Set 929,393.51,151,Fitness
6930,Ambrane USB Cable 574,3364.06,345,Accessories
6931,Samsung Laptop 389,9415.23,130,Electronics
6932,Havells Kettle 964,6003.43,256,Home
6933,Bajaj Fan 656,2515.98,195,Home
6934,Ambrane USB Cable 227,1130.69,495,Accessories
6935,Boldfit Dumbbell Set 887,3580.88,37,Fitness
6936,Prestige Kettle 926,6864.11,352,Home
6937,Logitech Keyboard 519,2193.35,317,Accessories
6938,Philips Lamp 308,6170.10,278,Home
6939,Adidas Skipping Rope 648,256.88,147,Fitness
6940,boAt Tablet 525,22841.18,97,Electronics
6941,Lenovo Mobile 275,65853.98,410,Electronics
6942,Decathlon Dumbbell Set 902,334.29,302,Fitness
6943,boAt Monitor 315,20594.61,257,Electronics
6944,Portronics Charger 321,1679.23,65,Accessories
6945,Havells Mixer Grinder 194,4191.65,325,Home
6946,Bajaj Iron 221,3051.27,185,Home
6947,Portronics USB Cable 787,1542.56,98,Accessories
6948,Cosco Skipping Rope 361,2578.47,253,Fitness
6949,Lenovo Speaker 647,33167.11,432,Electronics
6950,Ambrane Mouse 308,3518.09,185,Accessories
6951,Xiaomi Monitor 144,4941.61,304,Electronics
6952,Milton Lamp 399,1576.25,476,Home
6953,Nivia Skipping Rope 954,2277.40,488,Fitness
6954,Samsung Laptop 960,28882.22,274,Electronics
6955,Realme Speaker 190,58355.00,281,Electronics
6956,Zebronics Power Bank 965,3861.55,77,Accessories
6957,Philips Water Bottle 310,5754.02,102,Home
6958,Decathlon Gym Bag 315,344.40,89,Fitness
6959,Lenovo Laptop 302,28155.16,265,Electronics
6960,Logitech USB Cable 136,3870.23,48,Accessories
6961,Ambrane Keyboard 197,1018.37,368,Accessories
6962,Boldfit Skipping Rope 875,1569.23,92,Fitness
6963,Lenovo Tablet 539,54703.36,162,Electronics
6964,Cosco Resistance Band 808,4628.94,463,Fitness
6965,Boldfit Yoga Mat 916,3115.43,135,Fitness
6966,Boldfit Yoga Mat 247,3219.47,233,Fitness
6967,Boldfit Skipping Rope 442,1087.23,156,Fitness
6968,Ambrane Earbuds 642,3590.48,288,Accessories
6969,Xiaomi Tablet 688,10233.22,109,Electronics
6970,Logitech Power Bank 513,1601.71,293,Accessories
6971,Zebronics Earbuds 773,3734.67,150,Accessories
6972,Lenovo Speaker 838,61120.61,117,Electronics
6973,Havells Kettle 363,4387.56,468,Home
6974,Anker USB Cable 712,152.09,129,Accessories
6975,Lenovo Monitor 877,84973.16,6,Electronics
6976,Havells Kettle 121,2662.03,2,Home
6977,Zebronics Keyboard 422,473.55,355,Accessories
6978,Bajaj Water Bottle 929,3079.41,132,Home
6979,Nivia Gym Bag 471,1369.84,342,Fitness
6980,Nivia Skipping Rope 299,4813.69,65,Fitness
6981,Bajaj Kettle 611,1585.28,294,Home
6982,Zebronics Mouse 257,634.68,473,Accessories
6983,Philips Fan 826,7163.25,475,Home
6984,Logitech Earbuds 233,3813.25,340,Accessories
6985,Philips Mixer Grinder 541,5413.42,194,Home
6986,Realme Mobile 840,46623.17,286,Electronics
6987,Cosco Dumbbell Set 934,2289.09,396,Fitness
6988,Boldfit Dumbbell Set 984,4969.19,287,Fitness
6989,Milton Kettle 296,1679.50,103,Home
6990,Cosco Gym Bag 497,2733.03,313,Fitness
6991,Anker Power Bank 582,3963.30,48,Accessories
6992,Boldfit Yoga Mat 528,4126.29,306,Fitness
6993,boAt Mobile 473,62425.28,28,Electronics
6994,Logitech Earbuds 100,1646.85,126,Accessories
6995,Lenovo Speaker 932,48795.07,148,Electronics
6996,Realme Laptop 566,64729.52,461,Electronics
6997,Havells Water Bottle 804,4515.13,378,Home
6998,Ambrane Earbuds 318,2901.73,244,Accessories
6999,Lenovo Tablet 621,46145.54,231,Electronics
7000,Logitech USB Cable 749,2466.69,291,Accessories
7001,Logitech Keyboard 891,3155.85,393,Accessories
7002,Ambrane Keyboard 556,3850.56,294,Accessories
7003,Adidas Skipping Rope 920,446.18,442,Fitness
7004,Anker Mouse 754,1289.74,122,Accessories
7005,Samsung Mobile 765,20516.83,408,Electronics
7006,Ambrane Power Bank 765,3133.14,161,Accessories
7007,Xiaomi Monitor 469,35858.82,38,Electronics
7008,Realme Tablet 601,52806.92,22,Electronics
7009,Prestige Kettle 316,5658.67,267,Home
7010,Samsung Speaker 164,53601.42,492,Electronics
7011,Xiaomi Smartwatch 286,59276.47,26,Electronics
7012,Realme Speaker 666,24270.73,213,Electronics
7013,Lenovo Speaker 836,9654.34,246,Electronics
7014,Anker Power Bank 826,1304.58,131,Accessories
7015,Cosco Resistance Band 513,3864.91,223,Fitness
7016,Adidas Resistance Band 147,3374.49,125,Fitness
7017,Portronics Keyboard 181,2554.89,121,Accessories
7018,Samsung Mobile 830,61086.81,136,Electronics
7019,Zebronics Earbuds 751,1485.22,454,Accessories
7020,Realme Mobile 601,-24205.12,330,Electronics
7021,Ambrane Earbuds 711,2235.04,6,Accessories
7022,Boldfit Resistance Band 990,1997.41,470,Fitness
7023,Xiaomi Laptop 215,19370.02,195,Electronics
7024,Bajaj Water Bottle 600,7020.96,108,Home
7025,Nivia Resistance Band 798,2367.19,456,Fitness
7026,boAt Mobile 814,64804.91,189,Electronics
7027,Decathlon Yoga Mat 847,3281.95,189,Fitness
7028,Samsung Tablet 358,26644.55,ten,Electronics
7029,Philips Lamp 409,3834.28,347,Home
7030,Xiaomi Smartwatch 980,47737.09,39,Electronics
7031,Nivia Dumbbell Set 260,3273.58,230,Fitness
7032,Milton Mixer Grinder 214,3787.09,286,Home
7033,Lenovo Tablet 847,86124.98,245,Electronics
7034,Nivia Gym Bag 854,2760.78,187,Fitness
7035,Prestige Mixer Grinder 586,3799.82,417,Home
7036,Milton Lamp 905,3153.49,420,Home
7037,Zebronics USB Cable 484,1739.37,483,Accessories
7038,Adidas Skipping Rope 940,3756.54,29,Fitness
7039,Xiaomi Speaker 999,38118.62,311,Electronics
7040,Havells Kettle 501,1759.84,137,Home
7041,Havells Lamp 980,4233.71,381,Home
7042,Ambrane Keyboard 350,233.06,233,Accessories
7043,Zebronics USB Cable 915,3958.85,368,Accessories
7044,Lenovo Monitor 720,46976.13,411,Electronics
7045,Ambrane Power Bank 506,1336.54,266,Accessories
7046,Zebronics Keyboard 218,2089.99,390,Accessories
7047,Havells Lamp 772,2036.99,71,Home
7048,Philips Water Bottle 312,6428.99,145,Home
7049,Cosco Gym Bag 645,1413.78,338,Fitness
7050,Samsung Monitor 207,74830.48,86,Electronics
7051,Ambrane Earbuds 291,2844.87,435,Accessories
7052,Nivia Gym Bag 115,4968.19,56,Fitness
7053,Prestige Iron 930,4808.91,71,Home
7054,Havells Lamp 782,5230.04,429,Home
7055,Ambrane Mouse 659,1167.95,469,Accessories
7056,Realme Mobile 540,8574.62,181,Electronics
7057,Cosco Resistance Band 864,2113.98,486,Fitness
7058,Zebronics Earbuds 913,3575.08,62,Accessories
7059,Adidas Resistance Band 877,2406.40,244,Fitness
7060,Decathlon Dumbbell Set 191,774.72,389,Fitness
7061,Prestige Kettle 746,4046.91,376,Home
7062,Logitech Mouse 960,2368.53,419,Accessories
7063,Portronics Mouse 107,1679.15,469,Accessories
7064,Milton Lamp 538,7977.14,129,Home
7065,Xiaomi Smartwatch 985,22539.06,303,Electronics
7066,Realme Mobile 410,77716.27,228,Electronics
7067,Havells Water Bottle 521,6622.71,336,Home
7068,Realme Smartwatch 926,43991.21,304,Electronics
7069,Realme Mobile 290,29899.91,76,Electronics
7070,Havells Iron 991,6018.75,58,Home
7071,Nivia Dumbbell Set 155,4502.75,379,Fitness
7072,Philips Mixer Grinder 959,6086.74,119,Home
7073,Ambrane Keyboard 905,471.52,267,Accessories
7074,Adidas Yoga Mat 565,266.81,189,Fitness
7075,Ambrane Keyboard 872,3854.00,246,Accessories
7076,Xiaomi Laptop 153,33296.80,419,Electronics
7077,Portronics USB Cable 749,3786.62,469,Accessories
7078,Lenovo Mobile 994,49567.20,404,Electronics
7079,Nivia Gym Bag 469,1099.11,35,Fitness
7080,Ambrane Power Bank 522,1773.72,13,Accessories
7081,boAt Laptop 585,29212.57,178,Electronics
7082,Lenovo Monitor 393,85586.48,322,Electronics
7083,Philips Lamp 221,5569.09,456,Home
7084,Realme Tablet 326,53124.07,99,Electronics
7085,Xiaomi Mobile 605,24021.70,112,Electronics
7086,Realme Monitor 421,85603.21,340,Electronics
7087,Havells Fan 546,853.95,160,Home
7088,Decathlon Yoga Mat 964,875.03,131,Fitness
7089,Havells Mixer Grinder 144,4906.99,465,Home
7090,boAt Speaker 968,45388.66,329,Electronics
7091,Zebronics Charger 460,3401.18,182,Accessories
7092,Havells Water Bottle 472,1543.34,181,Home
7093,Havells Kettle 146,7442.52,392,Home
7094,Havells Fan 727,877.82,406,Home
7095,Logitech Charger 841,1577.72,197,Accessories
7096,Milton Water Bottle 721,1100.53,429,Home
7097,Realme Tablet 227,78458.65,410,Electronics
7098,Samsung Smartwatch 685,16091.23,377,Electronics
7099,Xiaomi Smartwatch 557,54392.29,39,Electronics
7100,Ambrane Power Bank 974,1464.77,420,Accessories
7101,Boldfit Skipping Rope 216,4682.33,406,Fitness
7102,Realme Monitor 446,32834.58,288,Electronics
7103,Logitech USB Cable 218,1875.64,388,Accessories
7104,Milton Water Bottle 149,5662.54,237,Home
7105,Anker Keyboard 838,279.35,345,Accessories
7106,boAt Speaker 826,79135.29,95,Electronics
7107,Decathlon Yoga Mat 223,1402.11,69,Fitness
7108,Xiaomi Monitor 507,87928.49,56,Electronics
7109,Logitech Earbuds 223,3181.66,298,Accessories
7110,Realme Speaker 132,41729.20,280,Electronics
7111,Realme Smartwatch 460,9909.03,17,Electronics
7112,Boldfit Skipping Rope 641,1799.93,362,Fitness
7113,Logitech Power Bank 433,1860.34,377,Accessories
7114,Prestige Mixer Grinder 112,6794.61,323,Home
7115,Nivia Skipping Rope 357,1638.81,484,Fitness
7116,Xiaomi Speaker 711,51387.06,48,Electronics
7117,boAt Tablet 563,25533.64,77,Electronics
7118,Samsung Monitor 437,57361.32,0,Electronics
7119,Cosco Gym Bag 485,1850.19,86,Fitness
7120,Ambrane Power Bank 227,2336.80,249,Accessories
7121,Decathlon Dumbbell Set 771,2573.01,353,Fitness
7122,Prestige Water Bottle 435,1080.80,251,Home
7123,Nivia Gym Bag 602,2060.67,382,Fitness
7124,Zebronics Mouse 783,324.59,188,Accessories
7125,Logitech Charger 810,-2125.41,203,Accessories
7126,Lenovo Laptop 883,5073.08,94,Electronics
7127,Bajaj Lamp 163,4675.19,480,Home
7128,Bajaj Mixer Grinder 436,5554.13,51,Home
7129,Ambrane Earbuds 823,543.23,67,Accessories
7130,Decathlon Resistance Band 700,3051.41,283,Fitness
7131,Milton Kettle 674,2096.86,123,Home
7132,Xiaomi Smartwatch 566,9537.59,7,Electronics
7133,Nivia Resistance Band 139,3741.41,291,Fitness
7134,Bajaj Kettle 961,698.39,120,Home
7135,Adidas Resistance Band 234,3951.88,481,Fitness
7136,Decathlon Dumbbell Set 735,1901.20,0,Fitness
7137,Anker Mouse 501,884.31,166,Accessories
7138,Zebronics Power Bank 659,2891.70,296,Accessories
7139,Realme Speaker 471,45238.57,72,Electronics
7140,Decathlon Dumbbell Set 755,3523.32,139,Fitness
7141,Bajaj Iron 162,5897.68,323,Home
7142,boAt Mobile 825,36827.90,26,Electronics
7143,Lenovo Tablet 823,43609.08,47,Electronics
7144,Anker USB Cable 460,2724.40,0,Accessories
7145,Philips Mixer Grinder 938,1156.48,194,Home
7146,Portronics Mouse 363,657.38,458,Accessories
7147,Ambrane Charger 154,1710.36,472,Accessories
7148,Adidas Gym Bag 363,855.45,455,Fitness
7149,Havells Kettle 947,2224.44,397,Home
7150,Prestige Fan 352,5909.71,322,Home
7151,Anker Keyboard 299,2121.14,184,Accessories
7152,boAt Mobile 396,34762.21,403,Electronics
7153,Bajaj Water Bottle 760,5890.12,343,Home
7154,Xiaomi Mobile 722,16311.97,135,Electronics
7155,Logitech Keyboard 820,2819.65,139,Accessories
7156,Nivia Resistance Band 769,3494.23,492,Fitness
7157,Philips Lamp 806,6791.89,88,Home
7158,Lenovo Laptop 250,33356.70,371,Electronics
7159,Milton Kettle 783,4917.01,352,Home
7160,Boldfit Yoga Mat 965,838.55,490,Fitness
7161,Portronics Power Bank 392,604.61,many,Accessories
7162,Lenovo Monitor 747,78233.94,233,Electronics
7163,Ambrane Power Bank 702,1102.29,109,Accessories
7164,Nivia Gym Bag 571,475.98,169,Fitness
7165,Lenovo Monitor 335,82658.65,230,Electronics
7166,Philips Lamp 371,6727.98,154,Home
7167,Nivia Yoga Mat 429,1105.05,324,Fitness
7168,Logitech Charger 771,3178.58,135,Accessories
7169,Nivia Yoga Mat 127,1358.89,274,Fitness
7170,Samsung Speaker 834,79960.33,366,Electronics
7171,Portronics Power Bank 681,2681.62,377,Accessories
7172,Boldfit Resistance Band 655,359.72,264,Fitness
7173,boAt Smartwatch 146,82036.23,262,Electronics
7174,Philips Lamp 836,3984.58,404,Home
7175,Realme Laptop 831,79621.49,237,Electronics
7176,Realme Smartwatch 821,53605.05,0,Electronics
7177,Philips Kettle 719,3999.97,52,Home
7178,Zebronics USB Cable 453,2028.23,113,Accessories
7179,Xiaomi Mobile 178,79100.00,30,Electronics
7180,Prestige Kettle 340,4690.81,108,Home
7181,Boldfit Resistance Band 827,2163.84,431,Fitness
7182,Nivia Resistance Band 930,399.63,432,Fitness
7183,Cosco Dumbbell Set 223,1500.40,370,Fitness
7184,Xiaomi Tablet 511,8400.27,116,Electronics
7185,Realme Mobile 581,71361.13,18,Electronics
7186,Philips Lamp 132,6361.28,27,Home
7187,Adidas Resistance Band 545,858.11,5,Fitness
7188,Portronics Earbuds 132,1542.40,395,Accessories
7189,Cosco Dumbbell Set 554,3585.22,366,Fitness
7190,Portronics USB Cable 386,2524.61,195,Accessories
7191,Logitech Power Bank 634,2643.62,272,Accessories
7192,Xiaomi Speaker 332,23122.77,158,Electronics
7193,boAt Speaker 689,69228.53,273,Electronics
7194,Lenovo Tablet 446,19376.58,351,Electronics
7195,Realme Monitor 122,85759.69,101,Electronics
7196,Xiaomi Speaker 310,15088.52,285,Electronics
7197,Nivia Dumbbell Set 623,639.22,457,Fitness
7198,Samsung Monitor 271,89896.25,281,Electronics
7199,Xiaomi Tablet 431,52632.38,30,Electronics
7200,Milton Kettle 714,2158.30,332,Home
7201,Ambrane Power Bank 195,2012.37,55,Accessories
7202,Lenovo Mobile 272,16070.60,368,Electronics
7203,Xiaomi Laptop 653,27845.64,129,Electronics
7204,boAt Smartwatch 735,34416.36,384,Electronics
7205,Havells Iron 223,578.60,295,Home
7206,Cosco Dumbbell Set 402,4408.36,310,Fitness
7207,Xiaomi Monitor 463,30219.76,131,Electronics
7208,Boldfit Resistance Band 527,4566.78,N/A,Fitness
7209,Milton Mixer Grinder 166,3659.44,45,Home
7210,Boldfit Skipping Rope 989,1799.99,175,Fitness
7211,Portronics Mouse 135,1613.75,7,Accessories
7212,Samsung Smartwatch 777,14105.79,N/A,Electronics
7213,Prestige Fan 806,810.39,254,Home
7214,Adidas Dumbbell Set 313,348.77,168,Fitness
7215,Adidas Resistance Band 366,3941.70,319,Fitness
7216,Philips Fan 200,6174.60,197,Home
7217,Prestige Fan 390,2749.36,91,Home
7218,Milton Kettle 871,5379.68,460,Home
7219,Portronics Mouse 222,3386.59,234,Accessories
7220,Logitech Mouse 261,1056.55,417,Accessories
7221,Cosco Yoga Mat 761,216.35,424,Fitness
7222,Boldfit Resistance Band 973,3461.03,221,Fitness
7223,Bajaj Mixer Grinder 761,6561.52,344,Home
7224,Philips Water Bottle 692,6921.57,66,Home
7225,Nivia Resistance Band 259,418.82,390,Fitness
7226,Realme Mobile 727,37300.09,225,Electronics
7227,Xiaomi Monitor 519,64045.24,45,Electronics
7228,Lenovo Mobile 428,37220.43,482,Electronics
7229,Zebronics Earbuds 457,893.68,0,Accessories
7230,boAt Laptop 600,20605.97,200,Electronics
7231,Philips Kettle 432,981.76,155,Home
7232,boAt Smartwatch 968,29952.33,156,Electronics
7233,Decathlon Yoga Mat 733,1102.44,76,Fitness
7234,Philips Mixer Grinder 814,5371.90,76,Home
7235,Havells Mixer Grinder 330,,103,Home
7236,Adidas Yoga Mat 854,2408.98,47,Fitness
7237,Samsung Laptop 163,80749.01,265,Electronics
7238,Portronics USB Cable 466,493.37,367,Accessories
7239,Cosco Yoga Mat 580,618.12,204,Fitness
7240,Zebronics Power Bank 681,3589.17,280,Accessories
7241,Lenovo Smartwatch 961,83690.36,387,Electronics
7242,Milton Lamp 510,2680.74,153,Home
7243,Ambrane USB Cable 975,1095.74,88,Accessories
7244,Philips Iron 211,5279.18,54,Home
7245,Philips Lamp 776,4492.65,137,Home
7246,Boldfit Gym Bag 595,4353.25,177,Fitness
7247,Anker Earbuds 370,3664.95,50,Accessories
7248,Milton Fan 737,5863.80,388,Home
7249,Philips Iron 959,1280.40,212,Home
7250,Lenovo Monitor 428,62685.81,159,Electronics
7251,Milton Mixer Grinder 415,7823.34,402,Home
7252,Realme Mobile 451,61045.83,241,Electronics
7253,Philips Water Bottle 952,2949.86,460,Home
7254,Havells Iron 286,6864.11,479,Home
7255,Adidas Skipping Rope 483,0,359,Fitness
7256,Portronics Keyboard 355,3556.10,292,Accessories
7257,Zebronics Power Bank 660,2282.03,29,Accessories
7258,Adidas Yoga Mat 968,3146.37,247,Fitness
7259,boAt Laptop 107,45784.09,242,Electronics
7260,Adidas Yoga Mat 216,1661.34,239,Fitness
7261,Portronics Earbuds 997,2367.65,233,Accessories
7262,Adidas Resistance Band 235,4611.85,4,Fitness
7263,Adidas Gym Bag 274,3571.17,304,Fitness
7264,Ambrane USB Cable 344,2518.48,336,Accessories
7265,Cosco Skipping Rope 251,1986.13,417,Fitness
7266,Prestige Water Bottle 932,2308.19,76,Home
7267,Decathlon Skipping Rope 191,3402.66,410,Fitness
7268,Xiaomi Speaker 633,63200.75,471,Electronics
7269,Cosco Skipping Rope 676,4076.26,328,Fitness
7270,Zebronics USB Cable 625,484.11,488,Accessories
7271,Logitech Keyboard 588,1384.37,443,Accessories
7272,boAt Monitor 437,85517.49,67,Electronics
7273,Zebronics Earbuds 443,2583.28,66,Accessories
7274,Portronics Power Bank 970,free,326,Accessories
7275,Cosco Dumbbell Set 192,4806.01,166,Fitness
7276,Milton Iron 172,7586.54,41,Home
7277,boAt Monitor 837,26426.57,214,Electronics
7278,Boldfit Dumbbell Set 296,542.65,459,Fitness
7279,Lenovo Speaker 694,52165.58,365,Electronics
7280,Philips Lamp 819,6965.73,303,Home
7281,Bajaj Water Bottle 271,6732.26,387,Home
7282,Milton Water Bottle 189,2672.26,111,Home
7283,Milton Water Bottle 359,3740.51,255,Home
7284,boAt Laptop 857,0,251,Electronics
7285,Nivia Resistance Band 742,3166.92,280,Fitness
7286,Xiaomi Mobile 378,23780.45,384,Electronics
7287,Cosco Dumbbell Set 957,1684.66,429,Fitness
7288,Portronics Earbuds 732,880.84,N/A,Accessories
7289,Lenovo Smartwatch 557,42122.38,0,Electronics
7290,Boldfit Gym Bag 868,921.85,195,Fitness
7291,Lenovo Mobile 158,30695.08,189,Electronics
7292,Milton Fan 566,6746.57,76,Home
7293,Logitech Earbuds 355,2527.81,144,Accessories
7294,Cosco Resistance Band 694,2286.69,110,Fitness
7295,Samsung Tablet 730,60805.83,148,Electronics
7296,Nivia Resistance Band 312,2102.39,500,Fitness
7297,Anker Earbuds 322,1660.97,0,Accessories
7298,Adidas Skipping Rope 204,255.75,198,Fitness
7299,Anker Mouse 460,2345.92,183,Accessories
7300,Anker USB Cable 888,743.53,276,Accessories
7301,Cosco Resistance Band 781,4765.20,475,Fitness
7302,Logitech Mouse 851,260.86,82,Accessories
7303,Havells Mixer Grinder 358,4056.73,150,Home
7304,Cosco Gym Bag 877,3366.85,391,Fitness
7305,Nivia Yoga Mat 497,270.91,170,Fitness
7306,Nivia Yoga Mat 201,3983.86,321,Fitness
7307,boAt Mobile 989,9207.30,37,Electronics
7308,Adidas Gym Bag 355,4302.09,49,Fitness
7309,Havells Fan 882,1672.16,57,Home
7310,Milton Mixer Grinder 812,1820.61,245,Home
7311,Decathlon Gym Bag 321,880.44,204,Fitness
7312,Decathlon Gym Bag 130,560.06,490,Fitness
7313,Logitech Earbuds 730,1399.33,67,Accessories
7314,Adidas Yoga Mat 428,1088.88,369,Fitness
7315,Adidas Yoga Mat 476,401.40,396,Fitness
7316,Realme Mobile 313,72740.84,3,Electronics
7317,Anker Keyboard 598,1154.14,432,Accessories
7318,Portronics Earbuds 822,1191.36,55,Accessories
7319,Decathlon Resistance Band 916,3769.97,272,Fitness
7320,Milton Fan 563,3468.62,269,Home
7321,Prestige Fan 437,1404.75,291,Home
7322,Boldfit Yoga Mat 427,1530.71,77,Fitness
7323,Adidas Skipping Rope 439,4516.23,493,Fitness
7324,Portronics Charger 929,1127.10,46,Accessories
7325,Ambrane Earbuds 387,-383.14,436,Accessories
7326,Milton Iron 559,5726.10,318,Home
7327,Lenovo Laptop 209,47190.58,471,Electronics
7328,Boldfit Resistance Band 104,2136.29,20,Fitness
7329,Philips Water Bottle 600,3040.41,136,Home
7330,Realme Tablet 742,66950.81,260,Electronics
7331,Logitech USB Cable 435,535.03,191,Accessories
7332,Cosco Yoga Mat 875,3720.54,373,Fitness
7333,Logitech USB Cable 406,2252.06,475,Accessories
7334,Zebronics Charger 779,1569.42,459,Accessories
7335,boAt Tablet 726,free,258,Electronics
7336,Ambrane Power Bank 534,367.61,100,Accessories
7337,boAt Speaker 314,59817.30,386,Electronics
7338,Prestige Lamp 680,1943.88,212,Home
7339,Xiaomi Mobile 518,34031.26,311,Electronics
7340,Prestige Mixer Grinder 971,7082.25,485,Home
7341,Nivia Skipping Rope 656,1501.26,289,Fitness
7342,Xiaomi Monitor 517,49107.78,465,Electronics
7343,Milton Iron 510,6075.89,107,Home
7344,Philips Kettle 385,4832.84,417,Home
7345,Decathlon Gym Bag 519,4682.57,178,Fitness
7346,Adidas Yoga Mat 703,4224.50,143,Fitness
7347,Bajaj Kettle 288,2087.23,341,Home
7348,Bajaj Lamp 432,7767.23,486,Home
7349,Bajaj Lamp 949,2986.22,324,Home
7350,Havells Fan 905,1333.86,390,Home
7351,Nivia Resistance Band 997,1777.37,405,Fitness
7352,boAt Tablet 271,25786.42,134,Electronics
7353,Xiaomi Laptop 872,79967.43,317,Electronics
7354,Xiaomi Monitor 430,66434.85,25,Electronics
7355,Havells Lamp 591,6000.72,427,Home
7356,Boldfit Resistance Band 640,4229.58,479,Fitness
7357,Prestige Lamp 429,3479.12,193,Home
7358,Xiaomi Laptop 450,89322.58,83,Electronics
7359,Decathlon Dumbbell Set 980,4821.89,347,Fitness
7360,Bajaj Iron 274,0,142,Home
7361,Bajaj Fan 543,695.77,495,Home
7362,Bajaj Fan 262,7949.41,104,Home
7363,Zebronics Keyboard 373,1356.91,310,Accessories
7364,Boldfit Skipping Rope 981,4099.47,ten,Fitness
7365,Prestige Mixer Grinder 967,6152.96,36,Home
7366,boAt Laptop 233,14131.22,6,Electronics
7367,Portronics Keyboard 769,1390.62,271,Accessories
7368,Philips Kettle 937,462.06,202,Home
7369,Anker USB Cable 812,2850.76,489,Accessories
7370,Prestige Lamp 406,2479.98,71,Home
7371,boAt Tablet 107,-33475.56,315,Electronics
7372,Boldfit Gym Bag 912,2510.19,326,Fitness
7373,boAt Laptop 920,46216.43,350,Electronics
7374,Anker Power Bank 398,1877.98,223,Accessories
7375,Cosco Resistance Band 709,2604.68,229,Fitness
7376,Milton Iron 584,7756.05,419,Home
7377,Lenovo Mobile 901,60555.43,296,Electronics
7378,Anker Earbuds 365,3633.09,360,Accessories
7379,Logitech Power Bank 240,1175.22,96,Accessories
7380,Anker USB Cable 611,3035.13,317,Accessories
7381,Bajaj Water Bottle 742,4347.08,311,Home
7382,boAt Smartwatch 164,24505.80,57,Electronics
7383,Decathlon Yoga Mat 570,4066.16,211,Fitness
7384,Adidas Skipping Rope 507,1608.67,16,Fitness
7385,Havells Fan 920,4258.03,75,Home
7386,Prestige Iron 479,2212.16,190,Home
7387,Boldfit Gym Bag 710,4901.54,375,Fitness
7388,Ambrane Power Bank 278,613.25,8,Accessories
7389,Prestige Kettle 637,1722.78,309,Home
7390,Xiaomi Monitor 301,76394.20,135,Electronics
7391,Philips Fan 890,1024.47,72,Home
7392,Nivia Dumbbell Set 952,577.31,306,Fitness
7393,Ambrane Power Bank 233,3796.37,333,Accessories
7394,Cosco Yoga Mat 859,4946.74,160,Fitness
7395,Ambrane Earbuds 628,1307.00,416,Accessories
7396,Anker USB Cable 564,1140.57,146,Accessories
7397,Lenovo Tablet 817,4395.90,425,Electronics
7398,Anker USB Cable 259,513.01,71,Accessories
7399,Bajaj Lamp 361,5940.30,246,Home
7400,Cosco Dumbbell Set 345,963.49,29,Fitness
7401,Decathlon Gym Bag 808,2177.75,20,Fitness
7402,Zebronics Power Bank 712,2590.81,171,Accessories
7403,Bajaj Water Bottle 326,1244.20,111,Home
7404,Portronics Power Bank 943,1285.37,186,Accessories
7405,Boldfit Resistance Band 365,2776.83,444,Fitness
7406,Boldfit Gym Bag 185,3984.57,27,Fitness
7407,Milton Water Bottle 888,6893.24,many,Home
7408,Portronics Charger 368,416.45,415,Accessories
7409,boAt Speaker 652,21508.49,17,Electronics
7410,Cosco Gym Bag 650,4299.40,79,Fitness
7411,Xiaomi Mobile 208,36874.78,295,Electronics
7412,Lenovo Speaker 879,25493.60,230,Electronics
7413,Anker USB Cable 209,1433.23,399,Accessories
7414,Lenovo Monitor 229,69193.46,414,Electronics
7415,Anker Earbuds 615,1222.02,84,Accessories
7416,Realme Speaker 663,36426.90,199,Electronics
7417,Samsung Monitor 377,88069.46,1,Electronics
7418,Ambrane Power Bank 239,606.00,174,Accessories
7419,Portronics Keyboard 621,3631.82,132,Accessories
7420,Nivia Skipping Rope 246,4904.62,250,Fitness
7421,Boldfit Yoga Mat 920,1124.77,478,Fitness
7422,Prestige Lamp 158,5378.69,189,Home
7423,Havells Lamp 170,6468.04,104,Home
7424,Bajaj Iron 102,3025.01,373,Home
7425,Lenovo Mobile 362,63494.11,20,Electronics
7426,Prestige Mixer Grinder 383,3270.01,361,Home
7427,Nivia Resistance Band 482,2634.09,462,Fitness
7428,Milton Mixer Grinder 950,5006.60,494,Home
7429,Zebronics Earbuds 934,3910.16,136,Accessories
7430,Philips Iron 576,1429.11,205,Home
7431,Samsung Laptop 740,72782.86,40,Electronics
7432,Nivia Resistance Band 669,2355.84,458,Fitness
7433,Milton Fan 986,4987.60,5,Home
7434,Samsung Mobile 765,89601.24,9,Electronics
7435,Philips Iron 776,1884.47,363,Home
7436,Decathlon Resistance Band 870,3587.09,196,Fitness
7437,Milton Kettle 288,3613.21,431,Home
7438,Bajaj Mixer Grinder 184,1569.91,353,Home
7439,Xiaomi Smartwatch 806,79022.73,208,Electronics
7440,Philips Water Bottle 173,6923.43,123,Home
7441,Realme Laptop 789,39714.13,485,Electronics
7442,Nivia Skipping Rope 265,2489.37,78,Fitness
7443,Lenovo Mobile 444,40523.75,7,Electronics
7444,Zebronics Charger 814,3262.76,308,Accessories
7445,Lenovo Laptop 186,36952.17,293,Electronics
7446,Nivia Resistance Band 456,2275.61,388,Fitness
7447,Prestige Iron 988,452.73,348,Home
7448,Ambrane USB Cable 738,1228.50,332,Accessories
7449,Philips Iron 120,2770.78,281,Home
7450,Xiaomi Laptop 654,49772.78,0,Electronics
7451,Boldfit Skipping Rope 189,1517.78,496,Fitness
7452,Realme Laptop 485,33357.49,438,Electronics
7453,Zebronics Keyboard 513,1891.52,29,Accessories
7454,boAt Tablet 210,8426.54,201,Electronics
7455,Realme Tablet 826,71311.69,323,Electronics
7456,Samsung Smartwatch 716,37600.46,343,Electronics
7457,Portronics Charger 303,695.58,376,Accessories
7458,Ambrane Earbuds 280,2360.56,ten,Accessories
7459,Ambrane Keyboard 108,1356.09,426,Accessories
7460,Ambrane Earbuds 451,323.10,181,Accessories
7461,Portronics Mouse 767,3777.85,28,Accessories
7462,Samsung Tablet 320,54513.26,21,Electronics
7463,Anker Earbuds 742,3796.54,97,Accessories
7464,Prestige Iron 523,6950.63,199,Home
7465,Zebronics Charger 743,1000.89,425,Accessories
7466,Anker USB Cable 322,1637.17,483,Accessories
7467,Realme Speaker 700,81942.69,430,Electronics
7468,Anker Mouse 327,1104.15,457,Accessories
7469,Bajaj Lamp 288,1732.16,85,Home
7470,Boldfit Skipping Rope 910,3668.05,44,Fitness
7471,Portronics Mouse 605,3989.70,47,Accessories
7472,Realme Smartwatch 782,40015.73,48,Electronics
7473,Samsung Mobile 721,60334.71,402,Electronics
7474,Adidas Resistance Band 533,885.05,303,Fitness
7475,boAt Monitor 626,33278.71,440,Electronics
7476,Decathlon Skipping Rope 924,1013.99,many,Fitness
7477,Lenovo Smartwatch 217,62443.61,187,Electronics
7478,Prestige Iron 895,2281.49,32,Home
7479,boAt Laptop 601,75556.55,229,Electronics
7480,Zebronics Charger 270,2296.48,307,Accessories
7481,Prestige Iron 642,4480.61,6,Home
7482,Cosco Yoga Mat 360,4025.69,3,Fitness
7483,Nivia Dumbbell Set 838,2671.54,228,Fitness
7484,Decathlon Gym Bag 826,2472.31,82,Fitness
7485,Lenovo Laptop 245,76302.75,269,Electronics
7486,Ambrane Earbuds 792,2546.56,242,Accessories
7487,Philips Water Bottle 169,4345.54,403,Home
7488,Portronics USB Cable 375,3294.86,105,Accessories
7489,Anker Charger 640,1645.39,120,Accessories
7490,Xiaomi Monitor 780,7840.20,68,Electronics
7491,Portronics Mouse 462,3408.86,206,Accessories
7492,Prestige Mixer Grinder 856,7556.82,261,Home
7493,Cosco Skipping Rope 183,2212.60,125,Fitness
7494,Cosco Gym Bag 445,765.53,173,Fitness
7495,Nivia Yoga Mat 138,-559.83,496,Fitness
7496,boAt Smartwatch 237,27867.60,358,Electronics
7497,Nivia Skipping Rope 380,2659.31,235,Fitness
7498,Lenovo Mobile 312,83594.13,286,Electronics
7499,Boldfit Resistance Band 538,2077.01,5,Fitness
7500,Anker Power Bank 764,3927.25,20,Accessories
7501,Anker Mouse 629,220.84,160,Accessories
7502,Cosco Dumbbell Set 143,4402.50,453,Fitness
7503,Realme Smartwatch 261,14744.49,430,Electronics
7504,Samsung Tablet 761,0,356,Electronics
7505,Philips Fan 133,1745.63,124,Home
7506,Prestige Kettle 559,3240.09,280,Home
7507,Milton Kettle 972,1504.19,81,Home
7508,Ambrane Keyboard 804,1942.88,175,Accessories
7509,Prestige Mixer Grinder 462,7653.78,142,Home
7510,Xiaomi Mobile 472,67763.17,500,Electronics
7511,Samsung Tablet 590,9621.41,237,Electronics
7512,Boldfit Resistance Band 130,4144.09,196,Fitness
7513,Nivia Skipping Rope 324,3009.08,17,Fitness
7514,Adidas Yoga Mat 542,2301.24,377,Fitness
7515,Samsung Speaker 108,12656.75,77,Electronics
7516,Xiaomi Tablet 321,11607.53,403,Electronics
7517,Milton Water Bottle 169,4090.15,21,Home
7518,Zebronics Keyboard 793,2460.32,97,Accessories
7519,Portronics USB Cable 154,1937.23,100,Accessories
7520,Decathlon Dumbbell Set 331,2474.47,17,Fitness
7521,Anker USB Cable 792,3171.97,138,Accessories
7522,Nivia Yoga Mat 790,1715.13,108,Fitness
7523,boAt Monitor 101,7222.71,70,Electronics
7524,Zebronics Charger 639,1611.80,12,Accessories
7525,Xiaomi Speaker 316,85492.76,136,Electronics
7526,Xiaomi Monitor 564,8711.96,ten,Electronics
7527,Prestige Water Bottle 632,4500.38,170,Home
7528,Adidas Gym Bag 428,3297.95,57,Fitness
7529,Ambrane Keyboard 759,3590.29,388,Accessories
7530,Decathlon Skipping Rope 743,854.73,160,Fitness
7531,Boldfit Dumbbell Set 315,1342.15,296,Fitness
7532,Cosco Yoga Mat 684,3542.39,216,Fitness
7533,Ambrane Charger 824,2415.49,324,Accessories
7534,Logitech Keyboard 774,1568.46,446,Accessories
7535,Samsung Monitor 165,70617.40,272,Electronics
7536,Logitech Charger 951,2863.70,68,Accessories
7537,Milton Kettle 804,6727.55,33,Home
7538,Lenovo Laptop 985,10817.45,372,Electronics
7539,Logitech Mouse 428,3078.95,107,Accessories
7540,Realme Speaker 160,65733.59,468,Electronics
7541,boAt Laptop 128,16191.35,335,Electronics
7542,Ambrane Mouse 128,2617.59,25,Accessories
7543,Cosco Skipping Rope 740,2111.81,30,Fitness
7544,Milton Kettle 628,2237.80,161,Home
7545,Bajaj Iron 107,5036.17,103,Home
7546,Anker USB Cable 503,508.78,113,Accessories
7547,Bajaj Kettle 187,4448.55,134,Home
7548,Logitech Charger 555,2380.43,138,Accessories
7549,Philips Water Bottle 971,4999.46,105,Home
7550,Adidas Dumbbell Set 577,2971.12,54,Fitness
7551,Adidas Resistance Band 700,478.14,217,Fitness
7552,Ambrane Earbuds 862,192.57,365,Accessories
7553,Milton Iron 924,3771.62,95,Home
7554,Nivia Dumbbell Set 318,4706.83,55,Fitness
7555,Lenovo Monitor 909,84850.08,331,Electronics
7556,Anker Mouse 854,583.87,216,Accessories
7557,Adidas Skipping Rope 724,320.12,114,Fitness
7558,Nivia Dumbbell Set 414,661.25,38,Fitness
7559,Havells Iron 930,7352.46,51,Home
7560,Boldfit Resistance Band 148,3679.94,83,Fitness
7561,Havells Iron 798,1731.52,333,Home
7562,Xiaomi Smartwatch 299,58661.83,345,Electronics
7563,Philips Mixer Grinder 507,5706.08,164,Home
7564,Decathlon Skipping Rope 608,680.27,258,Fitness
7565,Adidas Resistance Band 493,2645.19,182,Fitness
7566,Xiaomi Laptop 582,88339.86,348,Electronics
7567,Nivia Yoga Mat 555,4030.08,249,Fitness
7568,Cosco Dumbbell Set 838,3679.95,102,Fitness
7569,Nivia Yoga Mat 807,2892.35,463,Fitness
7570,Adidas Skipping Rope 463,653.52,131,Fitness
7571,Nivia Dumbbell Set 143,2812.91,118,Fitness
7572,Milton Mixer Grinder 537,5541.24,329,Home
7573,Lenovo Mobile 862,76231.02,211,Electronics
7574,Realme Mobile 238,54135.14,156,Electronics
7575,Boldfit Skipping Rope 246,542.69,13,Fitness
7576,Anker Earbuds 291,2282.51,339,Accessories
7577,Portronics Charger 725,988.19,73,Accessories
7578,Havells Lamp 779,428.17,336,Home
7579,Logitech Keyboard 515,963.45,317,Accessories
7580,Samsung Tablet 771,70362.68,461,Electronics
7581,Logitech Mouse 588,1026.21,238,Accessories
7582,Lenovo Tablet 354,56424.66,410,Electronics
7583,boAt Speaker 319,40460.79,105,Electronics
7584,Samsung Smartwatch 237,22043.14,67,Electronics
7585,Decathlon Yoga Mat 143,2256.37,12,Fitness
7586,Xiaomi Tablet 844,44571.68,283,Electronics
7587,boAt Laptop 525,80151.46,135,Electronics
7588,Philips Fan 698,3363.82,399,Home
7589,Boldfit Yoga Mat 643,4350.42,407,Fitness
7590,Cosco Resistance Band 474,540.21,312,Fitness
7591,Anker Earbuds 381,2269.34,146,Accessories
7592,Decathlon Gym Bag 425,4513.23,0,Fitness
7593,Adidas Gym Bag 447,810.95,383,Fitness
7594,Xiaomi Speaker 957,67680.73,293,Electronics
7595,Boldfit Yoga Mat 957,3255.05,193,Fitness
7596,Anker Power Bank 923,2369.83,199,Accessories
7597,Zebronics Earbuds 688,3891.58,412,Accessories
7598,Decathlon Dumbbell Set 707,3998.60,485,Fitness
7599,Lenovo Smartwatch 913,13712.82,425,Electronics
7600,Realme Smartwatch 209,48449.27,76,Electronics
7601,Samsung Speaker 381,56182.60,329,Electronics
7602,Prestige Kettle 468,3126.93,331,Home
7603,Logitech Earbuds 541,292.54,195,Accessories
7604,Nivia Dumbbell Set 897,367.04,331,Fitness
7605,Cosco Skipping Rope 625,1787.09,133,Fitness
7606,Philips Fan 942,3386.88,5,Home
7607,Ambrane Mouse 152,3789.97,92,Accessories
7608,Samsung Tablet 415,49502.00,307,Electronics
7609,Xiaomi Speaker 103,,233,Electronics
7610,Samsung Speaker 364,50791.12,284,Electronics
7611,Decathlon Gym Bag 169,4624.16,272,Fitness
7612,Samsung Mobile 400,87959.49,20,Electronics
7613,Ambrane USB Cable 920,3331.51,81,Accessories
7614,Havells Water Bottle 785,6614.28,many,Home
7615,Ambrane Earbuds 419,3218.55,300,Accessories
7616,Lenovo Tablet 401,74895.96,95,Electronics
7617,Boldfit Gym Bag 761,1052.01,457,Fitness
7618,Portronics Charger 689,2429.11,211,Accessories
7619,Bajaj Lamp 548,7564.63,428,Home
7620,Philips Mixer Grinder 968,2876.48,104,Home
7621,Nivia Skipping Rope 813,2024.08,193,Fitness
7622,Logitech Power Bank 769,1403.87,305,Accessories
7623,Zebronics Power Bank 972,2004.44,411,Accessories
7624,Xiaomi Smartwatch 706,13199.83,409,Electronics
7625,Samsung Monitor 461,25375.46,288,Electronics
7626,Milton Lamp 689,5020.54,169,Home
7627,boAt Speaker 267,69600.82,59,Electronics
7628,Logitech Power Bank 886,377.87,148,Accessories
7629,Decathlon Resistance Band 298,295.42,24,Fitness
7630,Nivia Skipping Rope 436,4819.12,366,Fitness
7631,Decathlon Resistance Band 556,2592.88,376,Fitness
7632,Boldfit Skipping Rope 834,2461.24,217,Fitness
7633,Lenovo Mobile 668,57818.14,486,Electronics
7634,Ambrane Charger 955,2948.27,168,Accessories
7635,Samsung Smartwatch 324,80768.75,91,Electronics
7636,Realme Tablet 918,34618.67,31,Electronics
7637,Boldfit Resistance Band 198,4503.10,53,Fitness
7638,Zebronics Mouse 356,3771.52,145,Accessories
7639,Philips Kettle 226,1003.85,38,Home
7640,Decathlon Gym Bag 384,3844.35,84,Fitness
7641,Bajaj Iron 691,6686.42,99,Home
7642,Boldfit Skipping Rope 742,1399.26,395,Fitness
7643,Havells Water Bottle 440,6546.84,27,Home
7644,Bajaj Water Bottle 774,635.41,129,Home
7645,Philips Mixer Grinder 196,6006.43,486,Home
7646,Adidas Yoga Mat 118,1591.41,431,Fitness
7647,Portronics Keyboard 647,1471.19,327,Accessories
7648,Anker Earbuds 486,2728.06,0,Accessories
7649,Samsung Mobile 401,44971.34,440,Electronics
7650,Samsung Monitor 389,72315.45,481,Electronics
7651,Lenovo Mobile 427,81163.92,160,Electronics
7652,Bajaj Fan 565,2799.40,347,Home
7653,Ambrane Earbuds 405,2513.43,323,Accessories
7654,Xiaomi Tablet 542,-34857.82,382,Electronics
7655,Zebronics Power Bank 775,967.81,37,Accessories
7656,boAt Tablet 102,6264.02,499,Electronics
7657,Samsung Speaker 304,37060.09,358,Electronics
7658,Bajaj Fan 538,6930.07,85,Home
7659,Xiaomi Speaker 964,-51605.50,364,Electronics
7660,Milton Water Bottle 322,1007.67,376,Home
7661,Portronics Charger 564,584.44,446,Accessories
7662,Philips Lamp 231,1752.30,166,Home
7663,Havells Fan 951,3588.62,217,Home
7664,Cosco Gym Bag 192,990.03,367,Fitness
7665,Realme Laptop 180,41058.09,91,Electronics
7666,Ambrane Power Bank 403,2785.72,110,Accessories
7667,Realme Mobile 292,84939.57,123,Electronics
7668,Cosco Dumbbell Set 467,2656.36,ten,Fitness
7669,Milton Lamp 926,5331.87,477,Home
7670,Zebronics Charger 245,3658.77,489,Accessories
7671,Lenovo Smartwatch 692,52804.33,148,Electronics
7672,Lenovo Speaker 955,43295.06,455,Electronics
7673,Realme Mobile 255,13294.25,27,Electronics
7674,Xiaomi Smartwatch 308,22669.57,10,Electronics
7675,Philips Fan 482,7332.67,282,Home
7676,Milton Iron 306,5392.72,0,Home
7677,Lenovo Mobile 494,11073.32,146,Electronics
7678,Cosco Dumbbell Set 254,610.16,66,Fitness
7679,Prestige Water Bottle 112,1026.06,319,Home
7680,Zebronics Power Bank 164,3341.44,210,Accessories
7681,Nivia Skipping Rope 216,4467.94,37,Fitness
7682,Prestige Water Bottle 358,5862.71,95,Home
7683,Realme Laptop 374,54264.54,290,Electronics
7684,Adidas Yoga Mat 347,4282.58,426,Fitness
7685,Nivia Resistance Band 968,4606.12,372,Fitness
7686,Bajaj Lamp 552,1230.19,255,Home
7687,Ambrane Keyboard 269,1591.72,326,Accessories
7688,Realme Smartwatch 510,58141.06,112,Electronics
7689,Samsung Mobile 583,50540.06,17,Electronics
7690,Philips Kettle 706,4709.83,147,Home
7691,Anker Charger 943,3325.04,215,Accessories
7692,Ambrane USB Cable 308,175.66,145,Accessories
7693,Xiaomi Mobile 526,88414.95,467,Electronics
7694,Nivia Dumbbell Set 202,2952.34,67,Fitness
7695,Portronics Keyboard 412,161.84,161,Accessories
7696,Cosco Skipping Rope 184,1226.60,237,Fitness
7697,Lenovo Mobile 143,68185.49,484,Electronics
7698,Boldfit Skipping Rope 547,3999.69,85,Fitness
7699,Philips Lamp 599,5007.46,58,Home
7700,Boldfit Dumbbell Set 705,1365.17,223,Fitness
7701,Lenovo Tablet 594,80706.98,283,Electronics
7702,Realme Monitor 509,18628.69,232,Electronics
7703,Realme Monitor 510,57443.16,494,Electronics
7704,Lenovo Smartwatch 207,13970.32,67,Electronics
7705,Philips Lamp 646,513.20,16,Home
7706,Logitech Power Bank 182,2596.49,466,Accessories
7707,Boldfit Dumbbell Set 721,3581.62,456,Fitness
7708,Philips Mixer Grinder 333,4244.64,131,Home
7709,Prestige Water Bottle 761,2708.90,149,Home
7710,Logitech Mouse 275,648.24,279,Accessories
7711,Bajaj Mixer Grinder 839,4854.38,24,Home
7712,Ambrane Earbuds 527,1067.17,7,Accessories
7713,Decathlon Resistance Band 976,4753.70,462,Fitness
7714,Milton Fan 297,4470.99,198,Home
7715,Nivia Resistance Band 831,3462.21,432,Fitness
7716,Logitech Keyboard 305,1306.68,246,Accessories
7717,Adidas Skipping Rope 671,2654.43,340,Fitness
7718,Cosco Gym Bag 781,641.61,0,Fitness
7719,Anker Power Bank 368,1612.23,75,Accessories
7720,Zebronics Earbuds 626,823.03,181,Accessories
7721,Nivia Gym Bag 195,972.34,174,Fitness
7722,Boldfit Gym Bag 649,2785.99,421,Fitness
7723,Havells Kettle 617,0,382,Home
7724,Xiaomi Speaker 104,10106.54,35,Electronics
7725,Xiaomi Tablet 781,36927.31,178,Electronics
7726,Decathlon Gym Bag 969,4964.75,246,Fitness
7727,Samsung Smartwatch 531,20185.85,96,Electronics
7728,Decathlon Resistance Band 434,3857.76,34,Fitness
7729,Boldfit Gym Bag 137,1583.45,233,Fitness
7730,Havells Fan 367,1319.02,283,Home
7731,boAt Speaker 171,51820.99,297,Electronics
7732,Zebronics Charger 549,1276.80,417,Accessories
7733,Logitech Power Bank 278,1538.93,235,Accessories
7734,Zebronics Keyboard 191,3795.66,114,Accessories
7735,Milton Mixer Grinder 659,4916.11,25,Home
7736,Ambrane Power Bank 583,985.43,77,Accessories
7737,Zebronics Charger 509,1485.34,25,Accessories
7738,Realme Speaker 740,40774.11,308,Electronics
7739,Decathlon Gym Bag 338,2564.02,363,Fitness
7740,Samsung Speaker 689,74907.14,445,Electronics
7741,Havells Mixer Grinder 852,5134.12,125,Home
7742,Portronics USB Cable 162,1169.32,329,Accessories
7743,Prestige Water Bottle 434,7271.75,172,Home
7744,Philips Fan 948,1979.84,442,Home
7745,Adidas Skipping Rope 894,3715.72,168,Fitness
7746,Xiaomi Speaker 763,32533.53,338,Electronics
7747,Zebronics Power Bank 580,2143.86,470,Accessories
7748,Zebronics USB Cable 712,2044.14,331,Accessories
7749,Logitech Earbuds 838,774.65,225,Accessories
7750,Havells Iron 751,5094.19,99,Home
7751,Adidas Skipping Rope 574,646.15,347,Fitness
7752,Milton Lamp 980,2374.02,466,Home
7753,Philips Mixer Grinder 633,5141.07,436,Home
7754,Adidas Resistance Band 738,4328.73,93,Fitness
7755,Nivia Dumbbell Set 250,2285.82,116,Fitness
7756,Logitech Keyboard 993,2132.35,233,Accessories
7757,Portronics Earbuds 523,3339.61,135,Accessories
7758,Lenovo Smartwatch 370,37499.99,298,Electronics
7759,Havells Lamp 982,1955.21,336,Home
7760,Havells Lamp 542,3319.86,373,Home
7761,Zebronics Keyboard 628,927.01,29,Accessories
7762,Havells Mixer Grinder 430,4539.07,374,Home
7763,Adidas Yoga Mat 788,2164.05,140,Fitness
7764,Decathlon Yoga Mat 650,1709.54,3,Fitness
7765,Nivia Gym Bag 729,4539.00,384,Fitness
7766,Lenovo Tablet 478,80853.51,433,Electronics
7767,Cosco Gym Bag 573,4598.20,374,Fitness
7768,Realme Laptop 447,8810.38,272,Electronics
7769,Bajaj Mixer Grinder 320,6663.18,428,Home
7770,Milton Lamp 163,2063.87,471,Home
7771,Cosco Skipping Rope 429,2790.11,223,Fitness
7772,Zebronics Earbuds 948,954.41,270,Accessories
7773,Nivia Skipping Rope 574,1673.38,332,Fitness
7774,Realme Tablet 284,48930.41,126,Electronics
7775,Decathlon Dumbbell Set 670,3792.50,233,Fitness
7776,Realme Mobile 594,56872.09,352,Electronics
7777,Prestige Fan 584,953.07,406,Home
7778,Adidas Dumbbell Set 954,3908.06,0,Fitness
7779,Anker USB Cable 312,364.12,37,Accessories
7780,Realme Smartwatch 251,23099.36,68,Electronics
7781,Milton Water Bottle 681,7030.83,297,Home
7782,Lenovo Speaker 756,TBD,242,Electronics
7783,Philips Fan 373,1484.79,133,Home
7784,Bajaj Water Bottle 195,4770.62,225,Home
7785,Anker USB Cable 638,3494.35,279,Accessories
7786,Portronics Power Bank 786,1352.96,214,Accessories
7787,Realme Speaker 768,4123.51,288,Electronics
7788,Realme Monitor 538,59752.70,21,Electronics
7789,boAt Tablet 864,40809.95,320,Electronics
7790,Decathlon Resistance Band 395,953.45,2,Fitness
7791,Prestige Fan 843,5433.26,370,Home
7792,Bajaj Kettle 676,7596.20,486,Home
7793,Portronics Keyboard 929,3337.36,116,Accessories
7794,Ambrane Earbuds 130,3487.47,168,Accessories
7795,Samsung Laptop 844,45283.86,120,Electronics
7796,Havells Water Bottle 176,4802.87,434,Home
7797,Anker Charger 100,1465.05,267,Accessories
7798,Logitech Earbuds 715,1767.68,194,Accessories
7799,Realme Tablet 975,59315.63,305,Electronics
7800,Adidas Dumbbell Set 187,1838.34,137,Fitness
7801,boAt Mobile 129,76504.51,115,Electronics
7802,Nivia Skipping Rope 155,4021.76,367,Fitness
7803,Ambrane Charger 953,3673.41,83,Accessories
7804,Lenovo Speaker 977,33956.72,359,Electronics
7805,Cosco Dumbbell Set 441,4378.52,399,Fitness
7806,Philips Iron 917,1952.41,336,Home
7807,Decathlon Dumbbell Set 894,3032.29,90,Fitness
7808,Havells Fan 705,5943.96,443,Home
7809,Samsung Smartwatch 192,85723.96,400,Electronics
7810,Lenovo Mobile 552,89587.35,183,Electronics
7811,Xiaomi Speaker 211,18903.86,253,Electronics
7812,Nivia Skipping Rope 965,1276.38,285,Fitness
7813,Zebronics Keyboard 963,2233.40,105,Accessories
7814,Bajaj Fan 700,1357.00,123,Home
7815,Xiaomi Monitor 976,70989.89,106,Electronics
7816,Logitech Earbuds 275,2428.46,338,Accessories
7817,Cosco Resistance Band 565,2458.16,192,Fitness
7818,Prestige Lamp 241,1734.18,186,Home
7819,boAt Mobile 977,73978.72,115,Electronics
7820,Logitech Power Bank 808,2463.18,91,Accessories
7821,boAt Speaker 770,61805.15,314,Electronics
7822,boAt Smartwatch 636,24925.22,41,Electronics
7823,Bajaj Lamp 875,3502.01,276,Home
7824,Decathlon Dumbbell Set 972,4066.09,246,Fitness
7825,Anker Earbuds 131,402.15,341,Accessories
7826,Anker Charger 439,1818.84,296,Accessories
7827,Anker Charger 383,3856.67,444,Accessories
7828,boAt Laptop 532,15747.47,430,Electronics
7829,Zebronics USB Cable 354,,374,Accessories
7830,Zebronics Earbuds 832,3389.26,80,Accessories
7831,Bajaj Lamp 144,5929.77,48,Home
7832,Nivia Gym Bag 445,2357.31,391,Fitness
7833,Nivia Yoga Mat 542,4778.14,112,Fitness
7834,Philips Lamp 846,5544.12,55,Home
7835,Cosco Resistance Band 460,1747.87,52,Fitness
7836,Anker Charger 884,2369.68,220,Accessories
7837,Anker Keyboard 890,175.08,189,Accessories
7838,Decathlon Yoga Mat 389,2107.04,419,Fitness
7839,Adidas Resistance Band 685,682.42,171,Fitness
7840,Samsung Tablet 908,50176.29,325,Electronics
7841,Decathlon Gym Bag 866,939.98,334,Fitness
7842,Zebronics Power Bank 101,971.61,154,Accessories
7843,Ambrane Keyboard 218,1974.01,266,Accessories
7844,Ambrane Mouse 133,1763.38,69,Accessories
7845,Prestige Fan 237,5845.54,139,Home
7846,Prestige Lamp 123,2889.98,74,Home
7847,Prestige Mixer Grinder 714,6648.43,353,Home
7848,Havells Lamp 836,6194.48,154,Home
7849,Milton Kettle 509,6515.99,95,Home
7850,Anker Mouse 389,3007.80,277,Accessories
7851,Ambrane Charger 336,1246.76,31,Accessories
7852,Adidas Gym Bag 818,3358.02,303,Fitness
7853,Xiaomi Monitor 690,73224.66,98,Electronics
7854,Zebronics Charger 236,576.06,203,Accessories
7855,Havells Lamp 397,464.15,487,Home
7856,Lenovo Speaker 510,73917.64,68,Electronics
7857,Portronics Mouse 331,1985.71,266,Accessories
7858,Cosco Dumbbell Set 551,1564.22,150,Fitness
7859,Lenovo Laptop 781,76566.49,326,Electronics
7860,Milton Fan 966,3853.07,395,Home
7861,Milton Water Bottle 338,1377.47,243,Home
7862,Anker Earbuds 915,2782.13,91,Accessories
7863,Lenovo Smartwatch 488,15661.49,245,Electronics
7864,Cosco Skipping Rope 697,2663.00,454,Fitness
7865,Logitech Power Bank 330,310.62,20,Accessories
7866,Cosco Skipping Rope 428,1477.20,18,Fitness
7867,Havells Water Bottle 694,3428.42,310,Home
7868,Lenovo Tablet 928,84916.47,245,Electronics
7869,Boldfit Gym Bag 393,4470.24,238,Fitness
7870,Ambrane Power Bank 145,3667.96,21,Accessories
7871,Zebronics Keyboard 118,2249.42,467,Accessories
7872,Portronics Mouse 379,1472.20,344,Accessories
7873,Cosco Gym Bag 431,3295.35,180,Fitness
7874,Bajaj Kettle 445,3671.45,447,Home
7875,Xiaomi Tablet 409,36114.09,39,Electronics
7876,Samsung Speaker 454,49582.99,435,Electronics
7877,Lenovo Speaker 921,54451.79,112,Electronics
7878,Havells Mixer Grinder 153,718.31,86,Home
7879,Realme Tablet 688,-14295.65,171,Electronics
7880,Adidas Resistance Band 990,3879.82,400,Fitness
7881,Portronics Power Bank 456,370.99,229,Accessories
7882,Portronics Keyboard 638,1655.05,366,Accessories
7883,Realme Tablet 643,87314.68,489,Electronics
7884,Cosco Gym Bag 506,3347.84,306,Fitness
7885,Adidas Gym Bag 182,3915.73,272,Fitness
7886,Decathlon Yoga Mat 791,1918.82,273,Fitness
7887,Portronics Keyboard 529,1656.27,201,Accessories
7888,Decathlon Resistance Band 618,2603.73,386,Fitness
7889,Realme Smartwatch 772,66091.50,174,Electronics
7890,Decathlon Skipping Rope 978,1356.65,363,Fitness
7891,Nivia Dumbbell Set 924,3815.66,335,Fitness
7892,Cosco Yoga Mat 405,2003.02,312,Fitness
7893,boAt Laptop 851,74054.11,162,Electronics
7894,Logitech Charger 476,1615.04,181,Accessories
7895,boAt Smartwatch 911,69374.74,239,Electronics
7896,Anker Charger 234,3067.41,101,Accessories
7897,Xiaomi Laptop 835,89481.92,216,Electronics
7898,Decathlon Resistance Band 430,2505.31,499,Fitness
7899,Logitech Earbuds 454,3130.62,137,Accessories
7900,Lenovo Laptop 489,60948.05,344,Electronics
7901,Nivia Skipping Rope 591,242.58,327,Fitness
7902,Adidas Skipping Rope 751,1519.70,258,Fitness
7903,Cosco Skipping Rope 838,1836.30,167,Fitness
7904,Zebronics Charger 623,1218.25,472,Accessories
7905,Nivia Gym Bag 593,254.81,450,Fitness
7906,Samsung Smartwatch 111,59046.68,251,Electronics
7907,Lenovo Monitor 149,27716.07,156,Electronics
7908,Nivia Dumbbell Set 989,1587.66,288,Fitness
7909,Samsung Laptop 251,79472.26,337,Electronics
7910,Philips Mixer Grinder 948,7317.48,442,Home
7911,Nivia Dumbbell Set 329,1776.72,0,Fitness
7912,Prestige Mixer Grinder 293,6785.03,169,Home
7913,Adidas Yoga Mat 948,3504.75,491,Fitness
7914,Philips Water Bottle 560,3288.58,401,Home
7915,Adidas Skipping Rope 743,1113.51,347,Fitness
7916,Logitech Power Bank 384,1074.09,465,Accessories
7917,Samsung Laptop 331,69482.00,119,Electronics
7918,Anker Mouse 840,1702.30,430,Accessories
7919,Realme Laptop 180,50513.22,48,Electronics
7920,Ambrane Power Bank 465,1504.07,55,Accessories
7921,Portronics Power Bank 639,2643.30,323,Accessories
7922,Realme Monitor 216,73270.86,12,Electronics
7923,Realme Laptop 689,72416.48,393,Electronics
7924,Philips Kettle 374,6811.44,27,Home
7925,Zebronics Keyboard 641,3188.75,49,Accessories
7926,Logitech Mouse 429,548.68,259,Accessories
7927,Logitech Earbuds 478,3086.24,230,Accessories
7928,Zebronics Mouse 365,,70,Accessories
7929,Havells Water Bottle 445,5292.45,434,Home
7930,Ambrane Power Bank 654,3949.11,166,Accessories
7931,Ambrane USB Cable 106,1288.51,163,Accessories
7932,Havells Fan 402,1090.00,157,Home
7933,Nivia Dumbbell Set 966,1729.54,212,Fitness
7934,Nivia Resistance Band 273,2240.78,0,Fitness
7935,Ambrane Charger 329,1617.20,290,Accessories
7936,Bajaj Lamp 749,1755.70,163,Home
7937,Decathlon Resistance Band 995,4062.12,0,Fitness
7938,Xiaomi Laptop 623,19893.48,380,Electronics
7939,Nivia Skipping Rope 865,4441.17,284,Fitness
7940,Portronics Earbuds 768,889.74,485,Accessories
7941,Boldfit Skipping Rope 239,4489.97,370,Fitness
7942,Ambrane Keyboard 703,2200.65,84,Accessories
7943,Xiaomi Monitor 765,68127.29,0,Electronics
7944,Logitech Earbuds 193,1791.27,443,Accessories
7945,Nivia Dumbbell Set 319,3144.80,164,Fitness
7946,Milton Iron 398,1667.81,377,Home
7947,Milton Mixer Grinder 992,5366.69,226,Home
7948,Adidas Resistance Band 620,222.09,175,Fitness
7949,Philips Lamp 314,3341.96,40,Home
7950,Realme Monitor 649,12041.87,383,Electronics
7951,Samsung Speaker 575,59232.56,388,Electronics
7952,Adidas Skipping Rope 169,210.01,446,Fitness
7953,Samsung Mobile 776,19630.64,382,Electronics
7954,Boldfit Dumbbell Set 567,4206.67,283,Fitness
7955,Anker Power Bank 553,3136.42,153,Accessories
7956,Samsung Monitor 845,6998.04,129,Electronics
7957,Logitech USB Cable 830,3538.66,150,Accessories
7958,Adidas Yoga Mat 115,4362.23,87,Fitness
7959,Decathlon Dumbbell Set 789,3985.29,80,Fitness
7960,Prestige Kettle 481,3783.26,456,Home
7961,Bajaj Lamp 173,7239.56,242,Home
7962,Cosco Resistance Band 255,4196.12,407,Fitness
7963,Xiaomi Tablet 881,53443.19,103,Electronics
7964,Bajaj Water Bottle 169,4808.85,421,Home
7965,Nivia Resistance Band 486,826.29,407,Fitness
7966,Boldfit Gym Bag 552,4442.60,262,Fitness
7967,Xiaomi Speaker 791,20046.66,189,Electronics
7968,Realme Smartwatch 807,8592.43,356,Electronics
7969,Nivia Dumbbell Set 523,2050.63,51,Fitness
7970,Prestige Kettle 823,7085.51,395,Home
7971,Prestige Lamp 414,2927.57,351,Home
7972,Lenovo Laptop 114,51586.57,77,Electronics
7973,Realme Tablet 518,36767.91,198,Electronics
7974,Ambrane Mouse 847,2506.41,323,Accessories
7975,Lenovo Smartwatch 646,53529.43,35,Electronics
7976,Philips Lamp 355,3311.40,92,Home
7977,Philips Lamp 996,3832.35,441,Home
7978,boAt Smartwatch 220,64776.08,429,Electronics
7979,Lenovo Tablet 894,89922.14,390,Electronics
7980,Cosco Skipping Rope 265,4927.65,118,Fitness
7981,Boldfit Gym Bag 939,3669.43,492,Fitness
7982,Prestige Water Bottle 324,7110.74,189,Home
7983,Adidas Dumbbell Set 387,1017.63,246,Fitness
7984,Milton Kettle 888,1446.80,150,Home
7985,Logitech Earbuds 483,1154.57,355,Accessories
7986,Samsung Speaker 952,43684.52,79,Electronics
7987,Ambrane Earbuds 373,354.30,385,Accessories
7988,Xiaomi Tablet 986,29995.79,350,Electronics
7989,Boldfit Yoga Mat 194,4241.60,13,Fitness
7990,Ambrane Power Bank 431,3602.29,224,Accessories
7991,Zebronics USB Cable 142,1928.79,116,Accessories
7992,Zebronics Earbuds 664,3556.94,223,Accessories
7993,Lenovo Tablet 371,28945.57,110,Electronics
7994,Lenovo Monitor 250,83805.44,117,Electronics
7995,Anker USB Cable 762,777.32,386,Accessories
7996,Xiaomi Tablet 973,41247.22,334,Electronics
7997,Realme Mobile 242,81433.70,373,Electronics
7998,Anker Earbuds 156,2901.13,124,Accessories
7999,Boldfit Resistance Band 179,4951.75,1,Fitness
8000,Philips Mixer Grinder 801,1664.72,220,Home
8001,Milton Lamp 169,7586.63,269,Home
8002,Cosco Skipping Rope 342,1933.99,0,Fitness
8003,Philips Mixer Grinder 528,358.44,49,Home
8004,Havells Lamp 850,5776.66,260,Home
8005,boAt Smartwatch 944,,212,Electronics
8006,Lenovo Speaker 780,66860.15,358,Electronics
8007,Boldfit Resistance Band 324,3678.97,83,Fitness
8008,Zebronics Earbuds 936,1667.47,132,Accessories
8009,Realme Laptop 698,43457.90,283,Electronics
8010,Havells Kettle 161,2628.20,108,Home
8011,Philips Kettle 967,1763.23,116,Home
8012,Logitech Mouse 717,2217.50,458,Accessories
8013,Decathlon Yoga Mat 349,1924.04,191,Fitness
8014,Logitech Earbuds 400,3386.46,50,Accessories
8015,Xiaomi Tablet 473,77382.12,ten,Electronics
8016,boAt Laptop 768,47344.32,297,Electronics
8017,Realme Laptop 509,37331.36,396,Electronics
8018,Bajaj Lamp 598,4260.18,23,Home
8019,Havells Lamp 485,5788.10,437,Home
8020,Adidas Yoga Mat 999,-320.28,39,Fitness
8021,Milton Water Bottle 661,4636.07,304,Home
8022,Philips Lamp 427,3424.59,333,Home
8023,Samsung Tablet 243,36422.61,0,Electronics
8024,Ambrane Mouse 140,2391.16,119,Accessories
8025,Bajaj Fan 855,1268.06,476,Home
8026,Milton Lamp 435,7599.16,0,Home
8027,boAt Tablet 615,80655.35,471,Electronics
8028,Boldfit Skipping Rope 672,1673.57,181,Fitness
8029,Ambrane USB Cable 124,2476.70,319,Accessories
8030,Xiaomi Mobile 875,14388.16,101,Electronics
8031,Decathlon Dumbbell Set 394,2715.27,399,Fitness
8032,Adidas Skipping Rope 872,1777.25,267,Fitness
8033,Anker USB Cable 376,3162.00,many,Accessories
8034,Boldfit Dumbbell Set 832,2882.93,435,Fitness
8035,Bajaj Lamp 981,4683.84,464,Home
8036,Ambrane Keyboard 576,1960.75,309,Accessories
8037,Lenovo Laptop 691,69578.15,477,Electronics
8038,Realme Speaker 866,25148.07,482,Electronics
8039,Portronics Earbuds 332,3160.16,217,Accessories
8040,Adidas Gym Bag 581,741.55,424,Fitness
8041,Milton Kettle 977,6528.51,83,Home
8042,Bajaj Water Bottle 552,1670.86,89,Home
8043,Xiaomi Mobile 232,18270.29,115,Electronics
8044,Logitech Charger 461,3276.53,407,Accessories
8045,Philips Kettle 377,1067.73,191,Home
8046,Cosco Gym Bag 907,3554.01,210,Fitness
8047,Adidas Resistance Band 309,4918.23,94,Fitness
8048,Ambrane Mouse 436,712.50,257,Accessories
8049,Decathlon Resistance Band 818,3875.27,219,Fitness
8050,Lenovo Laptop 961,89462.02,373,Electronics
8051,Ambrane Earbuds 640,2945.56,258,Accessories
8052,Decathlon Yoga Mat 671,1463.92,55,Fitness
8053,Philips Lamp 705,4269.88,360,Home
8054,Zebronics Earbuds 959,3936.60,32,Accessories
8055,Boldfit Gym Bag 210,3214.94,244,Fitness
8056,Logitech USB Cable 617,3052.71,83,Accessories
8057,Milton Lamp 589,1694.04,356,Home
8058,Milton Fan 776,6686.83,310,Home
8059,Boldfit Gym Bag 385,646.70,248,Fitness
8060,Ambrane Charger 700,953.51,55,Accessories
8061,Realme Monitor 105,13961.26,407,Electronics
8062,Ambrane Keyboard 670,1342.59,356,Accessories
8063,Philips Fan 417,1019.08,116,Home
8064,Cosco Gym Bag 253,1988.48,124,Fitness
8065,Boldfit Gym Bag 766,686.86,389,Fitness
8066,Cosco Skipping Rope 427,1992.70,244,Fitness
8067,Logitech USB Cable 691,3290.78,307,Accessories
8068,Logitech Charger 391,1960.70,145,Accessories
8069,Philips Iron 829,423.81,430,Home
8070,Decathlon Gym Bag 212,4627.71,66,Fitness
8071,Havells Fan 132,5730.55,140,Home
8072,Milton Mixer Grinder 707,3340.93,66,Home
8073,Decathlon Resistance Band 915,2448.35,293,Fitness
8074,Adidas Yoga Mat 190,2259.99,415,Fitness
8075,Xiaomi Smartwatch 770,5805.46,404,Electronics
8076,Boldfit Skipping Rope 108,2771.77,54,Fitness
8077,Anker Keyboard 649,2428.86,146,Accessories
8078,Havells Kettle 599,2995.39,177,Home
8079,Logitech Earbuds 899,2370.89,146,Accessories
8080,Nivia Skipping Rope 847,3241.27,253,Fitness
8081,Ambrane Charger 202,3289.10,0,Accessories
8082,Ambrane USB Cable 337,2675.69,340,Accessories
8083,Realme Speaker 948,30131.13,N/A,Electronics
8084,Portronics Earbuds 877,1717.19,155,Accessories
8085,Portronics Mouse 717,1117.00,14,Accessories
8086,Portronics Keyboard 208,2706.05,192,Accessories
8087,Logitech Keyboard 937,3103.48,186,Accessories
8088,Realme Monitor 939,17190.28,380,Electronics
8089,Logitech Mouse 457,1250.00,70,Accessories
8090,Adidas Gym Bag 306,2305.00,340,Fitness
8091,Xiaomi Smartwatch 725,39333.84,146,Electronics
8092,Bajaj Water Bottle 693,671.82,261,Home
8093,Milton Mixer Grinder 780,2223.47,93,Home
8094,Cosco Dumbbell Set 782,4607.49,18,Fitness
8095,Boldfit Dumbbell Set 765,1908.03,401,Fitness
8096,Xiaomi Smartwatch 844,83391.58,201,Electronics
8097,Portronics Keyboard 319,1624.69,33,Accessories
8098,Lenovo Smartwatch 876,84150.80,409,Electronics
8099,Havells Water Bottle 609,2674.85,239,Home
8100,Realme Smartwatch 333,40029.72,245,Electronics
8101,Lenovo Speaker 881,35806.98,156,Electronics
8102,Havells Fan 390,5181.79,251,Home
8103,Decathlon Skipping Rope 875,2766.84,52,Fitness
8104,Milton Lamp 315,3117.62,215,Home
8105,Portronics Mouse 623,3458.90,15,Accessories
8106,Xiaomi Speaker 488,64779.09,457,Electronics
8107,Zebronics Power Bank 185,2645.25,343,Accessories
8108,Milton Fan 431,3475.04,312,Home
8109,Milton Fan 596,6527.90,460,Home
8110,Decathlon Yoga Mat 597,1523.74,343,Fitness
8111,Lenovo Smartwatch 732,54119.02,229,Electronics
8112,Anker USB Cable 310,417.54,120,Accessories
8113,Bajaj Mixer Grinder 804,6584.34,445,Home
8114,Cosco Yoga Mat 417,934.09,127,Fitness
8115,Decathlon Gym Bag 891,2131.77,466,Fitness
8116,Samsung Speaker 207,4671.02,336,Electronics
8117,Havells Iron 618,6277.46,352,Home
8118,Philips Iron 490,1823.14,413,Home
8119,Realme Speaker 186,42744.99,259,Electronics
8120,Philips Fan 731,3737.00,66,Home
8121,Samsung Speaker 802,74041.83,53,Electronics
8122,Ambrane Power Bank 858,3062.93,310,Accessories
8123,Realme Mobile 274,19266.29,348,Electronics
8124,Portronics USB Cable 438,992.52,439,Accessories
8125,Prestige Kettle 474,6494.99,ten,Home
8126,Ambrane Keyboard 609,2294.77,233,Accessories
8127,Prestige Mixer Grinder 232,5807.53,35,Home
8128,Samsung Speaker 886,89809.72,25,Electronics
8129,Milton Kettle 846,3499.93,84,Home
8130,Milton Water Bottle 878,3170.81,61,Home
8131,Cosco Skipping Rope 925,3131.88,52,Fitness
8132,Adidas Dumbbell Set 844,681.12,385,Fitness
8133,Bajaj Mixer Grinder 713,7665.07,389,Home
8134,Lenovo Monitor 259,8325.58,160,Electronics
8135,Lenovo Laptop 212,35166.27,31,Electronics
8136,Milton Water Bottle 686,7521.30,184,Home
8137,Samsung Monitor 164,43070.09,461,Electronics
8138,Lenovo Speaker 265,11549.22,236,Electronics
8139,Decathlon Resistance Band 577,,355,Fitness
8140,Decathlon Yoga Mat 714,2029.27,422,Fitness
8141,Boldfit Yoga Mat 257,1165.58,106,Fitness
8142,Prestige Fan 988,5946.07,339,Home
8143,Zebronics Charger 551,273.30,267,Accessories
8144,Nivia Skipping Rope 281,3975.45,361,Fitness
8145,Milton Lamp 639,4645.10,264,Home
8146,Logitech Keyboard 912,3249.70,260,Accessories
8147,Zebronics Keyboard 892,1219.99,360,Accessories
8148,Anker Keyboard 117,504.29,N/A,Accessories
8149,Realme Monitor 265,40331.54,246,Electronics
8150,Milton Kettle 642,1879.72,30,Home
8151,Prestige Iron 244,1869.57,146,Home
8152,Zebronics Charger 309,724.79,189,Accessories
8153,Philips Kettle 966,3282.74,14,Home
8154,Prestige Iron 545,3170.93,400,Home
8155,Boldfit Yoga Mat 543,4620.69,220,Fitness
8156,Cosco Yoga Mat 201,4632.23,ten,Fitness
8157,Xiaomi Smartwatch 621,22244.45,293,Electronics
8158,Decathlon Dumbbell Set 912,2970.35,444,Fitness
8159,Xiaomi Monitor 834,76838.13,122,Electronics
8160,Anker USB Cable 798,1131.20,44,Accessories
8161,Philips Mixer Grinder 429,3063.04,328,Home
8162,Decathlon Skipping Rope 562,616.63,425,Fitness
8163,boAt Speaker 319,6150.62,92,Electronics
8164,Cosco Skipping Rope 493,3386.01,418,Fitness
8165,Cosco Gym Bag 245,1907.36,0,Fitness
8166,Logitech Earbuds 755,3180.63,110,Accessories
8167,Anker Charger 181,3710.56,343,Accessories
8168,Adidas Yoga Mat 518,605.29,232,Fitness
8169,Havells Mixer Grinder 791,4801.11,120,Home
8170,boAt Monitor 735,44466.14,37,Electronics
8171,Portronics USB Cable 731,1971.36,318,Accessories
8172,Philips Lamp 642,4421.93,66,Home
8173,Nivia Gym Bag 356,4627.40,59,Fitness
8174,Philips Fan 599,1575.53,222,Home
8175,Bajaj Fan 552,4348.04,201,Home
8176,boAt Tablet 534,64389.42,419,Electronics
8177,Realme Tablet 815,12582.67,209,Electronics
8178,Nivia Gym Bag 192,1178.24,293,Fitness
8179,Anker Charger 323,3700.35,266,Accessories
8180,boAt Smartwatch 483,43045.15,19,Electronics
8181,Nivia Dumbbell Set 130,529.49,336,Fitness
8182,Adidas Resistance Band 180,1636.29,371,Fitness
8183,Zebronics Mouse 935,370.16,125,Accessories
8184,Realme Mobile 345,35192.34,145,Electronics
8185,Logitech Charger 568,1123.48,224,Accessories
8186,Portronics Mouse 741,0,284,Accessories
8187,Milton Mixer Grinder 682,5811.07,346,Home
8188,Cosco Gym Bag 881,814.13,468,Fitness
8189,Bajaj Mixer Grinder 548,4720.48,126,Home
8190,boAt Tablet 816,36710.33,325,Electronics
8191,Portronics Charger 966,2408.45,270,Accessories
8192,Nivia Dumbbell Set 647,2352.48,55,Fitness
8193,Lenovo Mobile 730,18432.84,286,Electronics
8194,Decathlon Gym Bag 820,3590.81,343,Fitness
8195,Boldfit Yoga Mat 450,4634.48,351,Fitness
8196,Boldfit Yoga Mat 237,803.29,97,Fitness
8197,Nivia Resistance Band 462,3488.40,366,Fitness
8198,Nivia Resistance Band 948,4661.09,371,Fitness
8199,Bajaj Mixer Grinder 893,7172.10,194,Home
8200,Milton Kettle 731,3536.43,203,Home
8201,Prestige Mixer Grinder 532,1272.48,472,Home
8202,Lenovo Speaker 265,68312.02,52,Electronics
8203,Nivia Resistance Band 188,2446.89,73,Fitness
8204,Lenovo Smartwatch 635,21886.72,224,Electronics
8205,Samsung Laptop 636,50516.83,376,Electronics
8206,Xiaomi Laptop 690,32020.74,490,Electronics
8207,Xiaomi Mobile 811,29183.61,441,Electronics
8208,Samsung Smartwatch 594,56214.89,192,Electronics
8209,Philips Lamp 674,2399.75,211,Home
8210,Nivia Dumbbell Set 387,333.19,364,Fitness
8211,Anker Power Bank 325,2902.51,135,Accessories
8212,Xiaomi Mobile 906,28288.33,239,Electronics
8213,Decathlon Yoga Mat 202,4628.44,69,Fitness
8214,Prestige Mixer Grinder 153,6848.24,255,Home
8215,Zebronics Charger 272,2523.70,125,Accessories
8216,boAt Monitor 359,72781.86,492,Electronics
8217,Havells Water Bottle 330,3161.10,175,Home
8218,Zebronics Mouse 755,3883.18,223,Accessories
8219,Nivia Gym Bag 186,1889.39,182,Fitness
8220,Boldfit Yoga Mat 501,2311.81,0,Fitness
8221,Samsung Speaker 629,25775.57,252,Electronics
8222,Havells Kettle 154,4948.11,5,Home
8223,Cosco Skipping Rope 611,3053.80,223,Fitness
8224,Xiaomi Laptop 821,7529.35,229,Electronics
8225,Portronics Charger 848,448.28,111,Accessories
8226,Lenovo Tablet 811,39981.46,388,Electronics
8227,Ambrane Earbuds 528,1860.01,340,Accessories
8228,Realme Speaker 661,7124.88,485,Electronics
8229,Zebronics USB Cable 232,2938.31,54,Accessories
8230,boAt Smartwatch 114,72674.27,many,Electronics
8231,Lenovo Tablet 729,7225.79,497,Electronics
8232,Lenovo Monitor 317,83218.71,338,Electronics
8233,Milton Water Bottle 794,-2212.17,448,Home
8234,Portronics USB Cable 510,3421.66,433,Accessories
8235,Prestige Lamp 178,1250.97,6,Home
8236,Ambrane Power Bank 990,765.35,22,Accessories
8237,Milton Iron 235,4020.26,354,Home
8238,Decathlon Gym Bag 997,1043.07,498,Fitness
8239,Boldfit Skipping Rope 106,3670.67,236,Fitness
8240,Cosco Gym Bag 316,1869.73,146,Fitness
8241,Samsung Smartwatch 215,55851.74,113,Electronics
8242,Xiaomi Smartwatch 121,32274.64,51,Electronics
8243,Philips Kettle 385,4997.59,286,Home
8244,Anker Charger 787,3202.94,129,Accessories
8245,Portronics Earbuds 851,2911.82,491,Accessories
8246,Adidas Gym Bag 303,4150.48,40,Fitness
8247,Havells Kettle 946,7530.66,456,Home
8248,Havells Iron 777,4239.96,26,Home
8249,Boldfit Dumbbell Set 556,4464.84,40,Fitness
8250,Prestige Mixer Grinder 178,-4275.24,33,Home
8251,Bajaj Kettle 418,2399.22,199,Home
8252,Bajaj Water Bottle 718,1109.74,4,Home
8253,Milton Fan 242,1341.28,304,Home
8254,Havells Mixer Grinder 655,300.40,373,Home
8255,Philips Water Bottle 616,7062.75,491,Home
8256,Lenovo Laptop 456,78565.47,124,Electronics
8257,Cosco Dumbbell Set 643,1404.56,4,Fitness
8258,Anker Keyboard 704,1961.92,170,Accessories
8259,Zebronics Keyboard 710,1677.08,489,Accessories
8260,Adidas Dumbbell Set 574,2886.51,372,Fitness
8261,Cosco Skipping Rope 261,3451.65,97,Fitness
8262,Xiaomi Speaker 220,68801.71,93,Electronics
8263,Milton Lamp 320,7096.83,328,Home
8264,Milton Water Bottle 615,5704.17,263,Home
8265,Ambrane Mouse 958,1647.57,229,Accessories
8266,Xiaomi Tablet 900,85497.28,118,Electronics
8267,Realme Laptop 735,49763.33,359,Electronics
8268,Logitech Keyboard 353,2900.25,54,Accessories
8269,Portronics Keyboard 973,2788.63,44,Accessories
8270,Anker USB Cable 526,3699.44,341,Accessories
8271,Anker Power Bank 468,2745.33,375,Accessories
8272,Milton Fan 814,555.92,499,Home
8273,Ambrane Charger 215,1745.61,324,Accessories
8274,Decathlon Yoga Mat 867,4538.55,409,Fitness
8275,Lenovo Laptop 654,13571.12,107,Electronics
8276,Logitech USB Cable 687,1081.41,401,Accessories
8277,Zebronics Charger 963,-777.49,171,Accessories
8278,Anker Earbuds 395,2265.25,161,Accessories
8279,Milton Kettle 883,571.24,101,Home
8280,Zebronics USB Cable 208,710.17,225,Accessories
8281,Philips Kettle 305,5919.71,69,Home
8282,Samsung Monitor 343,18715.38,150,Electronics
8283,Cosco Dumbbell Set 508,2691.14,376,Fitness
8284,boAt Tablet 916,67533.59,380,Electronics
8285,Zebronics Mouse 849,844.66,41,Accessories
8286,Havells Iron 546,1583.03,104,Home
8287,Havells Fan 702,4468.39,217,Home
8288,Cosco Resistance Band 707,2977.78,341,Fitness
8289,Realme Mobile 564,77773.97,209,Electronics
8290,Adidas Gym Bag 869,2012.72,380,Fitness
8291,Zebronics Charger 124,2058.29,399,Accessories
8292,Adidas Gym Bag 881,4470.69,497,Fitness
8293,Xiaomi Monitor 491,89336.95,5,Electronics
8294,Havells Lamp 249,7332.44,55,Home
8295,Logitech Power Bank 173,1539.39,107,Accessories
8296,Havells Mixer Grinder 926,428.05,377,Home
8297,Milton Mixer Grinder 796,,48,Home
8298,Havells Lamp 263,3013.78,106,Home
8299,Bajaj Lamp 997,7054.01,270,Home
8300,Boldfit Resistance Band 409,2185.38,49,Fitness
8301,Xiaomi Tablet 557,56821.66,0,Electronics
8302,Milton Water Bottle 598,5066.26,44,Home
8303,Realme Monitor 976,88430.82,441,Electronics
8304,Portronics Power Bank 251,3658.38,348,Accessories
8305,Decathlon Dumbbell Set 697,1495.58,236,Fitness
8306,Cosco Gym Bag 737,-3516.77,195,Fitness
8307,Bajaj Kettle 667,4118.51,367,Home
8308,Boldfit Skipping Rope 936,3808.81,243,Fitness
8309,Logitech Charger 936,1935.31,244,Accessories
8310,Portronics USB Cable 219,1355.77,94,Accessories
8311,Boldfit Yoga Mat 110,4307.71,129,Fitness
8312,Decathlon Resistance Band 761,2545.17,365,Fitness
8313,Adidas Yoga Mat 569,3948.68,154,Fitness
8314,Cosco Resistance Band 427,2908.31,114,Fitness
8315,Samsung Monitor 220,41858.74,0,Electronics
8316,Milton Water Bottle 337,2178.89,420,Home
8317,Ambrane Keyboard 244,3710.54,251,Accessories
8318,boAt Smartwatch 763,48941.48,62,Electronics
8319,Realme Smartwatch 421,-56972.23,25,Electronics
8320,Portronics Power Bank 498,2182.69,293,Accessories
8321,Boldfit Gym Bag 903,2151.03,334,Fitness
8322,Adidas Dumbbell Set 107,4541.64,101,Fitness
8323,Anker USB Cable 311,2373.70,382,Accessories
8324,Philips Fan 270,2003.66,484,Home
8325,Anker Keyboard 250,1156.12,131,Accessories
8326,Milton Iron 465,6595.11,many,Home
8327,Zebronics Keyboard 980,2166.33,413,Accessories
8328,boAt Speaker 904,25183.18,65,Electronics
8329,Adidas Dumbbell Set 550,1959.02,345,Fitness
8330,Decathlon Resistance Band 895,2431.27,1,Fitness
8331,Nivia Skipping Rope 818,3359.86,54,Fitness
8332,Samsung Monitor 874,22442.85,372,Electronics
8333,Logitech Charger 137,2592.03,112,Accessories
8334,Anker USB Cable 352,375.56,357,Accessories
8335,Prestige Fan 869,1364.05,357,Home
8336,Decathlon Resistance Band 135,3731.19,472,Fitness
8337,Cosco Yoga Mat 865,3752.17,347,Fitness
8338,Boldfit Skipping Rope 129,2935.28,254,Fitness
8339,Ambrane Earbuds 998,3123.53,461,Accessories
8340,Adidas Skipping Rope 573,4481.88,402,Fitness
8341,Zebronics Mouse 779,2686.58,325,Accessories
8342,Ambrane Mouse 126,3864.17,476,Accessories
8343,boAt Mobile 817,69012.61,435,Electronics
8344,Ambrane Power Bank 828,1355.22,109,Accessories
8345,Anker Mouse 674,3126.59,112,Accessories
8346,Philips Water Bottle 393,7861.28,193,Home
8347,Nivia Skipping Rope 559,346.32,443,Fitness
8348,Samsung Laptop 914,43977.70,376,Electronics
8349,Samsung Monitor 754,33269.71,382,Electronics
8350,Boldfit Skipping Rope 815,4267.06,401,Fitness
8351,Nivia Skipping Rope 722,552.76,76,Fitness
8352,Logitech USB Cable 284,3191.65,320,Accessories
8353,Bajaj Lamp 556,3650.99,110,Home
8354,Milton Lamp 410,7077.02,227,Home
8355,Havells Lamp 836,2121.80,381,Home
8356,Decathlon Yoga Mat 753,2671.59,491,Fitness
8357,Ambrane Keyboard 147,1621.94,215,Accessories
8358,Portronics USB Cable 133,1656.47,355,Accessories
8359,Milton Lamp 376,6806.79,413,Home
8360,Ambrane USB Cable 811,2197.77,121,Accessories
8361,Havells Iron 517,4973.64,460,Home
8362,Realme Tablet 341,21371.59,473,Electronics
8363,Realme Smartwatch 345,4366.51,454,Electronics
8364,Milton Mixer Grinder 263,2027.35,89,Home
8365,Zebronics Keyboard 796,1192.95,168,Accessories
8366,Milton Iron 956,5579.58,389,Home
8367,Decathlon Skipping Rope 210,1234.83,388,Fitness
8368,Logitech Power Bank 225,1453.73,120,Accessories
8369,Prestige Iron 851,5952.84,16,Home
8370,Bajaj Water Bottle 652,7960.87,438,Home
8371,Samsung Smartwatch 209,84115.65,294,Electronics
8372,Realme Monitor 507,31141.24,418,Electronics
8373,Philips Mixer Grinder 972,4515.80,53,Home
8374,Havells Iron 446,5165.50,434,Home
8375,Ambrane Mouse 616,963.08,87,Accessories
8376,Nivia Dumbbell Set 945,4368.20,348,Fitness
8377,Ambrane USB Cable 681,857.31,311,Accessories
8378,Portronics Keyboard 973,2805.26,340,Accessories
8379,Samsung Laptop 389,33454.03,74,Electronics
8380,Boldfit Gym Bag 893,3514.40,314,Fitness
8381,Samsung Speaker 614,26117.11,498,Electronics
8382,Anker Charger 889,2925.02,5,Accessories
8383,boAt Mobile 290,17084.84,498,Electronics
8384,Xiaomi Tablet 591,72536.62,453,Electronics
8385,Philips Lamp 223,3331.62,358,Home
8386,Bajaj Mixer Grinder 660,1994.45,335,Home
8387,Decathlon Resistance Band 611,1032.72,330,Fitness
8388,Samsung Laptop 771,12770.06,107,Electronics
8389,Havells Kettle 787,4769.09,437,Home
8390,Portronics Keyboard 408,789.73,239,Accessories
8391,Havells Kettle 840,3512.68,223,Home
8392,Xiaomi Tablet 698,10032.00,386,Electronics
8393,Samsung Smartwatch 548,65955.57,376,Electronics
8394,Ambrane Charger 828,3252.90,308,Accessories
8395,Portronics Power Bank 192,2789.86,403,Accessories
8396,Bajaj Lamp 338,2731.70,224,Home
8397,Logitech Mouse 736,1604.99,208,Accessories
8398,Adidas Skipping Rope 397,220.56,404,Fitness
8399,Zebronics Power Bank 278,1384.74,298,Accessories
8400,Nivia Yoga Mat 953,500.50,391,Fitness
8401,Boldfit Gym Bag 412,702.82,495,Fitness
8402,Realme Laptop 332,73726.57,420,Electronics
8403,Decathlon Dumbbell Set 268,4797.32,169,Fitness
8404,Logitech Power Bank 354,2933.55,102,Accessories
8405,Ambrane Earbuds 399,2934.78,360,Accessories
8406,Nivia Resistance Band 263,1686.90,212,Fitness
8407,Xiaomi Speaker 183,6235.85,156,Electronics
8408,Lenovo Mobile 691,16788.53,46,Electronics
8409,Havells Fan 856,831.09,131,Home
8410,Lenovo Tablet 358,85927.47,326,Electronics
8411,Milton Lamp 732,1823.58,311,Home
8412,Prestige Water Bottle 727,3134.04,85,Home
8413,Adidas Resistance Band 334,2324.89,102,Fitness
8414,Logitech Charger 691,2238.27,32,Accessories
8415,Portronics Mouse 123,3557.44,453,Accessories
8416,Samsung Monitor 589,34742.97,317,Electronics
8417,Decathlon Resistance Band 267,2257.33,484,Fitness
8418,Cosco Skipping Rope 915,811.74,498,Fitness
8419,Havells Iron 927,free,204,Home
8420,Portronics Earbuds 760,1718.71,192,Accessories
8421,Adidas Yoga Mat 449,2181.13,459,Fitness
8422,Xiaomi Monitor 176,5613.62,26,Electronics
8423,Xiaomi Speaker 729,76399.35,43,Electronics
8424,Havells Lamp 724,1143.27,139,Home
8425,Portronics Power Bank 958,3592.39,130,Accessories
8426,boAt Monitor 739,89039.63,351,Electronics
8427,Xiaomi Smartwatch 465,38540.17,48,Electronics
8428,Realme Smartwatch 930,79289.71,276,Electronics
8429,Cosco Gym Bag 993,3218.83,477,Fitness
8430,Logitech Charger 809,1388.67,478,Accessories
8431,boAt Laptop 434,31461.22,258,Electronics
8432,Bajaj Water Bottle 863,6693.17,374,Home
8433,Lenovo Smartwatch 133,63724.48,383,Electronics
8434,Cosco Yoga Mat 261,3780.86,33,Fitness
8435,Xiaomi Mobile 894,0,476,Electronics
8436,Zebronics Charger 657,1322.52,45,Accessories
8437,Lenovo Mobile 920,29000.46,245,Electronics
8438,Havells Mixer Grinder 601,5671.20,182,Home
8439,Philips Water Bottle 918,5947.33,259,Home
8440,Lenovo Tablet 952,18462.01,181,Electronics
8441,Nivia Skipping Rope 972,2616.14,216,Fitness
8442,Havells Lamp 800,6320.12,462,Home
8443,Zebronics Keyboard 641,448.56,256,Accessories
8444,Realme Speaker 797,31382.23,311,Electronics
8445,Samsung Mobile 645,63296.46,305,Electronics
8446,Havells Kettle 533,3655.00,318,Home
8447,Nivia Resistance Band 855,3215.72,153,Fitness
8448,Boldfit Yoga Mat 581,3246.97,179,Fitness
8449,Milton Mixer Grinder 625,1827.58,252,Home
8450,boAt Smartwatch 665,11484.36,167,Electronics
8451,boAt Laptop 974,69625.08,275,Electronics
8452,Lenovo Speaker 874,53359.56,223,Electronics
8453,Decathlon Yoga Mat 767,4554.07,439,Fitness
8454,Nivia Dumbbell Set 907,2214.07,163,Fitness
8455,Decathlon Dumbbell Set 407,2403.19,351,Fitness
8456,Portronics Power Bank 912,2288.94,244,Accessories
8457,Boldfit Gym Bag 604,1427.42,404,Fitness
8458,Milton Iron 681,3021.59,176,Home
8459,Decathlon Yoga Mat 783,658.25,163,Fitness
8460,Decathlon Gym Bag 142,3422.06,298,Fitness
8461,Havells Water Bottle 923,6426.52,154,Home
8462,Milton Fan 350,2748.23,472,Home
8463,Nivia Skipping Rope 416,0,276,Fitness
8464,Adidas Resistance Band 731,4880.25,96,Fitness
8465,Xiaomi Mobile 130,21349.60,2,Electronics
8466,Anker USB Cable 337,2135.06,121,Accessories
8467,Lenovo Laptop 602,87922.20,163,Electronics
8468,Adidas Yoga Mat 981,2172.92,80,Fitness
8469,Bajaj Kettle 378,7971.00,119,Home
8470,Zebronics Keyboard 558,3223.92,53,Accessories
8471,Anker Keyboard 234,3529.49,455,Accessories
8472,Milton Water Bottle 193,4692.50,419,Home
8473,Adidas Yoga Mat 251,741.25,211,Fitness
8474,Decathlon Skipping Rope 279,3453.92,326,Fitness
8475,Boldfit Gym Bag 889,4021.86,402,Fitness
8476,boAt Smartwatch 397,57180.74,19,Electronics
8477,Ambrane Mouse 922,839.00,468,Accessories
8478,Anker Mouse 119,2783.05,142,Accessories
8479,Cosco Resistance Band 503,2047.36,24,Fitness
8480,Prestige Kettle 604,5706.14,72,Home
8481,Decathlon Gym Bag 366,3435.70,408,Fitness
8482,Philips Water Bottle 546,6843.99,160,Home
8483,boAt Monitor 789,78507.45,115,Electronics
8484,Anker USB Cable 770,2209.05,316,Accessories
8485,Anker Charger 124,,153,Accessories
8486,Logitech Keyboard 500,1282.46,87,Accessories
8487,Anker Mouse 989,3071.15,27,Accessories
8488,Havells Kettle 791,5177.87,328,Home
8489,Logitech USB Cable 855,3395.46,269,Accessories
8490,Havells Iron 844,3155.09,182,Home
8491,Portronics Charger 621,2700.80,202,Accessories
8492,Anker Charger 229,372.09,251,Accessories
8493,Philips Water Bottle 269,1241.10,410,Home
8494,Bajaj Iron 792,-1494.84,259,Home
8495,boAt Smartwatch 325,52267.08,230,Electronics
8496,Ambrane Power Bank 248,1450.73,249,Accessories
8497,Bajaj Water Bottle 118,6533.01,488,Home
8498,Prestige Lamp 350,2025.79,69,Home
8499,Samsung Monitor 359,42648.69,301,Electronics
8500,Ambrane Power Bank 581,2775.89,274,Accessories
8501,Logitech Keyboard 686,1700.99,320,Accessories
8502,Philips Mixer Grinder 834,387.07,160,Home
8503,Portronics Charger 242,3996.43,161,Accessories
8504,Xiaomi Mobile 361,31233.27,313,Electronics
8505,Ambrane Charger 829,2861.41,287,Accessories
8506,Nivia Gym Bag 860,1634.35,313,Fitness
8507,Milton Water Bottle 246,3909.26,204,Home
8508,boAt Tablet 250,69281.91,465,Electronics
8509,Anker Keyboard 997,2636.22,191,Accessories
8510,Logitech Keyboard 984,3457.41,120,Accessories
8511,boAt Smartwatch 417,44754.49,154,Electronics
8512,Samsung Laptop 933,63386.71,131,Electronics
8513,Cosco Dumbbell Set 524,3384.59,206,Fitness
8514,Nivia Skipping Rope 545,4968.78,469,Fitness
8515,Xiaomi Tablet 306,38990.53,84,Electronics
8516,Realme Laptop 839,20928.97,84,Electronics
8517,Adidas Gym Bag 589,672.54,383,Fitness
8518,Adidas Skipping Rope 611,4597.46,170,Fitness
8519,Logitech USB Cable 377,2238.74,73,Accessories
8520,Cosco Skipping Rope 405,2011.88,170,Fitness
8521,Havells Lamp 835,2607.96,469,Home
8522,Realme Mobile 104,27304.57,31,Electronics
8523,Bajaj Mixer Grinder 955,2278.53,113,Home
8524,Portronics Mouse 560,3351.82,84,Accessories
8525,Anker Power Bank 775,1236.81,73,Accessories
8526,Decathlon Skipping Rope 219,4318.25,443,Fitness
8527,Bajaj Iron 426,3081.59,175,Home
8528,Prestige Mixer Grinder 713,5105.19,354,Home
8529,Decathlon Dumbbell Set 982,768.86,417,Fitness
8530,Anker Keyboard 153,435.17,214,Accessories
8531,Cosco Dumbbell Set 302,4627.27,352,Fitness
8532,Lenovo Tablet 984,10908.69,108,Electronics
8533,Milton Lamp 815,6750.88,456,Home
8534,Samsung Tablet 818,89424.69,97,Electronics
8535,Cosco Skipping Rope 700,763.58,114,Fitness
8536,Realme Speaker 499,74695.17,81,Electronics
8537,Logitech Charger 473,604.92,55,Accessories
8538,Havells Fan 961,6433.84,315,Home
8539,Decathlon Yoga Mat 981,819.63,246,Fitness
8540,Portronics Keyboard 477,1581.66,314,Accessories
8541,Xiaomi Smartwatch 236,48400.03,391,Electronics
8542,Zebronics Earbuds 343,2266.38,117,Accessories
8543,Milton Iron 908,7331.02,211,Home
8544,Boldfit Yoga Mat 937,3191.27,120,Fitness
8545,Zebronics Keyboard 656,365.12,64,Accessories
8546,Xiaomi Mobile 375,39044.47,284,Electronics
8547,Milton Mixer Grinder 395,1758.00,32,Home
8548,Ambrane Earbuds 898,2860.36,499,Accessories
8549,Philips Lamp 170,3557.65,251,Home
8550,Milton Kettle 556,7439.57,0,Home
8551,Havells Kettle 561,,342,Home
8552,Philips Water Bottle 771,7629.29,304,Home
8553,Philips Water Bottle 980,4346.93,272,Home
8554,Nivia Dumbbell Set 989,1118.69,237,Fitness
8555,Cosco Skipping Rope 349,4528.37,0,Fitness
8556,Logitech Earbuds 360,3476.54,470,Accessories
8557,Boldfit Gym Bag 929,1148.42,50,Fitness
8558,Realme Tablet 671,44671.23,308,Electronics
8559,Ambrane Keyboard 169,274.82,147,Accessories
8560,Zebronics Mouse 445,2046.94,380,Accessories
8561,Milton Kettle 885,6974.68,360,Home
8562,Decathlon Gym Bag 797,2543.83,497,Fitness
8563,Boldfit Yoga Mat 712,4457.82,151,Fitness
8564,Portronics Earbuds 142,1573.31,0,Accessories
8565,Samsung Speaker 581,51518.73,28,Electronics
8566,Realme Tablet 930,33555.71,64,Electronics
8567,Milton Iron 684,0,208,Home
8568,Ambrane Earbuds 291,805.40,171,Accessories
8569,Zebronics Earbuds 650,1274.55,148,Accessories
8570,Philips Iron 332,7849.93,185,Home
8571,Zebronics USB Cable 253,779.67,74,Accessories
8572,Ambrane Keyboard 895,3588.85,201,Accessories
8573,Decathlon Resistance Band 406,2184.92,121,Fitness
8574,Lenovo Speaker 755,80090.00,145,Electronics
8575,Boldfit Yoga Mat 110,1239.47,351,Fitness
8576,Prestige Lamp 731,901.21,12,Home
8577,Cosco Skipping Rope 837,3605.40,268,Fitness
8578,Samsung Tablet 889,11982.69,456,Electronics
8579,boAt Smartwatch 752,34932.92,402,Electronics
8580,Decathlon Gym Bag 542,3961.45,402,Fitness
8581,Samsung Laptop 656,82031.77,126,Electronics
8582,Cosco Yoga Mat 929,1730.77,364,Fitness
8583,Bajaj Water Bottle 348,1364.72,67,Home
8584,Lenovo Mobile 129,26605.35,267,Electronics
8585,boAt Smartwatch 298,54807.62,108,Electronics
8586,Philips Mixer Grinder 234,693.61,398,Home
8587,Logitech Earbuds 224,838.91,9,Accessories
8588,Realme Tablet 779,-86949.06,466,Electronics
8589,Ambrane USB Cable 585,3715.04,92,Accessories
8590,Zebronics Earbuds 180,266.22,126,Accessories
8591,Milton Mixer Grinder 437,3160.29,314,Home
8592,Decathlon Skipping Rope 646,3352.60,407,Fitness
8593,Nivia Skipping Rope 584,N/A,343,Fitness
8594,Bajaj Iron 549,4881.84,64,Home
8595,Bajaj Mixer Grinder 945,6787.48,443,Home
8596,Cosco Yoga Mat 280,2711.22,235,Fitness
8597,Realme Laptop 329,33443.56,77,Electronics
8598,Decathlon Yoga Mat 608,2580.17,497,Fitness
8599,Samsung Smartwatch 549,25047.14,120,Electronics
8600,Nivia Gym Bag 492,4105.07,127,Fitness
8601,Lenovo Smartwatch 211,89259.07,498,Electronics
8602,Zebronics Power Bank 555,2885.80,379,Accessories
8603,Realme Laptop 348,77551.47,0,Electronics
8604,Milton Mixer Grinder 391,4448.70,171,Home
8605,Decathlon Dumbbell Set 713,3301.00,267,Fitness
8606,Prestige Fan 944,5168.26,153,Home
8607,Ambrane Mouse 865,3377.47,350,Accessories
8608,Adidas Yoga Mat 493,1552.59,90,Fitness
8609,Cosco Skipping Rope 338,1687.16,292,Fitness
8610,Samsung Mobile 860,5998.76,131,Electronics
8611,boAt Mobile 682,83153.81,310,Electronics
8612,boAt Monitor 146,23532.83,411,Electronics
8613,Ambrane Keyboard 776,711.20,238,Accessories
8614,Boldfit Skipping Rope 497,2009.25,391,Fitness
8615,Havells Iron 536,6493.08,263,Home
8616,Prestige Water Bottle 270,2533.12,340,Home
8617,Anker Earbuds 972,3917.11,325,Accessories
8618,Milton Water Bottle 435,796.53,322,Home
8619,Milton Iron 742,5793.82,344,Home
8620,Adidas Gym Bag 670,4189.08,51,Fitness
8621,Zebronics Power Bank 573,2766.38,229,Accessories
8622,Prestige Kettle 143,3012.43,320,Home
8623,Zebronics Earbuds 790,3754.25,195,Accessories
8624,boAt Smartwatch 607,9135.92,10,Electronics
8625,Samsung Tablet 692,12920.74,336,Electronics
8626,Xiaomi Mobile 595,81566.97,231,Electronics
8627,Logitech Power Bank 606,1847.58,340,Accessories
8628,Decathlon Dumbbell Set 629,,495,Fitness
8629,Ambrane Mouse 106,691.15,317,Accessories
8630,Adidas Skipping Rope 235,1342.27,240,Fitness
8631,Samsung Smartwatch 935,23366.44,485,Electronics
8632,Cosco Skipping Rope 343,3945.17,245,Fitness
8633,Adidas Gym Bag 671,2539.43,248,Fitness
8634,Prestige Mixer Grinder 847,6808.39,123,Home
8635,Cosco Resistance Band 813,3368.24,470,Fitness
8636,Boldfit Dumbbell Set 271,1287.59,494,Fitness
8637,Nivia Resistance Band 160,2734.12,165,Fitness
8638,Cosco Gym Bag 708,2809.50,327,Fitness
8639,boAt Speaker 988,47681.39,286,Electronics
8640,Zebronics USB Cable 814,2178.35,278,Accessories
8641,Decathlon Dumbbell Set 381,2855.74,464,Fitness
8642,Philips Lamp 911,2380.04,360,Home
8643,Anker USB Cable 621,2825.40,157,Accessories
8644,Zebronics USB Cable 951,1207.51,226,Accessories
8645,Anker Charger 929,2055.85,171,Accessories
8646,Decathlon Yoga Mat 670,2149.49,17,Fitness
8647,Anker USB Cable 805,3228.37,58,Accessories
8648,Ambrane Charger 844,1068.00,217,Accessories
8649,Havells Mixer Grinder 540,4769.76,18,Home
8650,Ambrane USB Cable 385,377.76,250,Accessories
8651,Decathlon Resistance Band 239,3238.36,25,Fitness
8652,boAt Tablet 950,54889.71,309,Electronics
8653,Bajaj Kettle 338,3126.54,132,Home
8654,Bajaj Lamp 190,809.09,4,Home
8655,Realme Speaker 934,32369.68,277,Electronics
8656,Decathlon Resistance Band 745,256.40,113,Fitness
8657,Nivia Dumbbell Set 226,2397.25,179,Fitness
8658,Philips Water Bottle 734,2030.27,0,Home
8659,Anker USB Cable 157,212.66,455,Accessories
8660,Samsung Monitor 802,89970.59,83,Electronics
8661,Portronics Earbuds 596,1894.66,204,Accessories
8662,Samsung Tablet 661,6871.13,266,Electronics
8663,Decathlon Yoga Mat 668,4149.81,434,Fitness
8664,boAt Speaker 890,73532.17,295,Electronics
8665,Realme Smartwatch 722,64836.58,468,Electronics
8666,Samsung Monitor 476,34046.81,261,Electronics
8667,Portronics USB Cable 781,3312.18,346,Accessories
8668,Xiaomi Speaker 989,51588.87,386,Electronics
8669,Xiaomi Speaker 899,87947.80,254,Electronics
8670,Ambrane Earbuds 401,1301.06,96,Accessories
8671,Milton Water Bottle 939,5827.37,368,Home
8672,Realme Laptop 970,9462.40,70,Electronics
8673,Cosco Skipping Rope 256,847.66,285,Fitness
8674,Samsung Speaker 847,50615.65,68,Electronics
8675,Zebronics Power Bank 232,2698.89,390,Accessories
8676,Boldfit Skipping Rope 755,1491.35,118,Fitness
8677,Bajaj Water Bottle 401,3232.96,233,Home
8678,Philips Iron 534,2648.58,467,Home
8679,Prestige Iron 924,354.71,453,Home
8680,Samsung Monitor 461,83403.91,372,Electronics
8681,boAt Speaker 128,67889.72,30,Electronics
8682,Boldfit Gym Bag 465,4024.38,279,Fitness
8683,Lenovo Mobile 564,25025.26,314,Electronics
8684,boAt Laptop 485,11891.16,215,Electronics
8685,Samsung Smartwatch 382,54708.41,216,Electronics
8686,Prestige Iron 400,6569.74,14,Home
8687,Portronics Mouse 628,3589.99,427,Accessories
8688,Logitech Charger 844,2774.59,237,Accessories
8689,Boldfit Gym Bag 544,1460.28,397,Fitness
8690,Havells Fan 532,2158.32,259,Home
8691,Zebronics Charger 928,262.82,242,Accessories
8692,Lenovo Laptop 614,63180.15,434,Electronics
8693,Adidas Yoga Mat 292,948.20,72,Fitness
8694,Decathlon Yoga Mat 506,723.77,394,Fitness
8695,Cosco Dumbbell Set 511,4540.45,357,Fitness
8696,Nivia Yoga Mat 945,1671.56,0,Fitness
8697,Bajaj Water Bottle 624,5950.88,204,Home
8698,Bajaj Lamp 252,6490.54,311,Home
8699,Nivia Yoga Mat 416,2635.02,401,Fitness
8700,boAt Speaker 306,78050.09,145,Electronics
8701,Zebronics Mouse 144,3476.87,499,Accessories
8702,Philips Mixer Grinder 348,4892.70,183,Home
8703,Philips Mixer Grinder 234,1470.07,95,Home
8704,Portronics USB Cable 160,1461.92,12,Accessories
8705,boAt Mobile 425,0,213,Electronics
8706,Prestige Lamp 792,5519.28,256,Home
8707,Xiaomi Mobile 478,73943.08,207,Electronics
8708,Samsung Speaker 477,19862.89,266,Electronics
8709,Milton Kettle 649,2604.49,416,Home
8710,Lenovo Mobile 680,37060.45,275,Electronics
8711,Anker USB Cable 445,1169.02,413,Accessories
8712,Realme Speaker 189,35625.90,266,Electronics
8713,Samsung Mobile 391,30284.89,84,Electronics
8714,Philips Water Bottle 301,7584.89,157,Home
8715,Prestige Lamp 920,4203.57,491,Home
8716,Nivia Skipping Rope 354,237.93,260,Fitness
8717,Nivia Skipping Rope 382,484.72,276,Fitness
8718,Milton Lamp 864,6045.18,117,Home
8719,boAt Speaker 842,61230.97,252,Electronics
8720,Havells Kettle 430,4999.70,478,Home
8721,Boldfit Dumbbell Set 943,4756.38,1,Fitness
8722,Boldfit Dumbbell Set 955,3697.31,301,Fitness
8723,Bajaj Kettle 874,1430.53,0,Home
8724,boAt Mobile 622,82887.97,218,Electronics
8725,Lenovo Monitor 425,12867.40,196,Electronics
8726,Portronics Mouse 487,3210.36,356,Accessories
8727,Nivia Yoga Mat 401,2351.24,114,Fitness
8728,Philips Kettle 500,1304.72,271,Home
8729,Adidas Gym Bag 610,565.90,270,Fitness
8730,Cosco Yoga Mat 939,0,110,Fitness
8731,Philips Fan 809,1703.56,464,Home
8732,Bajaj Mixer Grinder 627,7265.56,363,Home
8733,Milton Iron 653,3267.25,4,Home
8734,Adidas Dumbbell Set 821,2567.81,401,Fitness
8735,Ambrane USB Cable 290,2958.53,164,Accessories
8736,Cosco Resistance Band 224,2821.34,98,Fitness
8737,Cosco Dumbbell Set 581,233.17,203,Fitness
8738,Havells Kettle 786,1552.44,137,Home
8739,Prestige Mixer Grinder 103,6706.84,102,Home
8740,Adidas Resistance Band 912,3443.01,462,Fitness
8741,Bajaj Iron 411,939.81,150,Home
8742,boAt Monitor 461,87513.96,391,Electronics
8743,Xiaomi Laptop 219,79524.73,398,Electronics
8744,Portronics Charger 145,3268.85,282,Accessories
8745,Zebronics Mouse 404,711.15,38,Accessories
8746,Bajaj Mixer Grinder 923,-4307.86,97,Home
8747,Boldfit Skipping Rope 157,3788.93,164,Fitness
8748,Ambrane Power Bank 553,665.64,0,Accessories
8749,Decathlon Resistance Band 320,3580.25,339,Fitness
8750,Milton Fan 992,438.69,439,Home
8751,Samsung Tablet 170,16270.87,439,Electronics
8752,Ambrane Keyboard 797,1851.93,190,Accessories
8753,Cosco Dumbbell Set 209,3943.39,60,Fitness
8754,Samsung Laptop 641,83078.87,129,Electronics
8755,Logitech Keyboard 976,1925.18,33,Accessories
8756,Boldfit Gym Bag 250,3421.83,363,Fitness
8757,Samsung Smartwatch 402,42065.48,488,Electronics
8758,Bajaj Lamp 304,5707.92,134,Home
8759,Milton Iron 694,0,465,Home
8760,boAt Tablet 255,26845.44,34,Electronics
8761,Havells Kettle 422,4554.83,426,Home
8762,Logitech Charger 863,1476.52,447,Accessories
8763,Nivia Yoga Mat 370,230.73,233,Fitness
8764,Nivia Skipping Rope 201,2909.81,117,Fitness
8765,Anker Charger 224,2870.67,357,Accessories
8766,Ambrane Keyboard 595,322.28,246,Accessories
8767,Prestige Mixer Grinder 693,4326.45,254,Home
8768,Anker Power Bank 124,-2995.09,483,Accessories
8769,boAt Monitor 916,28204.43,354,Electronics
8770,Boldfit Skipping Rope 379,2162.97,196,Fitness
8771,Portronics Power Bank 377,926.55,120,Accessories
8772,Bajaj Lamp 288,1603.35,470,Home
8773,Cosco Yoga Mat 505,713.47,171,Fitness
8774,Milton Iron 139,4435.53,440,Home
8775,Xiaomi Mobile 372,32401.38,398,Electronics
8776,Bajaj Water Bottle 528,3062.70,231,Home
8777,Philips Fan 662,4752.92,395,Home
8778,Ambrane Earbuds 881,1570.35,110,Accessories
8779,boAt Monitor 696,65126.47,284,Electronics
8780,Realme Laptop 141,44303.37,117,Electronics
8781,Portronics Keyboard 359,2178.97,0,Accessories
8782,boAt Speaker 349,18932.53,228,Electronics
8783,Ambrane Charger 680,1969.39,349,Accessories
8784,Prestige Kettle 192,2381.04,182,Home
8785,Realme Tablet 980,80758.36,42,Electronics
8786,Logitech Mouse 696,2256.40,346,Accessories
8787,Anker Power Bank 333,3670.36,347,Accessories
8788,Prestige Fan 274,4652.65,213,Home
8789,Boldfit Skipping Rope 779,1073.58,33,Fitness
8790,Boldfit Skipping Rope 592,2984.03,214,Fitness
8791,Philips Water Bottle 937,6713.56,156,Home
8792,Anker Mouse 803,1477.14,202,Accessories
8793,Decathlon Skipping Rope 726,2041.91,220,Fitness
8794,Lenovo Laptop 402,21143.33,397,Electronics
8795,Portronics Power Bank 516,3238.54,359,Accessories
8796,Logitech Keyboard 591,3566.19,many,Accessories
8797,Samsung Tablet 821,78685.20,32,Electronics
8798,Logitech Earbuds 977,1889.95,47,Accessories
8799,Logitech Keyboard 359,3740.18,336,Accessories
8800,Milton Lamp 446,4792.55,361,Home
8801,Xiaomi Mobile 586,63128.64,7,Electronics
8802,Adidas Dumbbell Set 501,4600.03,189,Fitness
8803,Zebronics USB Cable 161,913.56,461,Accessories
8804,boAt Smartwatch 167,49706.43,169,Electronics
8805,boAt Mobile 472,80178.37,16,Electronics
8806,Zebronics USB Cable 776,2232.92,255,Accessories
8807,Logitech Keyboard 531,1630.81,270,Accessories
8808,boAt Mobile 803,87019.39,432,Electronics
8809,Zebronics Keyboard 161,1147.83,91,Accessories
8810,Prestige Mixer Grinder 633,2457.26,50,Home
8811,Samsung Mobile 283,8590.02,322,Electronics
8812,boAt Mobile 243,29700.32,184,Electronics
8813,Philips Lamp 151,5733.72,83,Home
8814,Boldfit Skipping Rope 112,1916.75,16,Fitness
8815,Decathlon Gym Bag 121,4908.19,324,Fitness
8816,Nivia Dumbbell Set 167,1099.96,86,Fitness
8817,Havells Fan 193,3681.98,61,Home
8818,Milton Fan 786,2205.88,243,Home
8819,Lenovo Tablet 742,73184.12,52,Electronics
8820,Milton Kettle 201,4283.03,364,Home
8821,Decathlon Skipping Rope 112,2510.68,151,Fitness
8822,Logitech Power Bank 426,2360.22,141,Accessories
8823,Samsung Monitor 767,62132.95,332,Electronics
8824,boAt Tablet 212,4072.53,441,Electronics
8825,Ambrane Keyboard 479,1131.93,416,Accessories
8826,Cosco Yoga Mat 182,1814.51,84,Fitness
8827,Ambrane USB Cable 328,758.96,48,Accessories
8828,Anker Power Bank 436,804.74,ten,Accessories
8829,Cosco Resistance Band 292,4386.58,442,Fitness
8830,Milton Kettle 921,5766.24,137,Home
8831,Nivia Resistance Band 641,0,133,Fitness
8832,Adidas Yoga Mat 283,3736.90,164,Fitness
8833,Ambrane Earbuds 860,1116.29,229,Accessories
8834,Decathlon Dumbbell Set 526,3918.51,104,Fitness
8835,Samsung Monitor 523,77205.51,330,Electronics
8836,Xiaomi Speaker 335,8559.41,482,Electronics
8837,Prestige Fan 627,5486.00,436,Home
8838,Cosco Skipping Rope 907,4079.82,405,Fitness
8839,Zebronics Mouse 312,1638.40,61,Accessories
8840,Ambrane Charger 562,1356.64,141,Accessories
8841,Lenovo Mobile 412,58514.29,269,Electronics
8842,Philips Water Bottle 484,2687.97,374,Home
8843,Xiaomi Laptop 710,80519.19,402,Electronics
8844,Boldfit Resistance Band 495,409.51,340,Fitness
8845,boAt Smartwatch 561,27192.59,121,Electronics
8846,Portronics USB Cable 863,3476.19,350,Accessories
8847,boAt Mobile 215,35979.84,269,Electronics
8848,Samsung Tablet 465,32509.74,104,Electronics
8849,Havells Lamp 547,7799.17,53,Home
8850,Boldfit Resistance Band 309,315.39,172,Fitness
8851,Lenovo Smartwatch 429,63497.23,40,Electronics
8852,Xiaomi Smartwatch 969,59903.79,168,Electronics
8853,Zebronics Keyboard 289,2386.58,113,Accessories
8854,Milton Lamp 163,3479.03,120,Home
8855,Ambrane Power Bank 141,2259.67,472,Accessories
8856,Zebronics Keyboard 961,3701.03,124,Accessories
8857,Portronics Charger 219,2468.27,395,Accessories
8858,Havells Mixer Grinder 683,2840.60,478,Home
8859,Philips Fan 585,3182.12,35,Home
8860,boAt Laptop 675,64335.25,380,Electronics
8861,Xiaomi Mobile 283,23422.66,234,Electronics
8862,Decathlon Skipping Rope 683,3009.09,425,Fitness
8863,Zebronics Charger 355,2281.12,129,Accessories
8864,Adidas Yoga Mat 560,2421.02,466,Fitness
8865,boAt Mobile 671,67161.31,400,Electronics
8866,Samsung Mobile 512,61909.35,373,Electronics
8867,Adidas Resistance Band 147,4719.17,400,Fitness
8868,Ambrane Mouse 251,2840.29,320,Accessories
8869,Xiaomi Smartwatch 681,65645.03,408,Electronics
8870,Ambrane USB Cable 693,1151.35,412,Accessories
8871,Xiaomi Laptop 793,61557.62,169,Electronics
8872,Lenovo Laptop 578,-64212.50,147,Electronics
8873,Logitech Keyboard 659,939.36,333,Accessories
8874,Bajaj Water Bottle 246,5852.50,470,Home
8875,Portronics Charger 830,2104.56,38,Accessories
8876,Adidas Gym Bag 176,2576.12,85,Fitness
8877,Samsung Monitor 140,9997.98,330,Electronics
8878,Philips Water Bottle 908,5217.18,325,Home
8879,Lenovo Mobile 934,8406.78,55,Electronics
8880,boAt Smartwatch 693,34301.52,437,Electronics
8881,Adidas Dumbbell Set 100,1521.04,258,Fitness
8882,Samsung Speaker 578,74054.03,26,Electronics
8883,Philips Iron 849,968.85,343,Home
8884,Portronics Mouse 161,954.60,361,Accessories
8885,Adidas Resistance Band 243,2576.89,384,Fitness
8886,Prestige Lamp 733,,443,Home
8887,Bajaj Iron 244,5736.39,121,Home
8888,Cosco Resistance Band 629,4976.72,232,Fitness
8889,Bajaj Lamp 894,5933.74,414,Home
8890,Bajaj Mixer Grinder 510,1140.75,19,Home
8891,Ambrane Charger 932,3325.88,241,Accessories
8892,Milton Lamp 538,6971.18,89,Home
8893,Havells Mixer Grinder 666,5515.13,448,Home
8894,Havells Kettle 369,5412.71,172,Home
8895,boAt Mobile 933,67518.76,8,Electronics
8896,Adidas Yoga Mat 732,279.94,0,Fitness
8897,Philips Kettle 636,7438.51,367,Home
8898,Samsung Speaker 706,26269.26,408,Electronics
8899,boAt Mobile 706,65722.79,173,Electronics
8900,Nivia Resistance Band 575,4943.32,213,Fitness
8901,boAt Mobile 524,44068.12,242,Electronics
8902,Adidas Yoga Mat 355,1555.04,116,Fitness
8903,Zebronics Charger 795,free,242,Accessories
8904,Cosco Yoga Mat 675,850.93,384,Fitness
8905,Bajaj Fan 716,1601.36,347,Home
8906,Cosco Skipping Rope 275,3383.85,488,Fitness
8907,Adidas Skipping Rope 602,2486.90,195,Fitness
8908,Zebronics Mouse 866,3349.96,458,Accessories
8909,Cosco Skipping Rope 907,3539.66,297,Fitness
8910,Nivia Skipping Rope 469,2121.48,485,Fitness
8911,Boldfit Dumbbell Set 806,3092.58,228,Fitness
8912,Milton Kettle 379,4264.30,81,Home
8913,boAt Mobile 361,36388.17,88,Electronics
8914,Portronics Charger 297,3307.75,432,Accessories
8915,Xiaomi Laptop 408,60640.34,158,Electronics
8916,Ambrane Keyboard 678,1811.00,325,Accessories
8917,Prestige Mixer Grinder 545,3588.96,5,Home
8918,Zebronics Charger 254,1396.37,460,Accessories
8919,Prestige Kettle 998,3277.67,193,Home
8920,Samsung Speaker 668,70998.70,416,Electronics
8921,Adidas Resistance Band 540,3401.42,231,Fitness
8922,Bajaj Mixer Grinder 227,6324.68,158,Home
8923,Cosco Resistance Band 564,1393.60,123,Fitness
8924,boAt Mobile 139,31560.29,277,Electronics
8925,Samsung Mobile 861,18199.73,147,Electronics
8926,Realme Smartwatch 175,11152.12,213,Electronics
8927,Anker Earbuds 141,1029.11,312,Accessories
8928,Decathlon Dumbbell Set 568,2849.88,189,Fitness
8929,Milton Iron 351,1709.70,201,Home
8930,Boldfit Yoga Mat 174,2523.17,7,Fitness
8931,Anker Keyboard 336,1506.28,41,Accessories
8932,Boldfit Dumbbell Set 977,1594.83,36,Fitness
8933,Havells Lamp 672,6726.31,379,Home
8934,Ambrane Mouse 388,1393.97,346,Accessories
8935,Lenovo Laptop 290,33490.28,337,Electronics
8936,Ambrane Keyboard 260,1328.73,ten,Accessories
8937,Realme Smartwatch 111,74662.92,136,Electronics
8938,Lenovo Smartwatch 946,48775.82,450,Electronics
8939,Decathlon Resistance Band 689,730.40,362,Fitness
8940,Nivia Gym Bag 843,829.89,82,Fitness
8941,Nivia Gym Bag 227,4786.09,148,Fitness
8942,Adidas Skipping Rope 772,720.90,138,Fitness
8943,Realme Smartwatch 402,29745.77,364,Electronics
8944,Adidas Skipping Rope 576,3971.64,227,Fitness
8945,Cosco Resistance Band 633,2610.70,483,Fitness
8946,Samsung Monitor 639,0,414,Electronics
8947,Logitech Earbuds 398,1802.89,165,Accessories
8948,Ambrane Earbuds 778,1453.57,268,Accessories
8949,Samsung Mobile 633,32662.92,393,Electronics
8950,Prestige Kettle 190,3152.61,187,Home
8951,Samsung Smartwatch 807,77992.91,171,Electronics
8952,Realme Mobile 409,35842.05,460,Electronics
8953,Prestige Mixer Grinder 443,5943.61,414,Home
8954,Philips Fan 102,422.23,312,Home
8955,Realme Laptop 876,43378.16,309,Electronics
8956,Anker USB Cable 375,667.38,374,Accessories
8957,Ambrane Earbuds 691,904.15,305,Accessories
8958,Realme Tablet 976,9897.87,239,Electronics
8959,Xiaomi Tablet 247,10842.01,450,Electronics
8960,boAt Mobile 911,27018.46,495,Electronics
8961,Anker Power Bank 740,3236.14,193,Accessories
8962,Adidas Gym Bag 255,296.74,49,Fitness
8963,Cosco Gym Bag 355,4738.35,86,Fitness
8964,Adidas Resistance Band 525,2156.48,32,Fitness
8965,Havells Water Bottle 625,7241.36,280,Home
8966,Anker Charger 469,1061.43,284,Accessories
8967,Lenovo Smartwatch 474,13677.57,179,Electronics
8968,Bajaj Lamp 469,4489.99,20,Home
8969,Boldfit Dumbbell Set 737,3676.07,274,Fitness
8970,Decathlon Resistance Band 406,2949.03,41,Fitness
8971,Anker USB Cable 215,906.97,181,Accessories
8972,Lenovo Smartwatch 519,8903.12,11,Electronics
8973,Bajaj Lamp 464,2024.95,404,Home
8974,Philips Fan 485,1692.46,0,Home
8975,Portronics Keyboard 760,1172.62,154,Accessories
8976,Milton Kettle 838,-3094.31,191,Home
8977,Anker USB Cable 888,1493.07,N/A,Accessories
8978,Realme Tablet 630,86910.07,0,Electronics
8979,Samsung Monitor 569,76635.47,18,Electronics
8980,Samsung Laptop 617,28666.15,40,Electronics
8981,Philips Iron 513,6750.33,235,Home
8982,Realme Smartwatch 980,28970.61,334,Electronics
8983,Bajaj Iron 798,1300.20,393,Home
8984,boAt Smartwatch 294,33301.17,427,Electronics
8985,Adidas Resistance Band 716,926.43,295,Fitness
8986,Xiaomi Monitor 933,73635.97,464,Electronics
8987,Realme Speaker 972,9727.41,468,Electronics
8988,Portronics USB Cable 522,2756.11,490,Accessories
8989,Nivia Gym Bag 442,4839.60,103,Fitness
8990,Portronics Mouse 897,738.43,473,Accessories
8991,Philips Water Bottle 800,4166.69,85,Home
8992,Boldfit Resistance Band 341,263.69,379,Fitness
8993,Decathlon Skipping Rope 384,4477.80,38,Fitness
8994,Cosco Skipping Rope 104,317.33,155,Fitness
8995,Prestige Iron 982,7297.56,16,Home
8996,Bajaj Kettle 878,1818.99,389,Home
8997,Nivia Gym Bag 825,2142.07,293,Fitness
8998,Ambrane Earbuds 296,1712.58,15,Accessories
8999,Adidas Yoga Mat 890,423.20,457,Fitness
9000,Adidas Resistance Band 499,1487.69,215,Fitness
9001,Xiaomi Laptop 127,9793.27,421,Electronics
9002,Realme Tablet 289,53162.12,149,Electronics
9003,Philips Kettle 504,6123.40,326,Home
9004,boAt Monitor 504,28246.75,288,Electronics
9005,Samsung Monitor 882,37157.79,188,Electronics
9006,Portronics Keyboard 110,1622.46,101,Accessories
9007,Xiaomi Smartwatch 188,19095.91,464,Electronics
9008,Zebronics Keyboard 456,3087.36,261,Accessories
9009,Logitech Mouse 686,2845.75,386,Accessories
9010,Logitech Charger 296,-2493.64,245,Accessories
9011,Portronics Keyboard 256,708.82,73,Accessories
9012,boAt Smartwatch 806,72538.75,100,Electronics
9013,Portronics Power Bank 848,TBD,294,Accessories
9014,Decathlon Yoga Mat 228,2187.15,373,Fitness
9015,boAt Tablet 421,68426.05,429,Electronics
9016,Samsung Tablet 305,47235.82,41,Electronics
9017,Ambrane Earbuds 200,2002.44,250,Accessories
9018,Nivia Skipping Rope 856,3110.57,252,Fitness
9019,Cosco Yoga Mat 275,3267.22,54,Fitness
9020,Havells Fan 153,7387.28,217,Home
9021,Xiaomi Speaker 357,,499,Electronics
9022,Prestige Iron 987,4813.54,299,Home
9023,Milton Mixer Grinder 156,5035.10,173,Home
9024,Decathlon Resistance Band 567,278.15,1,Fitness
9025,Realme Tablet 961,23910.67,390,Electronics
9026,Xiaomi Monitor 760,78974.26,172,Electronics
9027,Bajaj Fan 152,3528.68,43,Home
9028,Realme Laptop 845,78894.77,150,Electronics
9029,Milton Fan 181,1171.37,73,Home
9030,Boldfit Resistance Band 487,4851.69,180,Fitness
9031,Portronics Charger 955,274.67,218,Accessories
9032,Realme Smartwatch 240,76302.90,139,Electronics
9033,Boldfit Dumbbell Set 386,3501.44,311,Fitness
9034,Portronics Keyboard 354,3930.11,444,Accessories
9035,Prestige Mixer Grinder 214,1597.88,213,Home
9036,Nivia Gym Bag 838,676.06,444,Fitness
9037,Havells Kettle 651,1559.09,252,Home
9038,Bajaj Water Bottle 279,1695.54,19,Home
9039,Ambrane Charger 912,1259.30,147,Accessories
9040,Lenovo Tablet 660,24937.06,488,Electronics
9041,Cosco Gym Bag 166,1969.12,190,Fitness
9042,Anker USB Cable 334,474.60,127,Accessories
9043,Ambrane Keyboard 748,1968.94,277,Accessories
9044,Decathlon Gym Bag 482,3643.76,46,Fitness
9045,Anker Mouse 567,1132.85,340,Accessories
9046,Nivia Resistance Band 532,4312.38,328,Fitness
9047,boAt Monitor 294,30728.71,434,Electronics
9048,Adidas Resistance Band 120,3319.10,149,Fitness
9049,Milton Water Bottle 704,2375.86,108,Home
9050,Logitech USB Cable 309,174.87,81,Accessories
9051,Realme Tablet 366,17235.94,36,Electronics
9052,Adidas Yoga Mat 284,634.12,399,Fitness
9053,Cosco Resistance Band 881,4754.35,40,Fitness
9054,Samsung Smartwatch 543,32501.04,498,Electronics
9055,Samsung Speaker 849,52029.88,209,Electronics
9056,Prestige Water Bottle 356,6465.24,211,Home
9057,Xiaomi Monitor 790,-30985.25,441,Electronics
9058,Havells Lamp 770,7059.78,249,Home
9059,Philips Fan 397,3419.29,461,Home
9060,Adidas Resistance Band 493,2575.51,278,Fitness
9061,Boldfit Yoga Mat 329,3207.14,372,Fitness
9062,Milton Water Bottle 989,5079.14,141,Home
9063,Realme Tablet 471,28364.86,410,Electronics
9064,Samsung Speaker 209,12226.23,290,Electronics
9065,Cosco Yoga Mat 585,2550.18,497,Fitness
9066,Realme Smartwatch 646,72175.57,495,Electronics
9067,Adidas Skipping Rope 346,4183.38,79,Fitness
9068,Portronics Mouse 288,3025.12,417,Accessories
9069,Cosco Yoga Mat 502,4729.90,119,Fitness
9070,Philips Mixer Grinder 433,4891.18,378,Home
9071,Nivia Skipping Rope 535,2227.79,133,Fitness
9072,Logitech Earbuds 380,1313.73,24,Accessories
9073,Nivia Skipping Rope 893,4585.00,134,Fitness
9074,Samsung Smartwatch 679,89352.63,84,Electronics
9075,Xiaomi Speaker 812,22199.47,4,Electronics
9076,Realme Monitor 289,71705.81,471,Electronics
9077,Adidas Skipping Rope 691,3976.67,407,Fitness
9078,Havells Kettle 834,980.47,416,Home
9079,boAt Monitor 537,17583.12,203,Electronics
9080,Lenovo Smartwatch 505,16063.21,413,Electronics
9081,Havells Water Bottle 897,5020.40,6,Home
9082,Lenovo Speaker 866,75120.54,219,Electronics
9083,Anker Mouse 273,2241.87,484,Accessories
9084,Boldfit Resistance Band 112,451.20,121,Fitness
9085,Zebronics Charger 331,1107.01,494,Accessories
9086,boAt Laptop 387,12305.19,48,Electronics
9087,Realme Monitor 299,67147.89,365,Electronics
9088,Havells Lamp 690,1281.11,378,Home
9089,Realme Smartwatch 259,59618.98,356,Electronics
9090,Milton Mixer Grinder 346,7376.17,55,Home
9091,Milton Fan 256,3898.23,200,Home
9092,Logitech Charger 114,622.29,237,Accessories
9093,boAt Mobile 415,32750.86,145,Electronics
9094,Prestige Fan 987,746.36,454,Home
9095,Decathlon Yoga Mat 567,441.05,69,Fitness
9096,Boldfit Resistance Band 469,3797.31,323,Fitness
9097,Cosco Dumbbell Set 102,1636.31,97,Fitness
9098,Philips Iron 781,7995.73,205,Home
9099,boAt Speaker 539,50032.90,451,Electronics
9100,Bajaj Lamp 893,2803.20,378,Home
9101,Realme Laptop 933,83550.03,225,Electronics
9102,Nivia Dumbbell Set 931,3266.91,134,Fitness
9103,Realme Tablet 490,37442.81,11,Electronics
9104,Havells Water Bottle 506,4073.06,61,Home
9105,Realme Laptop 877,5855.36,236,Electronics
9106,Lenovo Tablet 588,67487.10,376,Electronics
9107,Adidas Yoga Mat 468,1998.35,123,Fitness
9108,Nivia Dumbbell Set 865,2199.30,335,Fitness
9109,Milton Iron 297,1093.49,318,Home
9110,Logitech Charger 101,1244.12,176,Accessories
9111,Portronics Charger 258,1573.32,444,Accessories
9112,Realme Speaker 943,54167.33,229,Electronics
9113,Cosco Skipping Rope 130,1265.68,41,Fitness
9114,Boldfit Dumbbell Set 600,1814.98,205,Fitness
9115,Lenovo Monitor 509,80949.04,267,Electronics
9116,Ambrane Power Bank 810,1827.97,465,Accessories
9117,Portronics Power Bank 199,3908.08,387,Accessories
9118,Nivia Skipping Rope 223,470.73,326,Fitness
9119,Portronics Earbuds 323,3465.99,354,Accessories
9120,Realme Speaker 950,73473.55,307,Electronics
9121,Xiaomi Tablet 783,64589.67,16,Electronics
9122,Bajaj Kettle 452,381.28,147,Home
9123,Adidas Gym Bag 422,892.32,442,Fitness
9124,Realme Smartwatch 152,30777.25,334,Electronics
9125,Portronics Charger 592,799.82,18,Accessories
9126,Prestige Kettle 605,7416.14,38,Home
9127,Portronics Power Bank 563,3330.29,2,Accessories
9128,Decathlon Resistance Band 294,4977.35,272,Fitness
9129,Philips Kettle 495,1575.31,253,Home
9130,Prestige Water Bottle 526,4081.24,420,Home
9131,boAt Smartwatch 111,81220.20,69,Electronics
9132,Samsung Monitor 827,10510.43,0,Electronics
9133,Zebronics Earbuds 582,562.21,186,Accessories
9134,Ambrane Keyboard 539,1934.86,120,Accessories
9135,Ambrane Charger 647,1068.63,258,Accessories
9136,Ambrane Power Bank 982,1769.61,140,Accessories
9137,Philips Water Bottle 926,3382.55,487,Home
9138,Samsung Monitor 393,57877.64,5,Electronics
9139,Nivia Gym Bag 108,3544.05,331,Fitness
9140,Havells Kettle 333,5253.93,398,Home
9141,Philips Water Bottle 816,4917.69,319,Home
9142,Nivia Dumbbell Set 712,1598.47,78,Fitness
9143,Havells Kettle 479,3828.84,200,Home
9144,Xiaomi Mobile 768,71966.45,273,Electronics
9145,Milton Water Bottle 426,7550.22,357,Home
9146,Adidas Resistance Band 414,815.17,258,Fitness
9147,Bajaj Iron 379,0,343,Home
9148,Lenovo Tablet 516,32556.56,497,Electronics
9149,Milton Mixer Grinder 270,5493.59,406,Home
9150,Havells Kettle 737,-5830.01,218,Home
9151,Anker Charger 961,556.91,82,Accessories
9152,Realme Tablet 300,17845.82,337,Electronics
9153,boAt Tablet 915,88271.23,461,Electronics
9154,Realme Monitor 387,71035.42,460,Electronics
9155,Cosco Gym Bag 396,729.61,21,Fitness
9156,Adidas Dumbbell Set 472,208.12,221,Fitness
9157,Lenovo Laptop 730,6235.73,237,Electronics
9158,Prestige Kettle 755,1114.87,many,Home
9159,Lenovo Smartwatch 126,71056.84,228,Electronics
9160,Zebronics Mouse 303,2715.09,403,Accessories
9161,Nivia Dumbbell Set 523,220.54,285,Fitness
9162,Realme Smartwatch 890,11290.93,85,Electronics
9163,Boldfit Gym Bag 319,4653.61,208,Fitness
9164,Anker USB Cable 300,3729.33,82,Accessories
9165,Realme Smartwatch 800,49715.25,407,Electronics
9166,Philips Lamp 514,7811.97,436,Home
9167,Milton Water Bottle 718,2900.68,372,Home
9168,Boldfit Resistance Band 840,254.76,303,Fitness
9169,Bajaj Lamp 347,2880.19,285,Home
9170,Anker Power Bank 990,2096.44,85,Accessories
9171,Xiaomi Speaker 797,65984.64,66,Electronics
9172,Boldfit Skipping Rope 248,244.10,418,Fitness
9173,Zebronics Mouse 688,1236.69,66,Accessories
9174,Zebronics Charger 666,1613.54,438,Accessories
9175,Havells Iron 644,5806.49,229,Home
9176,Boldfit Yoga Mat 238,4260.18,497,Fitness
9177,Portronics Earbuds 539,1092.07,16,Accessories
9178,Prestige Fan 424,1222.10,126,Home
9179,Prestige Mixer Grinder 450,2310.68,88,Home
9180,Philips Fan 733,901.94,337,Home
9181,Zebronics Mouse 186,1103.31,467,Accessories
9182,Xiaomi Laptop 344,6635.97,377,Electronics
9183,Ambrane Keyboard 265,3106.43,307,Accessories
9184,Philips Lamp 282,1195.54,238,Home
9185,Adidas Dumbbell Set 989,4699.67,228,Fitness
9186,Anker Mouse 677,2139.07,327,Accessories
9187,Samsung Smartwatch 718,41137.44,28,Electronics
9188,Xiaomi Smartwatch 271,11242.12,233,Electronics
9189,Logitech Charger 697,1186.09,395,Accessories
9190,Portronics Earbuds 806,1802.71,25,Accessories
9191,Nivia Gym Bag 802,2409.20,190,Fitness
9192,Prestige Mixer Grinder 203,5249.70,344,Home
9193,Logitech Charger 243,983.45,265,Accessories
9194,Cosco Dumbbell Set 653,N/A,373,Fitness
9195,Cosco Gym Bag 407,4551.33,433,Fitness
9196,Portronics Earbuds 667,3290.55,211,Accessories
9197,Ambrane Earbuds 534,3117.00,493,Accessories
9198,Prestige Kettle 673,2629.70,202,Home
9199,Milton Lamp 256,7847.01,233,Home
9200,Samsung Mobile 529,84404.46,498,Electronics
9201,Cosco Skipping Rope 312,2061.78,107,Fitness
9202,Ambrane Power Bank 512,1038.66,414,Accessories
9203,Boldfit Skipping Rope 303,3513.50,197,Fitness
9204,Milton Lamp 243,567.20,157,Home
9205,Realme Monitor 430,31428.54,491,Electronics
9206,Zebronics USB Cable 696,3094.96,368,Accessories
9207,Prestige Lamp 221,6365.89,109,Home
9208,Nivia Gym Bag 105,3650.24,441,Fitness
9209,Logitech Keyboard 870,2510.13,177,Accessories
9210,Bajaj Iron 104,1955.51,12,Home
9211,Ambrane Mouse 263,1265.50,462,Accessories
9212,Boldfit Resistance Band 969,1632.53,329,Fitness
9213,Milton Mixer Grinder 604,4861.74,40,Home
9214,Milton Fan 455,5865.84,68,Home
9215,Philips Fan 216,1773.69,287,Home
9216,Cosco Dumbbell Set 565,2782.28,243,Fitness
9217,Philips Kettle 469,6897.58,74,Home
9218,Decathlon Gym Bag 205,3840.61,46,Fitness
9219,Adidas Resistance Band 997,4785.15,127,Fitness
9220,Portronics USB Cable 628,3372.62,296,Accessories
9221,Bajaj Water Bottle 168,1907.41,31,Home
9222,Cosco Dumbbell Set 113,4629.68,71,Fitness
9223,Lenovo Smartwatch 916,80895.74,119,Electronics
9224,Milton Kettle 459,0,301,Home
9225,Anker USB Cable 452,462.47,351,Accessories
9226,Zebronics Earbuds 964,853.03,16,Accessories
9227,Philips Iron 729,1668.87,467,Home
9228,Havells Lamp 952,1290.04,0,Home
9229,Philips Water Bottle 200,3816.39,457,Home
9230,Cosco Yoga Mat 391,1341.89,320,Fitness
9231,Anker Power Bank 137,255.14,53,Accessories
9232,Boldfit Dumbbell Set 408,3547.86,44,Fitness
9233,Boldfit Skipping Rope 392,2563.24,399,Fitness
9234,Prestige Iron 475,3883.22,90,Home
9235,Anker USB Cable 624,2472.16,301,Accessories
9236,Cosco Skipping Rope 883,1203.68,125,Fitness
9237,Lenovo Mobile 856,63118.53,225,Electronics
9238,Zebronics Keyboard 677,3433.69,37,Accessories
9239,Havells Kettle 136,3654.52,49,Home
9240,Decathlon Skipping Rope 853,1262.95,200,Fitness
9241,Samsung Speaker 832,55305.95,61,Electronics
9242,Decathlon Gym Bag 700,4538.27,281,Fitness
9243,Samsung Laptop 469,53503.80,298,Electronics
9244,Cosco Gym Bag 594,3229.42,264,Fitness
9245,Philips Iron 509,1509.44,0,Home
9246,Decathlon Yoga Mat 335,1413.74,445,Fitness
9247,Bajaj Lamp 164,2379.51,375,Home
9248,Prestige Lamp 871,3412.43,150,Home
9249,Cosco Dumbbell Set 750,3148.49,156,Fitness
9250,Boldfit Gym Bag 996,3165.86,134,Fitness
9251,Bajaj Fan 936,3322.67,357,Home
9252,Milton Fan 951,7430.52,377,Home
9253,Bajaj Fan 626,7753.16,42,Home
9254,Prestige Fan 445,5833.21,405,Home
9255,Boldfit Dumbbell Set 706,1533.11,413,Fitness
9256,Cosco Resistance Band 292,2121.46,100,Fitness
9257,Bajaj Lamp 205,2764.12,351,Home
9258,Boldfit Yoga Mat 110,4606.49,338,Fitness
9259,Anker Earbuds 571,858.94,186,Accessories
9260,Decathlon Dumbbell Set 950,4363.05,211,Fitness
9261,Lenovo Smartwatch 947,65798.17,345,Electronics
9262,Lenovo Smartwatch 971,24480.80,163,Electronics
9263,Nivia Resistance Band 839,1871.84,357,Fitness
9264,Bajaj Lamp 957,3750.17,314,Home
9265,Philips Lamp 960,5666.66,413,Home
9266,Realme Speaker 963,56347.91,480,Electronics
9267,Milton Fan 959,1136.95,225,Home
9268,Milton Water Bottle 730,4738.91,ten,Home
9269,Philips Water Bottle 336,904.03,157,Home
9270,Prestige Lamp 976,7156.13,366,Home
9271,Cosco Gym Bag 319,1540.04,475,Fitness
9272,Xiaomi Smartwatch 840,,91,Electronics
9273,Portronics Keyboard 123,-2881.99,63,Accessories
9274,boAt Smartwatch 337,70362.59,339,Electronics
9275,Xiaomi Tablet 119,46211.52,7,Electronics
9276,Portronics Power Bank 480,3188.68,498,Accessories
9277,Boldfit Gym Bag 333,free,297,Fitness
9278,Ambrane Mouse 386,248.87,487,Accessories
9279,Realme Mobile 361,46999.56,359,Electronics
9280,Nivia Gym Bag 543,220.82,430,Fitness
9281,Zebronics USB Cable 233,3943.67,461,Accessories
9282,Adidas Gym Bag 227,3360.49,338,Fitness
9283,boAt Smartwatch 896,15469.90,81,Electronics
9284,Philips Mixer Grinder 543,1750.10,386,Home
9285,Realme Mobile 133,5575.55,263,Electronics
9286,Philips Mixer Grinder 613,6921.77,280,Home
9287,Logitech Charger 671,2597.25,39,Accessories
9288,Zebronics USB Cable 887,2022.51,24,Accessories
9289,Anker Power Bank 413,3192.07,170,Accessories
9290,Zebronics Keyboard 547,3894.74,364,Accessories
9291,Anker Power Bank 831,1469.22,254,Accessories
9292,boAt Smartwatch 836,63746.05,5,Electronics
9293,boAt Smartwatch 285,37299.68,119,Electronics
9294,Philips Kettle 934,7593.82,287,Home
9295,Nivia Yoga Mat 999,2388.23,390,Fitness
9296,Logitech Charger 465,2104.43,403,Accessories
9297,Prestige Lamp 726,5749.43,177,Home
9298,boAt Speaker 485,42490.85,23,Electronics
9299,Anker Mouse 139,2007.73,9,Accessories
9300,Prestige Iron 549,2248.57,92,Home
9301,Logitech Keyboard 934,1527.33,84,Accessories
9302,Decathlon Skipping Rope 465,1415.91,442,Fitness
9303,Bajaj Lamp 323,6845.82,496,Home
9304,Decathlon Gym Bag 579,4468.45,140,Fitness
9305,Prestige Iron 640,7301.08,313,Home
9306,Samsung Tablet 467,87365.81,411,Electronics
9307,Prestige Kettle 676,3047.60,471,Home
9308,Cosco Skipping Rope 367,700.77,140,Fitness
9309,Prestige Kettle 404,7574.71,253,Home
9310,Milton Kettle 849,7023.35,417,Home
9311,Logitech Mouse 549,3782.66,392,Accessories
9312,Realme Tablet 622,71421.00,161,Electronics
9313,Philips Fan 762,4600.57,377,Home
9314,Cosco Dumbbell Set 800,907.41,197,Fitness
9315,Portronics Keyboard 544,3897.11,167,Accessories
9316,Bajaj Kettle 788,4185.47,356,Home
9317,Logitech USB Cable 568,168.71,338,Accessories
9318,Portronics Charger 259,3088.47,272,Accessories
9319,boAt Laptop 846,9586.12,137,Electronics
9320,Lenovo Tablet 260,0,366,Electronics
9321,Prestige Fan 434,7306.64,469,Home
9322,Prestige Fan 971,6092.45,10,Home
9323,Adidas Dumbbell Set 215,3959.34,2,Fitness
9324,Realme Mobile 321,79551.77,230,Electronics
9325,Bajaj Mixer Grinder 467,1870.81,417,Home
9326,Decathlon Skipping Rope 725,1054.75,156,Fitness
9327,Xiaomi Mobile 400,78679.13,44,Electronics
9328,Adidas Gym Bag 148,1640.16,204,Fitness
9329,Logitech Charger 444,3122.98,36,Accessories
9330,Cosco Gym Bag 748,2048.05,136,Fitness
9331,Philips Kettle 824,2892.18,18,Home
9332,Ambrane Charger 162,1989.90,137,Accessories
9333,Decathlon Yoga Mat 837,1205.64,17,Fitness
9334,Zebronics Keyboard 619,3685.14,266,Accessories
9335,Philips Mixer Grinder 639,6338.24,11,Home
9336,Cosco Yoga Mat 895,1847.65,378,Fitness
9337,Portronics USB Cable 509,3585.08,336,Accessories
9338,Boldfit Yoga Mat 219,911.20,86,Fitness
9339,Samsung Speaker 907,76366.68,344,Electronics
9340,Havells Fan 489,7958.17,430,Home
9341,Nivia Gym Bag 954,2327.02,480,Fitness
9342,Havells Iron 614,1024.64,472,Home
9343,Nivia Dumbbell Set 714,3717.12,77,Fitness
9344,Havells Iron 563,719.34,249,Home
9345,Prestige Mixer Grinder 344,6561.18,370,Home
9346,Decathlon Skipping Rope 464,1734.96,79,Fitness
9347,Philips Lamp 415,7727.69,238,Home
9348,Adidas Skipping Rope 801,3505.24,252,Fitness
9349,Portronics Power Bank 435,3793.51,339,Accessories
9350,Xiaomi Smartwatch 694,,356,Electronics
9351,Realme Laptop 722,17033.45,358,Electronics
9352,Philips Kettle 751,6917.06,318,Home
9353,Lenovo Monitor 657,39811.53,148,Electronics
9354,Adidas Resistance Band 785,1536.91,338,Fitness
9355,Philips Fan 207,5233.91,388,Home
9356,Bajaj Kettle 751,3921.53,157,Home
9357,Milton Mixer Grinder 641,4833.97,179,Home
9358,Milton Kettle 268,1795.65,393,Home
9359,Xiaomi Smartwatch 254,33204.45,146,Electronics
9360,Prestige Mixer Grinder 282,591.72,407,Home
9361,Zebronics Earbuds 310,1847.42,288,Accessories
9362,Zebronics Earbuds 673,3030.81,136,Accessories
9363,Decathlon Dumbbell Set 299,4363.72,279,Fitness
9364,Lenovo Tablet 775,64632.89,347,Electronics
9365,Logitech Power Bank 965,175.35,12,Accessories
9366,Zebronics Power Bank 351,730.13,445,Accessories
9367,Bajaj Lamp 923,665.99,116,Home
9368,Milton Kettle 364,7640.36,393,Home
9369,Bajaj Iron 826,7377.46,117,Home
9370,Lenovo Laptop 635,68166.12,353,Electronics
9371,Havells Lamp 180,6577.15,192,Home
9372,Philips Water Bottle 912,750.03,406,Home
9373,Havells Water Bottle 252,1053.03,122,Home
9374,Boldfit Yoga Mat 240,2928.30,492,Fitness
9375,Zebronics Keyboard 761,1265.01,345,Accessories
9376,Decathlon Yoga Mat 467,2427.25,351,Fitness
9377,Boldfit Resistance Band 113,4057.39,490,Fitness
9378,Anker Mouse 754,1347.12,310,Accessories
9379,Portronics Keyboard 793,3689.46,459,Accessories
9380,Zebronics Earbuds 859,2602.89,227,Accessories
9381,Ambrane USB Cable 794,2522.63,172,Accessories
9382,Havells Fan 267,4605.92,421,Home
9383,Portronics Mouse 507,3992.64,246,Accessories
9384,boAt Tablet 890,38298.80,317,Electronics
9385,Zebronics Mouse 271,320.06,337,Accessories
9386,Samsung Speaker 158,81517.15,467,Electronics
9387,Milton Kettle 453,7588.13,413,Home
9388,Havells Mixer Grinder 143,7247.81,253,Home
9389,Boldfit Yoga Mat 789,1358.30,128,Fitness
9390,Ambrane Charger 939,2093.90,297,Accessories
9391,Realme Tablet 565,83847.12,329,Electronics
9392,Zebronics Mouse 704,3282.89,44,Accessories
9393,Philips Mixer Grinder 348,3438.84,451,Home
9394,Realme Laptop 484,15339.89,163,Electronics
9395,Philips Mixer Grinder 826,1048.04,167,Home
9396,Xiaomi Smartwatch 626,76497.39,34,Electronics
9397,Logitech USB Cable 707,1444.03,193,Accessories
9398,Cosco Dumbbell Set 354,4493.32,23,Fitness
9399,Logitech USB Cable 969,3352.51,421,Accessories
9400,Realme Laptop 793,-55506.40,211,Electronics
9401,Zebronics Charger 873,814.56,55,Accessories
9402,Adidas Skipping Rope 192,4842.89,405,Fitness
9403,Nivia Dumbbell Set 851,2081.16,422,Fitness
9404,boAt Tablet 210,74315.82,404,Electronics
9405,Lenovo Laptop 746,16246.57,300,Electronics
9406,Ambrane Mouse 602,3226.07,307,Accessories
9407,Anker Keyboard 207,3563.57,469,Accessories
9408,Nivia Resistance Band 608,1305.92,415,Fitness
9409,Bajaj Lamp 116,4421.48,257,Home
9410,Nivia Gym Bag 897,3166.84,326,Fitness
9411,Boldfit Dumbbell Set 711,4403.92,484,Fitness
9412,Xiaomi Mobile 973,10555.42,480,Electronics
9413,Realme Laptop 549,10191.09,383,Electronics
9414,Prestige Mixer Grinder 245,1748.30,123,Home
9415,Havells Fan 141,6843.18,438,Home
9416,Havells Mixer Grinder 513,7278.66,386,Home
9417,Portronics Mouse 932,510.07,195,Accessories
9418,Zebronics USB Cable 737,3192.68,494,Accessories
9419,Samsung Tablet 121,25319.88,302,Electronics
9420,Ambrane USB Cable 918,657.71,350,Accessories
9421,Zebronics Keyboard 890,1759.88,0,Accessories
9422,Portronics Charger 419,-2918.13,321,Accessories
9423,boAt Tablet 492,64826.99,0,Electronics
9424,Philips Mixer Grinder 306,4974.65,214,Home
9425,Lenovo Tablet 273,46906.45,479,Electronics
9426,Logitech USB Cable 193,1035.90,202,Accessories
9427,Boldfit Resistance Band 191,2294.20,224,Fitness
9428,Portronics Keyboard 995,1545.29,164,Accessories
9429,Cosco Gym Bag 811,1059.19,248,Fitness
9430,Anker Mouse 490,1008.09,59,Accessories
9431,Cosco Dumbbell Set 728,2883.37,261,Fitness
9432,Zebronics Charger 716,3784.67,437,Accessories
9433,Adidas Resistance Band 512,1806.27,28,Fitness
9434,Samsung Speaker 561,75643.56,145,Electronics
9435,boAt Tablet 445,89905.37,381,Electronics
9436,Realme Smartwatch 612,20533.12,232,Electronics
9437,Bajaj Water Bottle 905,1076.65,234,Home
9438,boAt Tablet 593,62381.36,93,Electronics
9439,Cosco Gym Bag 432,4680.90,433,Fitness
9440,Cosco Resistance Band 561,2658.86,240,Fitness
9441,Zebronics USB Cable 769,1634.57,119,Accessories
9442,Portronics Mouse 579,920.34,154,Accessories
9443,Boldfit Skipping Rope 999,4753.76,363,Fitness
9444,Xiaomi Speaker 578,44441.29,224,Electronics
9445,Cosco Skipping Rope 141,937.65,196,Fitness
9446,Prestige Mixer Grinder 517,3287.00,494,Home
9447,Logitech USB Cable 150,1011.62,279,Accessories
9448,Portronics Keyboard 402,3108.01,98,Accessories
9449,Bajaj Fan 735,7207.39,20,Home
9450,Adidas Gym Bag 698,3097.57,322,Fitness
9451,Portronics Keyboard 537,2601.21,181,Accessories
9452,Cosco Skipping Rope 955,727.10,213,Fitness
9453,Realme Speaker 240,8722.52,357,Electronics
9454,Bajaj Kettle 639,3783.28,85,Home
9455,Prestige Kettle 450,3389.94,139,Home
9456,Xiaomi Smartwatch 557,87063.50,482,Electronics
9457,Anker USB Cable 564,3485.96,326,Accessories
9458,Cosco Yoga Mat 501,2755.57,100,Fitness
9459,Milton Fan 542,2157.95,216,Home
9460,Logitech Keyboard 865,761.30,381,Accessories
9461,Bajaj Iron 741,795.95,315,Home
9462,Portronics Charger 987,594.90,352,Accessories
9463,Philips Iron 937,885.57,382,Home
9464,Havells Lamp 219,7254.32,126,Home
9465,Realme Monitor 190,43835.08,258,Electronics
9466,Philips Fan 427,6992.12,348,Home
9467,Prestige Kettle 893,1443.43,198,Home
9468,Boldfit Skipping Rope 823,3210.82,408,Fitness
9469,Lenovo Monitor 575,4102.39,203,Electronics
9470,Prestige Lamp 877,7514.67,481,Home
9471,Anker USB Cable 701,1600.14,335,Accessories
9472,Realme Smartwatch 346,13866.09,464,Electronics
9473,Realme Mobile 779,31543.43,417,Electronics
9474,Adidas Resistance Band 680,1695.76,160,Fitness
9475,boAt Smartwatch 799,64644.41,28,Electronics
9476,Prestige Fan 923,668.84,267,Home
9477,Lenovo Monitor 234,87736.64,48,Electronics
9478,Logitech USB Cable 443,1086.54,427,Accessories
9479,Decathlon Dumbbell Set 828,3261.07,147,Fitness
9480,Philips Iron 254,5627.29,0,Home
9481,Milton Water Bottle 503,7214.76,274,Home
9482,Nivia Gym Bag 529,2242.57,109,Fitness
9483,Ambrane USB Cable 353,609.43,432,Accessories
9484,Prestige Mixer Grinder 352,6533.54,433,Home
9485,Logitech Mouse 185,2973.76,78,Accessories
9486,Nivia Yoga Mat 132,1386.79,136,Fitness
9487,Anker Power Bank 235,1756.15,4,Accessories
9488,Zebronics Keyboard 434,3207.89,108,Accessories
9489,Samsung Laptop 990,50786.34,ten,Electronics
9490,Bajaj Fan 119,2629.15,58,Home
9491,Samsung Laptop 832,73699.96,342,Electronics
9492,Realme Laptop 908,61887.09,494,Electronics
9493,Realme Tablet 562,59665.28,321,Electronics
9494,Zebronics Mouse 880,1896.84,92,Accessories
9495,Samsung Mobile 901,37061.99,488,Electronics
9496,Samsung Monitor 293,88373.41,0,Electronics
9497,Ambrane Mouse 566,2429.63,258,Accessories
9498,Anker Mouse 853,-2375.01,496,Accessories
9499,Nivia Gym Bag 167,3963.50,174,Fitness
9500,Ambrane Power Bank 741,1549.71,51,Accessories
9501,boAt Laptop 973,4897.43,294,Electronics
9502,Anker Mouse 499,3195.47,226,Accessories
9503,Prestige Fan 611,4166.06,333,Home
9504,Cosco Resistance Band 531,4684.50,361,Fitness
9505,Xiaomi Monitor 405,52947.11,52,Electronics
9506,boAt Monitor 906,48704.30,223,Electronics
9507,Zebronics Charger 567,3435.90,64,Accessories
9508,Logitech Keyboard 281,3105.95,312,Accessories
9509,Prestige Iron 909,2065.90,46,Home
9510,Milton Iron 857,2496.09,75,Home
9511,Adidas Gym Bag 605,1848.14,473,Fitness
9512,Anker Keyboard 807,216.19,142,Accessories
9513,Bajaj Iron 395,3362.02,384,Home
9514,Havells Iron 340,4067.63,329,Home
9515,Decathlon Resistance Band 396,2397.11,487,Fitness
9516,boAt Tablet 675,79444.06,365,Electronics
9517,Bajaj Lamp 290,3541.75,125,Home
9518,Philips Mixer Grinder 108,1068.14,458,Home
9519,Realme Laptop 820,45261.33,236,Electronics
9520,Havells Iron 335,7650.89,337,Home
9521,Philips Iron 434,-5523.56,453,Home
9522,Philips Fan 824,3536.31,13,Home
9523,Milton Iron 520,578.81,24,Home
9524,Lenovo Speaker 127,75406.87,498,Electronics
9525,Adidas Resistance Band 925,4826.44,41,Fitness
9526,Lenovo Speaker 634,50466.02,149,Electronics
9527,Anker Earbuds 557,176.30,386,Accessories
9528,Nivia Gym Bag 650,4534.85,115,Fitness
9529,Boldfit Gym Bag 208,713.68,1,Fitness
9530,Nivia Skipping Rope 672,818.97,193,Fitness
9531,Philips Fan 461,4624.05,336,Home
9532,Bajaj Water Bottle 879,3303.87,159,Home
9533,Xiaomi Smartwatch 513,32776.32,190,Electronics
9534,Lenovo Mobile 524,55554.43,150,Electronics
9535,Adidas Gym Bag 155,3990.11,11,Fitness
9536,Ambrane USB Cable 354,1893.14,141,Accessories
9537,Prestige Fan 187,7969.37,185,Home
9538,Havells Water Bottle 321,7404.78,388,Home
9539,Xiaomi Tablet 748,14620.24,7,Electronics
9540,Philips Iron 556,3013.31,402,Home
9541,Lenovo Smartwatch 473,78018.19,269,Electronics
9542,Bajaj Kettle 207,7860.29,498,Home
9543,Havells Fan 314,473.10,165,Home
9544,Realme Monitor 671,72226.76,424,Electronics
9545,Logitech Power Bank 305,3417.50,3,Accessories
9546,Zebronics Earbuds 877,3478.88,483,Accessories
9547,Adidas Yoga Mat 882,4194.60,349,Fitness
9548,Adidas Dumbbell Set 397,3036.27,382,Fitness
9549,Cosco Gym Bag 446,3081.69,162,Fitness
9550,Adidas Skipping Rope 612,875.54,455,Fitness
9551,Samsung Laptop 997,72001.55,70,Electronics
9552,Boldfit Dumbbell Set 417,692.23,278,Fitness
9553,Ambrane Power Bank 929,1326.45,338,Accessories
9554,Xiaomi Speaker 148,37708.89,59,Electronics
9555,Ambrane Earbuds 778,603.04,255,Accessories
9556,Boldfit Skipping Rope 167,295.63,224,Fitness
9557,Adidas Dumbbell Set 830,4828.94,160,Fitness
9558,Anker Keyboard 860,3012.40,76,Accessories
9559,Nivia Gym Bag 781,591.18,247,Fitness
9560,Cosco Skipping Rope 984,334.35,240,Fitness
9561,Milton Fan 981,6416.36,392,Home
9562,Bajaj Mixer Grinder 578,4217.49,7,Home
9563,Nivia Yoga Mat 287,2522.75,319,Fitness
9564,Portronics Keyboard 816,1086.92,46,Accessories
9565,Cosco Skipping Rope 871,3671.62,178,Fitness
9566,Ambrane Power Bank 766,3010.16,322,Accessories
9567,Anker Mouse 207,2163.83,43,Accessories
9568,Adidas Gym Bag 799,4069.95,349,Fitness
9569,Nivia Skipping Rope 848,491.66,25,Fitness
9570,Prestige Fan 952,4277.08,135,Home
9571,Cosco Yoga Mat 771,4069.90,442,Fitness
9572,Adidas Resistance Band 393,2840.54,149,Fitness
9573,Adidas Yoga Mat 196,2543.47,243,Fitness
9574,Cosco Skipping Rope 295,1024.89,326,Fitness
9575,Bajaj Water Bottle 350,7289.03,196,Home
9576,Bajaj Iron 899,5831.48,180,Home
9577,Logitech Keyboard 661,2413.75,127,Accessories
9578,Realme Smartwatch 387,27144.62,0,Electronics
9579,Decathlon Yoga Mat 310,3363.37,445,Fitness
9580,Bajaj Lamp 442,5133.37,205,Home
9581,Havells Mixer Grinder 623,2702.10,384,Home
9582,Bajaj Fan 348,4930.92,19,Home
9583,Portronics Mouse 385,1027.62,151,Accessories
9584,Milton Iron 243,6173.45,470,Home
9585,Philips Lamp 541,7112.19,69,Home
9586,Cosco Skipping Rope 517,2234.80,55,Fitness
9587,Realme Tablet 499,23265.83,361,Electronics
9588,Ambrane Power Bank 967,1421.51,190,Accessories
9589,Bajaj Fan 857,837.00,95,Home
9590,Realme Monitor 998,67809.88,0,Electronics
9591,Lenovo Speaker 447,75242.82,117,Electronics
9592,Ambrane Power Bank 838,3751.58,281,Accessories
9593,Logitech Power Bank 875,3250.88,360,Accessories
9594,Cosco Yoga Mat 694,201.18,185,Fitness
9595,Philips Kettle 129,6583.70,111,Home
9596,Decathlon Skipping Rope 983,4845.08,401,Fitness
9597,Havells Kettle 822,2225.18,310,Home
9598,Decathlon Yoga Mat 599,887.48,171,Fitness
9599,Milton Iron 511,4168.34,219,Home
9600,Ambrane Keyboard 941,2977.53,375,Accessories
9601,Decathlon Resistance Band 477,947.08,76,Fitness
9602,Nivia Resistance Band 538,880.80,172,Fitness
9603,Samsung Tablet 463,68155.60,379,Electronics
9604,Cosco Resistance Band 715,4962.74,139,Fitness
9605,Cosco Dumbbell Set 849,1943.56,393,Fitness
9606,Portronics Power Bank 704,2644.90,225,Accessories
9607,Portronics Mouse 268,3509.65,368,Accessories
9608,Nivia Skipping Rope 803,2100.74,240,Fitness
9609,Adidas Dumbbell Set 499,2927.84,153,Fitness
9610,Xiaomi Speaker 695,82953.79,355,Electronics
9611,Adidas Dumbbell Set 774,4529.28,112,Fitness
9612,Nivia Dumbbell Set 437,1799.88,211,Fitness
9613,Portronics Earbuds 466,175.26,35,Accessories
9614,Logitech Mouse 419,3434.80,205,Accessories
9615,Prestige Fan 781,5158.34,331,Home
9616,Lenovo Tablet 883,18342.30,284,Electronics
9617,Ambrane Power Bank 689,2782.57,105,Accessories
9618,Bajaj Iron 574,3161.95,436,Home
9619,Logitech Charger 146,2348.91,473,Accessories
9620,Zebronics Power Bank 867,1674.39,271,Accessories
9621,Prestige Kettle 536,3448.11,334,Home
9622,Nivia Resistance Band 603,747.62,38,Fitness
9623,Decathlon Gym Bag 919,3396.70,271,Fitness
9624,Logitech Mouse 311,1799.21,281,Accessories
9625,Philips Mixer Grinder 128,4314.29,456,Home
9626,Zebronics Charger 577,1719.18,57,Accessories
9627,Milton Water Bottle 772,4523.07,420,Home
9628,Samsung Mobile 329,6851.58,313,Electronics
9629,Havells Water Bottle 538,3313.90,352,Home
9630,Cosco Dumbbell Set 282,523.55,312,Fitness
9631,Logitech Keyboard 277,3376.45,166,Accessories
9632,Zebronics Power Bank 121,3735.87,340,Accessories
9633,Samsung Tablet 795,72158.63,40,Electronics
9634,Milton Fan 407,6741.32,118,Home
9635,boAt Tablet 258,18911.44,242,Electronics
9636,Boldfit Resistance Band 635,3426.06,338,Fitness
9637,Cosco Yoga Mat 936,4761.70,115,Fitness
9638,Ambrane Keyboard 606,3367.60,374,Accessories
9639,Portronics Power Bank 292,1557.92,407,Accessories
9640,Nivia Yoga Mat 506,2498.90,213,Fitness
9641,Adidas Dumbbell Set 910,2859.59,340,Fitness
9642,Realme Tablet 764,6114.45,266,Electronics
9643,Boldfit Gym Bag 615,525.00,405,Fitness
9644,Realme Tablet 329,42219.45,95,Electronics
9645,Cosco Gym Bag 501,1386.72,ten,Fitness
9646,Milton Kettle 395,1166.59,430,Home
9647,Prestige Lamp 275,3457.07,109,Home
9648,Philips Mixer Grinder 239,5821.49,215,Home
9649,Philips Mixer Grinder 197,-5189.48,34,Home
9650,Boldfit Resistance Band 410,684.34,121,Fitness
9651,Realme Speaker 134,53103.88,408,Electronics
9652,Ambrane USB Cable 208,2026.27,35,Accessories
9653,Portronics Keyboard 759,2364.84,179,Accessories
9654,Nivia Resistance Band 238,2143.33,113,Fitness
9655,Cosco Skipping Rope 579,840.76,493,Fitness
9656,Decathlon Skipping Rope 889,3504.35,46,Fitness
9657,Samsung Mobile 364,22336.70,171,Electronics
9658,Logitech Charger 640,2073.39,456,Accessories
9659,Samsung Smartwatch 917,14433.36,2,Electronics
9660,Anker Charger 723,2794.08,496,Accessories
9661,Prestige Water Bottle 971,6202.46,many,Home
9662,boAt Laptop 417,28835.55,44,Electronics
9663,Adidas Gym Bag 218,4158.25,455,Fitness
9664,Portronics Charger 978,3741.23,128,Accessories
9665,Havells Fan 367,7106.27,386,Home
9666,Adidas Dumbbell Set 264,2696.82,353,Fitness
9667,Ambrane Power Bank 640,561.52,59,Accessories
9668,Realme Speaker 644,0,182,Electronics
9669,Boldfit Yoga Mat 991,2743.22,438,Fitness
9670,Philips Lamp 300,623.19,28,Home
9671,Samsung Smartwatch 156,71307.58,155,Electronics
9672,Ambrane Keyboard 889,3894.03,122,Accessories
9673,Lenovo Laptop 377,80326.60,371,Electronics
9674,Ambrane Keyboard 308,2892.78,254,Accessories
9675,Logitech Mouse 140,1184.36,38,Accessories
9676,Logitech Earbuds 215,1468.67,230,Accessories
9677,Philips Lamp 771,7518.26,18,Home
9678,Adidas Gym Bag 791,4256.74,330,Fitness
9679,Bajaj Kettle 441,5872.75,42,Home
9680,Milton Iron 550,5404.82,228,Home
9681,Anker USB Cable 521,376.89,160,Accessories
9682,Cosco Skipping Rope 307,2219.45,304,Fitness
9683,Portronics Charger 643,2620.07,289,Accessories
9684,Samsung Laptop 639,71315.09,373,Electronics
9685,Prestige Lamp 887,7761.23,311,Home
9686,Ambrane Charger 836,1700.33,104,Accessories
9687,Nivia Yoga Mat 459,4065.04,0,Fitness
9688,Havells Fan 517,2734.84,406,Home
9689,Lenovo Mobile 139,67354.36,187,Electronics
9690,Zebronics Mouse 451,717.52,150,Accessories
9691,Decathlon Skipping Rope 598,2326.04,75,Fitness
9692,Samsung Monitor 170,43576.53,69,Electronics
9693,Anker Earbuds 576,3146.33,437,Accessories
9694,Logitech Keyboard 793,1996.68,455,Accessories
9695,Boldfit Resistance Band 321,3223.91,223,Fitness
9696,Havells Kettle 559,3550.36,385,Home
9697,Prestige Fan 598,4494.72,138,Home
9698,Lenovo Smartwatch 487,31351.41,386,Electronics
9699,Samsung Monitor 686,28877.69,174,Electronics
9700,Boldfit Yoga Mat 266,2902.88,143,Fitness
9701,Adidas Skipping Rope 828,3147.03,494,Fitness
9702,Boldfit Dumbbell Set 323,1008.23,161,Fitness
9703,Cosco Yoga Mat 545,2117.15,151,Fitness
9704,Portronics Power Bank 310,248.41,372,Accessories
9705,Realme Laptop 522,30203.44,464,Electronics
9706,Adidas Yoga Mat 933,3534.02,107,Fitness
9707,Ambrane Charger 153,1392.79,445,Accessories
9708,Cosco Gym Bag 304,1405.61,322,Fitness
9709,Prestige Kettle 129,4462.44,242,Home
9710,Anker Keyboard 638,1991.07,132,Accessories
9711,Anker Mouse 528,2281.37,495,Accessories
9712,Cosco Yoga Mat 581,3076.47,468,Fitness
9713,Portronics Keyboard 353,3141.04,63,Accessories
9714,Milton Water Bottle 733,784.55,203,Home
9715,Bajaj Fan 916,3830.09,470,Home
9716,Cosco Gym Bag 122,4846.50,215,Fitness
9717,Boldfit Resistance Band 317,3463.26,129,Fitness
9718,boAt Monitor 968,85397.20,351,Electronics
9719,Bajaj Lamp 166,2332.38,471,Home
9720,Zebronics Earbuds 281,3365.81,152,Accessories
9721,Decathlon Dumbbell Set 904,1850.32,36,Fitness
9722,Decathlon Skipping Rope 845,2316.93,255,Fitness
9723,Zebronics Power Bank 722,3221.33,N/A,Accessories
9724,Ambrane USB Cable 114,2743.35,121,Accessories
9725,Cosco Resistance Band 331,3081.87,284,Fitness
9726,Lenovo Speaker 377,37227.36,340,Electronics
9727,Boldfit Resistance Band 851,2221.48,232,Fitness
9728,Lenovo Monitor 316,53555.95,303,Electronics
9729,Nivia Resistance Band 209,2244.45,217,Fitness
9730,Milton Fan 953,6316.39,311,Home
9731,Realme Mobile 342,41079.74,232,Electronics
9732,Milton Water Bottle 832,4747.59,372,Home
9733,Adidas Gym Bag 138,4290.72,482,Fitness
9734,Ambrane Earbuds 178,1773.13,241,Accessories
9735,Portronics Mouse 794,1519.02,484,Accessories
9736,Anker Charger 882,1648.00,259,Accessories
9737,Lenovo Laptop 754,67631.86,123,Electronics
9738,boAt Speaker 609,86389.35,50,Electronics
9739,Milton Kettle 423,4280.69,378,Home
9740,Bajaj Kettle 467,7258.75,341,Home
9741,Prestige Lamp 179,419.74,107,Home
9742,Ambrane Keyboard 414,692.21,250,Accessories
9743,Xiaomi Smartwatch 226,49502.30,468,Electronics
9744,Boldfit Yoga Mat 268,1225.99,195,Fitness
9745,Zebronics Charger 753,706.74,401,Accessories
9746,Boldfit Yoga Mat 599,3251.11,30,Fitness
9747,Lenovo Smartwatch 635,40752.42,36,Electronics
9748,Portronics Power Bank 330,2319.34,339,Accessories
9749,boAt Laptop 990,65165.68,223,Electronics
9750,Realme Speaker 215,46170.84,163,Electronics
9751,Philips Kettle 356,-4266.32,385,Home
9752,Nivia Resistance Band 570,2127.14,159,Fitness
9753,Boldfit Dumbbell Set 347,2073.81,424,Fitness
9754,Adidas Gym Bag 130,833.75,484,Fitness
9755,Boldfit Yoga Mat 434,4038.36,72,Fitness
9756,Nivia Yoga Mat 400,4779.64,62,Fitness
9757,Boldfit Dumbbell Set 243,2411.29,181,Fitness
9758,Philips Kettle 701,3369.76,408,Home
9759,Realme Monitor 919,16081.14,472,Electronics
9760,Bajaj Iron 296,4498.32,350,Home
9761,Boldfit Dumbbell Set 372,2088.08,4,Fitness
9762,Bajaj Mixer Grinder 836,740.81,77,Home
9763,Nivia Dumbbell Set 267,453.78,32,Fitness
9764,Bajaj Iron 612,2035.17,448,Home
9765,Realme Laptop 209,32102.03,111,Electronics
9766,Portronics Keyboard 912,505.66,188,Accessories
9767,Philips Kettle 650,6135.82,106,Home
9768,Boldfit Dumbbell Set 134,4854.69,61,Fitness
9769,Havells Mixer Grinder 568,1414.23,0,Home
9770,Xiaomi Speaker 661,77810.15,462,Electronics
9771,Boldfit Yoga Mat 340,1215.81,0,Fitness
9772,Realme Smartwatch 355,50701.48,17,Electronics
9773,Samsung Monitor 242,17714.45,283,Electronics
9774,Xiaomi Mobile 374,50064.66,194,Electronics
9775,Realme Speaker 764,55045.58,233,Electronics
9776,Xiaomi Laptop 442,52225.21,123,Electronics
9777,Decathlon Dumbbell Set 400,1689.09,389,Fitness
9778,Prestige Fan 281,5679.47,1,Home
9779,Boldfit Yoga Mat 862,583.77,346,Fitness
9780,Bajaj Lamp 566,4549.76,478,Home
9781,Milton Fan 550,3664.53,459,Home
9782,Prestige Water Bottle 912,7706.41,393,Home
9783,Xiaomi Monitor 849,30740.56,102,Electronics
9784,Ambrane Keyboard 426,879.23,408,Accessories
9785,Decathlon Yoga Mat 276,2495.72,199,Fitness
9786,Decathlon Resistance Band 161,4596.73,94,Fitness
9787,Adidas Yoga Mat 228,3891.99,498,Fitness
9788,Realme Smartwatch 354,35062.53,58,Electronics
9789,Nivia Yoga Mat 819,2852.97,88,Fitness
9790,Logitech Keyboard 713,2807.30,206,Accessories
9791,Bajaj Water Bottle 221,6661.04,199,Home
9792,Adidas Gym Bag 384,4806.97,38,Fitness
9793,Bajaj Lamp 563,5936.47,359,Home
9794,Samsung Monitor 405,11276.49,187,Electronics
9795,Portronics Charger 511,3603.92,282,Accessories
9796,Zebronics Earbuds 436,3368.63,125,Accessories
9797,Philips Iron 903,3838.01,391,Home
9798,Zebronics Keyboard 306,3483.28,0,Accessories
9799,Realme Mobile 923,73079.15,93,Electronics
9800,Ambrane Power Bank 259,,221,Accessories
9801,Nivia Dumbbell Set 509,1487.58,372,Fitness
9802,Anker Keyboard 526,2092.75,306,Accessories
9803,Realme Laptop 314,31908.07,286,Electronics
9804,boAt Monitor 877,62253.04,391,Electronics
9805,Havells Water Bottle 791,2742.93,338,Home
9806,Boldfit Gym Bag 773,208.94,0,Fitness
9807,Nivia Resistance Band 843,3078.29,138,Fitness
9808,Lenovo Smartwatch 250,53862.28,many,Electronics
9809,Milton Kettle 162,5734.04,483,Home
9810,Nivia Resistance Band 631,1972.31,135,Fitness
9811,Prestige Water Bottle 798,1897.91,180,Home
9812,boAt Tablet 903,61941.33,181,Electronics
9813,Cosco Dumbbell Set 165,4700.78,443,Fitness
9814,Xiaomi Laptop 403,29643.22,13,Electronics
9815,Havells Lamp 515,2470.21,421,Home
9816,Zebronics Power Bank 973,2466.33,297,Accessories
9817,Realme Smartwatch 608,5449.97,289,Electronics
9818,Bajaj Mixer Grinder 574,7454.14,457,Home
9819,Realme Monitor 840,12854.23,337,Electronics
9820,Philips Iron 567,3843.96,0,Home
9821,Ambrane Earbuds 940,172.03,364,Accessories
9822,Xiaomi Speaker 695,42970.66,290,Electronics
9823,Xiaomi Laptop 220,85921.72,83,Electronics
9824,Nivia Skipping Rope 667,695.81,48,Fitness
9825,Prestige Iron 257,3757.36,23,Home
9826,Boldfit Dumbbell Set 875,2077.19,211,Fitness
9827,Decathlon Resistance Band 465,511.38,244,Fitness
9828,Anker Earbuds 652,1222.14,68,Accessories
9829,Realme Monitor 559,75009.48,319,Electronics
9830,Samsung Monitor 709,19788.82,469,Electronics
9831,Cosco Dumbbell Set 449,348.76,297,Fitness
9832,Samsung Tablet 770,21696.65,267,Electronics
9833,Adidas Skipping Rope 116,4757.97,313,Fitness
9834,Realme Mobile 275,89885.72,160,Electronics
9835,Adidas Yoga Mat 125,4079.86,196,Fitness
9836,Cosco Yoga Mat 424,1157.46,176,Fitness
9837,Portronics Charger 805,1350.26,312,Accessories
9838,Cosco Yoga Mat 416,419.27,5,Fitness
9839,boAt Mobile 258,11844.10,455,Electronics
9840,Anker Keyboard 356,1894.24,241,Accessories
9841,Logitech Earbuds 865,2143.33,201,Accessories
9842,Realme Laptop 877,53675.13,437,Electronics
9843,Philips Fan 248,4740.23,400,Home
9844,Decathlon Yoga Mat 154,3697.99,189,Fitness
9845,Decathlon Resistance Band 516,4700.53,220,Fitness
9846,Prestige Mixer Grinder 446,4386.81,356,Home
9847,boAt Monitor 427,42764.04,132,Electronics
9848,Lenovo Tablet 492,25031.42,472,Electronics
9849,Prestige Kettle 765,5533.87,495,Home
9850,Bajaj Iron 333,379.49,238,Home
9851,Realme Mobile 773,30537.58,150,Electronics
9852,Boldfit Gym Bag 212,2293.81,350,Fitness
9853,boAt Laptop 523,73212.18,64,Electronics
9854,boAt Laptop 316,45520.66,76,Electronics
9855,boAt Smartwatch 542,89378.96,349,Electronics
9856,Portronics Charger 564,3247.66,ten,Accessories
9857,Anker Power Bank 226,1750.12,308,Accessories
9858,Nivia Skipping Rope 902,291.70,403,Fitness
9859,Anker Mouse 254,1387.88,491,Accessories
9860,Logitech Earbuds 551,2458.92,362,Accessories
9861,Samsung Laptop 757,89438.92,212,Electronics
9862,Bajaj Mixer Grinder 460,6431.74,260,Home
9863,Philips Fan 407,1444.27,431,Home
9864,Adidas Resistance Band 273,276.59,187,Fitness
9865,Portronics Power Bank 672,1607.23,291,Accessories
9866,Adidas Yoga Mat 655,free,484,Fitness
9867,boAt Mobile 398,6364.75,115,Electronics
9868,Cosco Yoga Mat 742,2988.44,406,Fitness
9869,Bajaj Mixer Grinder 839,5564.82,260,Home
9870,Logitech Earbuds 957,3714.31,475,Accessories
9871,Zebronics Keyboard 831,2851.02,213,Accessories
9872,Realme Laptop 694,46122.92,485,Electronics
9873,Cosco Resistance Band 616,3866.75,334,Fitness
9874,Xiaomi Tablet 573,45081.42,312,Electronics
9875,Samsung Speaker 149,49059.22,392,Electronics
9876,Realme Mobile 848,55189.88,414,Electronics
9877,Xiaomi Tablet 463,34429.63,6,Electronics
9878,Milton Kettle 510,1663.31,88,Home
9879,Milton Iron 817,5276.50,432,Home
9880,Bajaj Kettle 211,3399.33,394,Home
9881,Nivia Skipping Rope 202,1028.11,125,Fitness
9882,Prestige Water Bottle 795,2581.25,457,Home
9883,Samsung Mobile 698,68325.90,245,Electronics
9884,Decathlon Resistance Band 712,4256.08,365,Fitness
9885,Milton Fan 241,4747.91,438,Home
9886,Anker USB Cable 137,1051.89,144,Accessories
9887,Realme Speaker 132,46293.63,50,Electronics
9888,boAt Monitor 113,78218.68,4,Electronics
9889,Decathlon Gym Bag 600,757.95,47,Fitness
9890,Zebronics Keyboard 820,3289.93,204,Accessories
9891,Logitech Keyboard 132,311.13,229,Accessories
9892,Adidas Yoga Mat 133,3950.87,283,Fitness
9893,Milton Fan 727,4549.82,51,Home
9894,Prestige Mixer Grinder 816,2055.43,38,Home
9895,Zebronics Power Bank 168,259.50,307,Accessories
9896,Ambrane USB Cable 912,3446.92,468,Accessories
9897,Anker Mouse 829,2077.51,12,Accessories
9898,Portronics Power Bank 931,3717.34,413,Accessories
9899,Boldfit Resistance Band 568,2530.51,401,Fitness
9900,Adidas Yoga Mat 904,2339.35,332,Fitness
9901,Havells Kettle 875,2895.94,336,Home
9902,Xiaomi Laptop 516,67064.07,241,Electronics
9903,Ambrane Charger 812,203.42,497,Accessories
9904,Boldfit Dumbbell Set 922,3572.65,411,Fitness
9905,Nivia Gym Bag 605,2808.81,122,Fitness
9906,Ambrane USB Cable 875,2963.04,427,Accessories
9907,Bajaj Water Bottle 896,7098.79,225,Home
9908,Xiaomi Smartwatch 816,52501.38,132,Electronics
9909,Anker Charger 241,1597.47,270,Accessories
9910,Cosco Resistance Band 279,3266.27,285,Fitness
9911,Xiaomi Mobile 360,36091.77,141,Electronics
9912,Cosco Gym Bag 152,2209.93,112,Fitness
9913,Lenovo Mobile 517,68187.66,450,Electronics
9914,Ambrane Mouse 476,595.00,181,Accessories
9915,Philips Water Bottle 673,5909.38,449,Home
9916,Milton Fan 973,6070.28,407,Home
9917,Boldfit Yoga Mat 601,N/A,208,Fitness
9918,Boldfit Resistance Band 710,4439.13,192,Fitness
9919,Prestige Fan 688,4126.48,10,Home
9920,Realme Smartwatch 120,50560.51,439,Electronics
9921,Realme Monitor 607,-78317.18,23,Electronics
9922,Ambrane Keyboard 588,1538.19,152,Accessories
9923,Bajaj Water Bottle 462,2299.38,475,Home
9924,Prestige Fan 913,,303,Home
9925,Decathlon Skipping Rope 254,381.10,49,Fitness
9926,Portronics Mouse 949,2886.08,46,Accessories
9927,Milton Lamp 957,1304.49,480,Home
9928,Cosco Resistance Band 891,4105.84,440,Fitness
9929,Portronics Keyboard 686,2391.13,360,Accessories
9930,Adidas Dumbbell Set 304,455.55,23,Fitness
9931,Bajaj Fan 113,2177.85,235,Home
9932,Anker Earbuds 368,1814.09,355,Accessories
9933,Anker Earbuds 907,2216.77,347,Accessories
9934,Philips Iron 282,free,92,Home
9935,Lenovo Smartwatch 539,86951.66,499,Electronics
9936,Logitech USB Cable 741,3695.47,327,Accessories
9937,Zebronics Charger 556,1737.23,451,Accessories
9938,Logitech Earbuds 667,1627.32,169,Accessories
9939,Samsung Speaker 385,0,263,Electronics
9940,Havells Water Bottle 694,1296.55,179,Home
9941,Nivia Gym Bag 153,515.79,151,Fitness
9942,Cosco Gym Bag 410,2695.58,400,Fitness
9943,Nivia Dumbbell Set 954,4854.26,415,Fitness
9944,Anker Charger 360,3138.38,234,Accessories
9945,boAt Smartwatch 134,-4256.50,485,Electronics
9946,Philips Kettle 783,3412.96,445,Home
9947,Decathlon Yoga Mat 978,851.90,463,Fitness
9948,Nivia Skipping Rope 134,4836.67,182,Fitness
9949,Nivia Skipping Rope 860,1048.09,324,Fitness
9950,Adidas Yoga Mat 906,3859.83,449,Fitness
9951,Milton Water Bottle 678,3289.90,199,Home
9952,boAt Smartwatch 257,11744.09,423,Electronics
9953,Bajaj Mixer Grinder 987,5022.33,162,Home
9954,Boldfit Resistance Band 592,420.45,191,Fitness
9955,Nivia Dumbbell Set 310,2046.38,195,Fitness
9956,Logitech Earbuds 407,249.02,487,Accessories
9957,Nivia Skipping Rope 296,4767.41,350,Fitness
9958,Zebronics Earbuds 715,714.95,464,Accessories
9959,Samsung Mobile 355,77637.23,0,Electronics
9960,Lenovo Smartwatch 279,46778.42,499,Electronics
9961,Cosco Skipping Rope 923,4843.44,59,Fitness
9962,Samsung Tablet 759,62384.14,394,Electronics
9963,boAt Speaker 725,17220.70,207,Electronics
9964,Cosco Gym Bag 671,4787.21,281,Fitness
9965,Nivia Yoga Mat 184,1963.15,63,Fitness
9966,Samsung Monitor 955,89642.02,439,Electronics
9967,Philips Mixer Grinder 960,4721.60,301,Home
9968,Boldfit Gym Bag 269,1260.67,457,Fitness
9969,Havells Iron 563,1272.50,224,Home
9970,Bajaj Kettle 859,3487.26,75,Home
9971,Lenovo Tablet 128,4400.85,410,Electronics
9972,Realme Laptop 328,6150.92,72,Electronics
9973,Anker Charger 407,3613.11,491,Accessories
9974,Milton Water Bottle 769,2383.20,273,Home
9975,Ambrane Earbuds 381,1478.09,146,Accessories
9976,Prestige Mixer Grinder 691,1790.01,420,Home
9977,Xiaomi Tablet 743,24613.79,276,Electronics
9978,Philips Kettle 466,4768.00,48,Home
9979,Anker Power Bank 104,1880.86,361,Accessories
9980,Realme Tablet 529,35362.29,286,Electronics
9981,Ambrane Power Bank 696,3846.10,171,Accessories
9982,Bajaj Kettle 745,761.13,267,Home
9983,Boldfit Resistance Band 526,3904.67,349,Fitness
9984,Ambrane Earbuds 215,1067.33,331,Accessories
9985,Boldfit Gym Bag 330,4611.43,85,Fitness
9986,Boldfit Skipping Rope 954,1535.63,42,Fitness
9987,Ambrane Power Bank 189,3472.71,135,Accessories
9988,Lenovo Monitor 149,53081.97,496,Electronics
9989,Milton Lamp 288,6329.08,166,Home
9990,Zebronics Keyboard 919,158.46,150,Accessories
9991,Portronics USB Cable 572,246.91,276,Accessories
9992,Adidas Gym Bag 155,913.54,6,Fitness
9993,Decathlon Resistance Band 210,719.67,191,Fitness
9994,Havells Fan 117,3067.96,144,Home
9995,Decathlon Dumbbell Set 988,853.30,459,Fitness
9996,Nivia Gym Bag 302,2553.97,249,Fitness
9997,Boldfit Resistance Band 581,3271.00,155,Fitness
9998,boAt Mobile 733,39253.48,369,Electronics
9999,Samsung Mobile 388,28582.35,32,Electronics
10000,Realme Smartwatch 392,88736.56,217,Electronics
